ibge_code,municipality_name,population_2022,cattle_head_2024,swine_head_2024,poultry_head_2024,snis_rdo_t_year,snis_rpu_t_year,snis_rdo_rpu_t_year
3100104,Abadia dos Dourados,6272.0,51915.0,14177.0,110100.0,,,387.0
3100203,Abaeté,22675.0,99276.0,2995.0,47000.0,,,7898.0
3100302,Abre Campo,13927.0,23244.0,49526.0,57000.0,,,1500.0
3100401,Acaiaca,3909.0,4575.0,7120.0,6800.0,,,516.0
3100500,Açucena,8943.0,41077.0,1810.0,35600.0,,,1493.0
3100609,Água Boa,12589.0,63653.0,3888.0,52400.0,,,2580.0
3100708,Água Comprida,2108.0,7085.0,92.0,63000.0,400.0,180.0,580.0
3100807,Aguanil,4357.0,14414.0,653.0,9000.0,,,300.0
3100906,Águas Formosas,18448.0,45804.0,3971.0,41800.0,,,3800.0
3101003,Águas Vermelhas,14037.0,8320.0,1162.0,17815.0,,,
3101102,Aimorés,25269.0,73494.0,1283.0,20050.0,360.0,430.0,790.0
3101201,Aiuruoca,6233.0,26301.0,1400.0,13500.0,,,786.0
3101300,Alagoa,2749.0,7747.0,401.0,2870.0,,,399.0
3101409,Albertina,2952.0,1733.0,198.0,1625.0,425.0,84.0,509.0
3101508,Além Paraíba,30717.0,31445.0,602.0,8650.0,,,5976.0
3101607,Alfenas,78970.0,27260.0,2518.0,82000.0,20764.0,18000.0,38764.0
3101631,Alfredo Vasconcelos,6931.0,6148.0,300.0,186000.0,,,794.3
3101706,Almenara,40364.0,67746.0,2925.0,41300.0,,,16000.0
3101805,Alpercata,6903.0,14328.0,257.0,5600.0,,,2653.0
3101904,Alpinópolis,18300.0,28699.0,2140.0,292000.0,,,3096.4
3102001,Alterosa,13915.0,21226.0,2797.0,417000.0,,,2175.0
3102050,Alto Caparaó,5795.0,819.0,164.0,2450.0,,,260.0
3102100,Alto Rio Doce,10891.0,21811.0,2572.0,23800.0,,,842.6
3102209,Alvarenga,3975.0,14897.0,247.0,15500.0,,,577.0
3102308,Alvinópolis,15059.0,19772.0,3494.0,24900.0,,,2177.0
3102407,Alvorada de Minas,4159.0,14189.0,711.0,6530.0,324.0,0.0,324.0
3102506,Amparo do Serra,4541.0,7487.0,10048.0,9470.0,,,1200.0
3102605,Andradas,40553.0,17615.0,4015.0,15000.0,,,7856.5
3102704,Cachoeira de Pajeú,9110.0,15214.0,1271.0,23650.0,190.0,150.0,340.0
3102803,Andrelândia,11927.0,29972.0,755.0,8414.0,0.0,1536.0,1536.0
3102852,Angelândia,7718.0,2577.0,1089.0,27000.0,1530.0,292.0,1822.0
3102902,Antônio Carlos,11095.0,19708.0,275.0,850000.0,,,1632.4
3103009,Antônio Dias,9219.0,12534.0,590.0,5900.0,,,
3103108,Antônio Prado de Minas,1538.0,6935.0,178.0,3300.0,,,
3103207,Araçaí,2181.0,6596.0,248.0,222000.0,576.0,12.0,588.0
3103306,Aracitaba,2049.0,5882.0,216.0,3520.0,601.1,0.0,601.1
3103405,Araçuaí,34297.0,38465.0,5616.0,74000.0,,,9300.0
3103504,Araguari,117808.0,150854.0,82860.0,691000.0,43839.0,2384.0,46223.0
3103603,Arantina,2915.0,2981.0,85.0,2150.0,,,700.0
3103702,Araponga,8048.0,5721.0,208.0,1500.0,510.4,2.1,512.5
3103751,Araporã,8479.0,4860.0,330.0,1500.0,,,2752.0
3103801,Arapuá,2631.0,19001.0,969.0,9000.0,,,1000.0
3103900,Araújos,9199.0,25233.0,386.0,26200.0,,,576.0
3104007,Araxá,111691.0,55820.0,1124.0,70500.0,,,27489.6
3104106,Arceburgo,9177.0,13151.0,182.0,296000.0,,,4012.0
3104205,Arcos,41416.0,30974.0,1530.0,40250.0,,,14931.0
3104304,Areado,13881.0,18209.0,1073.0,12650.0,,,
3104403,Argirita,2688.0,11340.0,305.0,5800.0,,,538.0
3104452,Aricanduva,4719.0,6975.0,972.0,32800.0,,,1153.0
3104502,Arinos,17272.0,107813.0,7179.0,80500.0,2600.5,2400.0,5000.5
3104601,Astolfo Dutra,14138.0,11245.0,85.0,97000.0,,,4410.0
3104700,Ataléia,13736.0,114287.0,3025.0,28850.0,,,1201.0
3104809,Augusto de Lima,4538.0,31723.0,439.0,8250.0,,,720.0
3104908,Baependi,18366.0,37554.0,900.0,9300.0,4500.0,500.0,5000.0
3105004,Baldim,7492.0,16977.0,636.0,506000.0,,,661.0
3105103,Bambuí,23546.0,82698.0,17109.0,50500.0,4576.5,11000.0,15576.5
3105202,Bandeira,4741.0,21293.0,1159.0,14600.0,,,1189.6
3105301,Bandeira do Sul,5943.0,2757.0,130.0,2200.0,,,1681.4
3105400,Barão de Cocais,30778.0,3270.0,131.0,5150.0,,,8660.0
3105509,Barão do Monte Alto,4964.0,16236.0,520.0,5260.0,,,
3105608,Barbacena,125317.0,29259.0,11265.0,3127500.0,,,23676.6
3105707,Barra Longa,5666.0,17089.0,515.0,10700.0,,,
3105905,Barroso,20080.0,3843.0,417.0,64400.0,,,5286.0
3106002,Bela Vista de Minas,10167.0,1707.0,0.0,1270.0,,,1498.9
3106101,Belmiro Braga,3244.0,18512.0,579.0,6000.0,,,456.0
3106200,Belo Horizonte,2315560.0,602.0,204.0,4400.0,629989.0,100828.8,730817.8
3106309,Belo Oriente,23928.0,7515.0,737.0,11850.0,,,3368.0
3106408,Belo Vale,8627.0,16027.0,462.0,11000.0,,,955.4
3106507,Berilo,9826.0,9664.0,2422.0,41350.0,,,762.0
3106606,Bertópolis,4451.0,31287.0,941.0,5390.0,,,
3106655,Berizal,4201.0,14937.0,570.0,5325.0,,,805.0
3106705,Betim,411846.0,7989.0,546.0,42500.0,,,96848.8
3106804,Bias Fortes,3361.0,14904.0,586.0,7700.0,,,208.0
3106903,Bicas,13978.0,10170.0,127.0,3700.0,2706.0,12.0,2718.0
3107000,Biquinhas,2383.0,23697.0,2256.0,97740.0,,,140.0
3107109,Boa Esperança,39848.0,23924.0,5959.0,53600.0,,,11787.0
3107208,Bocaina de Minas,5348.0,14090.0,589.0,7000.0,,,1373.0
3107307,Bocaiúva,48032.0,77098.0,5814.0,112000.0,,,7530.6
3107406,Bom Despacho,51737.0,78845.0,43652.0,1425000.0,,,22020.0
3107505,Bom Jardim de Minas,6783.0,8557.0,70.0,2100.0,,,1032.0
3107604,Bom Jesus da Penha,4474.0,7537.0,638.0,65700.0,1300.0,485.0,1785.0
3107703,Bom Jesus do Amparo,5631.0,8998.0,366.0,277000.0,,,220.0
3107802,Bom Jesus do Galho,14536.0,25225.0,1560.0,26500.0,,,1650.0
3107901,Bom Repouso,12649.0,14224.0,525.0,9600.0,,,3250.0
3108008,Bom Sucesso,17151.0,40472.0,444.0,12200.0,,,
3108107,Bonfim,7434.0,13111.0,658.0,13400.0,600.0,180.0,780.0
3108206,Bonfinópolis de Minas,5528.0,45867.0,5054.0,23250.0,1100.0,1540.0,2640.0
3108255,Bonito de Minas,10204.0,15970.0,1053.0,40400.0,955.0,0.0,955.0
3108305,Borda da Mata,17404.0,25762.0,992.0,17215.0,,,2897.5
3108404,Botelhos,14828.0,17382.0,7486.0,12150.0,,,2025.0
3108503,Botumirim,5790.0,10476.0,1756.0,31700.0,,,320.0
3108552,Brasilândia de Minas,15020.0,62147.0,4042.0,295000.0,,,4320.0
3108602,Brasília de Minas,32025.0,40622.0,5484.0,96250.0,,,13500.0
3108701,Brás Pires,4260.0,4538.0,136.0,1680.0,,,500.0
3108800,Braúnas,4441.0,15527.0,850.0,14200.0,,,912.0
3108909,Brazópolis,14246.0,26076.0,473.0,2200.0,,,2411.0
3109006,Brumadinho,38915.0,15299.0,11486.0,13350.0,,,27878.0
3109105,Bueno Brandão,10911.0,26616.0,1084.0,18600.0,,,1224.1
3109204,Buenópolis,9150.0,28414.0,864.0,13100.0,,,3200.0
3109253,Bugre,4041.0,8356.0,49.0,2520.0,20.0,560.0,580.0
3109303,Buritis,24030.0,84313.0,8057.0,104600.0,10368.0,3600.0,13968.0
3109402,Buritizeiro,23910.0,83685.0,17362.0,21600.0,,,
3109451,Cabeceira Grande,6627.0,42216.0,1529.0,15000.0,,,2463.0
3109501,Cabo Verde,11410.0,17259.0,5542.0,35260.0,,,2900.0
3109600,Cachoeira da Prata,3693.0,2531.0,258.0,810.0,,,576.0
3109709,Cachoeira de Minas,11883.0,21415.0,5940.0,22800.0,,,1959.5
3109808,Cachoeira Dourada,2315.0,10880.0,195.0,1100.0,,,756.0
3109907,Caetanópolis,11435.0,4864.0,367.0,180000.0,700.0,150.0,850.0
3110004,Caeté,38776.0,8862.0,1201.0,45600.0,,,7229.0
3110103,Caiana,5304.0,3759.0,387.0,4225.0,,,1900.0
3110202,Cajuri,4088.0,2835.0,1768.0,98000.0,,,830.0
3110301,Caldas,14217.0,43893.0,4904.0,36100.0,,,1948.3
3110400,Camacho,2838.0,8909.0,878.0,9000.0,,,803.0
3110509,Camanducaia,26097.0,16062.0,827.0,12600.0,,,7051.4
3110608,Cambuí,29536.0,17725.0,844.0,17670.0,16070.0,1780.0,17850.0
3110707,Cambuquira,12313.0,9991.0,365.0,67000.0,2020.0,2880.0,4900.0
3110806,Campanário,2923.0,18115.0,334.0,6175.0,2230.0,6.0,2236.0
3110905,Campanha,15935.0,7392.0,472.0,41000.0,2420.6,1000.0,3420.6
3111002,Campestre,20696.0,19536.0,2747.0,40000.0,,,2614.7
3111101,Campina Verde,18011.0,341046.0,6051.0,62000.0,,,3100.0
3111150,Campo Azul,3714.0,12155.0,1477.0,24250.0,,,482.0
3111200,Campo Belo,52277.0,42783.0,1459.0,41000.0,,,11396.0
3111309,Campo do Meio,11377.0,4248.0,1451.0,24700.0,,,3000.0
3111408,Campo Florido,8466.0,52775.0,12210.0,55700.0,1404.6,620.0,2024.6
3111507,Campos Altos,12979.0,20161.0,634.0,7720.0,,,2580.0
3111606,Campos Gerais,26105.0,21583.0,7048.0,81350.0,,,4725.0
3111705,Canaã,4715.0,6473.0,1809.0,863000.0,,,520.0
3111804,Canápolis,10608.0,25100.0,12000.0,9600.0,,,1963.0
3111903,Cana Verde,5272.0,19163.0,266.0,5225.0,,,682.7
3112000,Candeias,14001.0,39854.0,1469.0,19350.0,,,1966.9
3112059,Cantagalo,3974.0,7581.0,239.0,6460.0,,,
3112109,Caparaó,5048.0,1533.0,406.0,5350.0,,,1800.0
3112208,Capela Nova,4362.0,4666.0,655.0,7650.0,,,371.2
3112307,Capelinha,39626.0,16718.0,5418.0,78650.0,,,5475.0
3112406,Capetinga,6562.0,10887.0,294.0,4450.0,,,2005.0
3112505,Capim Branco,10663.0,6147.0,248.0,750.0,,,1553.0
3112604,Capinópolis,14655.0,36500.0,5950.0,9800.0,9178.0,1830.0,11008.0
3112653,Capitão Andrade,4585.0,17608.0,651.0,6950.0,527.0,750.0,1277.0
3112703,Capitão Enéas,14108.0,46100.0,2066.0,73450.0,,,9100.0
3112802,Capitólio,10380.0,19887.0,933.0,57400.0,,,4060.9
3112901,Caputira,8936.0,5768.0,1064.0,12950.0,,,600.0
3113008,Caraí,19548.0,22768.0,2054.0,41500.0,,,2600.0
3113107,Caranaíba,2933.0,7043.0,576.0,5320.0,,,173.0
3113206,Carandaí,23812.0,16026.0,7731.0,522000.0,,,3962.0
3113305,Carangola,31240.0,17400.0,1290.0,8900.0,,,7300.0
3113404,Caratinga,87360.0,42164.0,2265.0,37450.0,,,16819.0
3113503,Carbonita,8512.0,4548.0,923.0,16520.0,,,1400.0
3113602,Careaçu,6816.0,16007.0,732.0,13000.0,,,930.0
3113701,Carlos Chagas,18615.0,225330.0,1761.0,17600.0,6667.0,2073.6,8740.6
3113800,Carmésia,2605.0,5213.0,274.0,3800.0,,,561.0
3113909,Carmo da Cachoeira,11547.0,11870.0,516.0,3300.0,1647.5,400.0,2047.5
3114006,Carmo da Mata,11019.0,26422.0,598.0,101000.0,,,1444.1
3114105,Carmo de Minas,13797.0,20514.0,474.0,4550.0,,,3285.0
3114204,Carmo do Cajuru,23479.0,33360.0,1811.0,778800.0,,,10880.0
3114303,Carmo do Paranaíba,29011.0,132165.0,34058.0,119000.0,,,
3114402,Carmo do Rio Claro,20954.0,38410.0,16368.0,268350.0,,,4388.9
3114501,Carmópolis de Minas,18003.0,30565.0,942.0,30000.0,,,3100.0
3114550,Carneirinho,9422.0,187514.0,1915.0,18450.0,,,2526.9
3114600,Carrancas,4049.0,19559.0,700.0,8350.0,,,1050.0
3114709,Carvalhópolis,3341.0,3691.0,1026.0,7720.0,,,471.0
3114808,Carvalhos,4422.0,15439.0,1000.0,7000.0,400.0,190.0,590.0
3114907,Casa Grande,2214.0,9629.0,339.0,3140.0,,,190.0
3115003,Cascalho Rico,2712.0,29539.0,2989.0,275900.0,,,300.0
3115102,Cássia,17155.0,44236.0,646.0,230000.0,,,3132.0
3115201,Conceição da Barra de Minas,3560.0,13577.0,533.0,5820.0,,,262.1
3115300,Cataguases,66261.0,25837.0,6087.0,9120.0,,,12556.1
3115359,Catas Altas,5473.0,1797.0,161.0,3400.0,,,850.0
3115409,Catas Altas da Noruega,3110.0,2799.0,6991.0,5870.0,,,
3115458,Catuji,7030.0,10749.0,445.0,7175.0,500.0,500.0,1000.0
3115474,Catuti,4739.0,10892.0,981.0,9530.0,,,288.0
3115508,Caxambu,21056.0,5019.0,148.0,1700.0,,,5775.3
3115607,Cedro do Abaeté,1081.0,10264.0,476.0,3500.0,,,700.0
3115706,Central de Minas,6171.0,11475.0,638.0,6400.0,,,
3115805,Centralina,10207.0,19900.0,4580.0,4520.0,,,9500.0
3115904,Chácara,3075.0,8288.0,199.0,4500.0,,,740.0
3116001,Chalé,6075.0,11183.0,925.0,16200.0,,,1461.8
3116100,Chapada do Norte,10337.0,7795.0,2693.0,53650.0,1730.0,0.0,1730.0
3116159,Chapada Gaúcha,12355.0,24950.0,2155.0,54300.0,3050.0,1190.0,4240.0
3116209,Chiador,2800.0,13186.0,99.0,915.0,,,573.0
3116308,Cipotânea,5581.0,5838.0,621.0,7450.0,,,900.0
3116407,Claraval,4658.0,9024.0,1155.0,17600.0,,,1750.0
3116506,Claro dos Poções,7166.0,24700.0,1198.0,33400.0,3840.0,100.0,3940.0
3116605,Cláudio,30159.0,43699.0,36512.0,550000.0,6390.8,0.0,6390.8
3116704,Coimbra,7117.0,6293.0,28275.0,753200.0,,,2244.0
3116803,Coluna,8163.0,17256.0,1366.0,16860.0,,,540.0
3116902,Comendador Gomes,2773.0,70901.0,973.0,251300.0,,,288.0
3117009,Comercinho,6660.0,15878.0,2172.0,32780.0,,,860.0
3117108,Conceição da Aparecida,10371.0,15298.0,1435.0,58550.0,,,1530.0
3117207,Conceição das Pedras,2772.0,5730.0,294.0,2020.0,,,700.0
3117306,Conceição das Alagoas,28381.0,36562.0,1672.0,54500.0,,,5253.5
3117405,Conceição de Ipanema,4409.0,17885.0,1420.0,19000.0,,,314.0
3117504,Conceição do Mato Dentro,23163.0,31619.0,1873.0,42570.0,,,4806.0
3117603,Conceição do Pará,5415.0,14845.0,40014.0,1307500.0,,,755.0
3117702,Conceição do Rio Verde,12541.0,18099.0,165.0,1980.0,,,2300.0
3117801,Conceição dos Ouros,10880.0,11739.0,720.0,9300.0,,,1838.0
3117836,Cônego Marinho,7237.0,9591.0,1863.0,30615.0,308.0,96.0,404.0
3117876,Confins,7350.0,776.0,0.0,380.0,1524.3,157.6,1681.9
3117900,Congonhal,11083.0,15468.0,878.0,12650.0,2297.0,184.0,2481.0
3118007,Congonhas,52890.0,3252.0,786.0,3620.0,,,12099.9
3118106,Congonhas do Norte,4831.0,5783.0,281.0,7225.0,,,
3118205,Conquista,6694.0,20129.0,538.0,94000.0,,,1334.6
3118304,Conselheiro Lafaiete,131621.0,14710.0,9700.0,6960.0,,,28875.9
3118403,Conselheiro Pena,20824.0,62192.0,1392.0,27630.0,7060.0,0.0,7060.0
3118502,Consolação,1563.0,7888.0,196.0,5270.0,,,185.0
3118601,Contagem,621863.0,1295.0,293.0,2500.0,,,183565.3
3118700,Coqueiral,9023.0,10061.0,1255.0,25450.0,,,1492.1
3118809,Coração de Jesus,25377.0,60233.0,6905.0,109500.0,,,1500.0
3118908,Cordisburgo,7547.0,28378.0,1118.0,407000.0,,,757.0
3119005,Cordislândia,3200.0,8585.0,258.0,4780.0,,,939.0
3119104,Corinto,23532.0,55716.0,10874.0,26615.0,,,4746.8
3119203,Coroaci,10884.0,15971.0,441.0,9235.0,,,1801.7
3119302,Coromandel,28894.0,112188.0,120468.0,77850.0,5000.0,1000.0,6000.0
3119401,Coronel Fabriciano,104736.0,1014.0,53.0,3095.0,21062.6,0.0,21062.6
3119500,Coronel Murta,8200.0,16697.0,2241.0,28450.0,1008.4,198.0,1206.4
3119609,Coronel Pacheco,2762.0,9522.0,180.0,6360.0,,,850.0
3119708,Coronel Xavier Chaves,3486.0,6445.0,819.0,335000.0,977.6,52.0,1029.6
3119807,Córrego Danta,2960.0,28381.0,3382.0,22750.0,,,275.0
3119906,Córrego do Bom Jesus,4272.0,7055.0,193.0,1925.0,673.0,0.0,673.0
3119955,Córrego Fundo,6133.0,6091.0,628.0,13700.0,,,856.0
3120003,Córrego Novo,2875.0,10261.0,335.0,6025.0,435.0,542.0,977.0
3120102,Couto de Magalhães de Minas,4245.0,2076.0,157.0,7500.0,1840.0,64.0,1904.0
3120151,Crisólita,5265.0,56108.0,1056.0,12300.0,,,897.0
3120201,Cristais,12197.0,27508.0,2805.0,23375.0,2016.0,100.0,2116.0
3120300,Cristália,5121.0,5553.0,1031.0,26600.0,,,1450.0
3120409,Cristiano Otoni,4667.0,9484.0,704.0,9000.0,,,2324.0
3120508,Cristina,10374.0,23858.0,818.0,11050.0,,,154.0
3120607,Crucilândia,5434.0,10200.0,1111.0,22200.0,,,600.0
3120706,Cruzeiro da Fortaleza,3521.0,24869.0,571.0,5425.0,,,
3120805,Cruzília,15362.0,21805.0,971.0,9360.0,2294.4,0.0,2294.4
3120839,Cuparaque,3983.0,15736.0,436.0,7610.0,,,212.0
3120870,Curral de Dentro,7406.0,8591.0,909.0,9850.0,,,335.0
3120904,Curvelo,80665.0,94375.0,32706.0,147200.0,,,17672.9
3121001,Datas,5465.0,1894.0,186.0,3500.0,0.0,630.0,630.0
3121100,Delfim Moreira,7952.0,14113.0,672.0,7500.0,,,979.0
3121209,Delfinópolis,8393.0,37697.0,1312.0,13500.0,,,864.0
3121258,Delta,10494.0,3419.0,332.0,96000.0,,,1850.0
3121308,Descoberto,4928.0,11867.0,151.0,22550.0,,,1116.0
3121407,Desterro de Entre Rios,7653.0,15063.0,1630.0,24000.0,,,692.0
3121506,Desterro do Melo,2994.0,7772.0,806.0,50800.0,,,280.0
3121605,Diamantina,47702.0,14750.0,970.0,26000.0,,,17670.0
3121704,Diogo de Vasconcelos,3549.0,5374.0,654.0,15350.0,,,261.3
3121803,Dionísio,6847.0,11946.0,407.0,11700.0,,,890.0
3121902,Divinésia,4226.0,5194.0,204.0,55700.0,500.0,260.0,760.0
3122009,Divino,20706.0,13773.0,1802.0,20715.0,,,3757.0
3122108,Divino das Laranjeiras,4178.0,18444.0,426.0,6360.0,215.0,50.0,265.0
3122207,Divinolândia de Minas,6516.0,4469.0,299.0,5000.0,,,720.0
3122306,Divinópolis,231091.0,48364.0,2513.0,1492000.0,,,49614.0
3122355,Divisa Alegre,6321.0,578.0,91.0,3840.0,,,1189.0
3122405,Divisa Nova,5851.0,12625.0,806.0,10900.0,,,760.0
3122454,Divisópolis,10213.0,12548.0,784.0,9530.0,,,3842.0
3122470,Dom Bosco,3697.0,37595.0,1723.0,13900.0,,,1200.0
3122504,Dom Cavati,4904.0,3563.0,262.0,4050.0,,,553.0
3122603,Dom Joaquim,4899.0,14406.0,710.0,8860.0,,,408.0
3122702,Dom Silvério,5228.0,8914.0,359.0,7400.0,,,2845.0
3122801,Dom Viçoso,3095.0,5695.0,250.0,2325.0,,,620.0
3122900,Dona Euzébia,6093.0,3768.0,72.0,17000.0,1600.0,3000.0,4600.0
3123007,Dores de Campos,10007.0,2952.0,350.0,104000.0,953.3,502.2,1455.5
3123106,Dores de Guanhães,5029.0,17592.0,650.0,10620.0,,,285.0
3123205,Dores do Indaiá,12630.0,72765.0,1748.0,18200.0,,,3453.9
3123304,Dores do Turvo,4987.0,11074.0,1232.0,2530.0,1800.0,150.0,1950.0
3123403,Doresópolis,1461.0,10384.0,716.0,71350.0,,,576.0
3123502,Douradoquara,1829.0,21360.0,1097.0,8050.0,,,512.4
3123528,Durandé,7817.0,5587.0,42.0,4500.0,,,360.0
3123601,Elói Mendes,26336.0,31956.0,1087.0,93200.0,,,6409.4
3123700,Engenheiro Caldas,13622.0,14385.0,439.0,3810.0,,,1410.0
3123809,Engenheiro Navarro,6354.0,24485.0,1264.0,19950.0,,,890.0
3123858,Entre Folhas,5179.0,4257.0,537.0,7730.0,,,220.0
3123908,Entre Rios de Minas,14746.0,24086.0,836.0,17400.0,,,3960.0
3124005,Ervália,20255.0,10743.0,6069.0,570000.0,,,3650.0
3124104,Esmeraldas,85598.0,40282.0,22999.0,316600.0,,,13273.0
3124203,Espera Feliz,24102.0,6865.0,1268.0,20225.0,,,6630.0
3124302,Espinosa,30443.0,35617.0,7000.0,76750.0,,,
3124401,Espírito Santo do Dourado,6611.0,14948.0,1028.0,18750.0,,,768.0
3124500,Estiva,11502.0,19882.0,1778.0,12800.0,,,2057.3
3124609,Estrela Dalva,2186.0,10418.0,174.0,1800.0,653.6,0.0,653.6
3124708,Estrela do Indaiá,2772.0,43025.0,1235.0,26550.0,1350.0,200.0,1550.0
3124807,Estrela do Sul,6840.0,53381.0,968.0,16000.0,860.0,480.0,1340.0
3124906,Eugenópolis,10801.0,20889.0,416.0,14706.0,,,2570.0
3125002,Ewbank da Câmara,3875.0,4260.0,80.0,2225.0,,,590.0
3125101,Extrema,53482.0,9421.0,663.0,8770.0,,,16192.2
3125200,Fama,2578.0,2296.0,392.0,3770.0,,,466.0
3125309,Faria Lemos,3188.0,10795.0,10071.0,2675.0,,,408.0
3125408,Felício dos Santos,5133.0,5313.0,1006.0,29900.0,422.0,94.0,516.0
3125507,São Gonçalo do Rio Preto,3032.0,2613.0,337.0,8500.0,,,1436.0
3125606,Felisburgo,6489.0,21011.0,974.0,11900.0,,,
3125705,Felixlândia,13978.0,41911.0,1867.0,32000.0,,,4650.0
3125804,Fernandes Tourinho,2789.0,12670.0,174.0,3180.0,,,420.0
3125903,Ferros,9590.0,35942.0,1552.0,26900.0,,,756.0
3125952,Fervedouro,10445.0,13533.0,1329.0,10750.0,,,2950.0
3126000,Florestal,8045.0,12708.0,23334.0,414000.0,,,2256.0
3126109,Formiga,68248.0,71234.0,46179.0,1596000.0,,,13950.0
3126208,Formoso,7949.0,32312.0,2484.0,35280.0,2294.1,440.7,2734.8
3126307,Fortaleza de Minas,3477.0,11515.0,590.0,56300.0,,,1047.0
3126406,Fortuna de Minas,3093.0,11347.0,7442.0,200000.0,,,200.0
3126505,Francisco Badaró,7366.0,12407.0,2475.0,35060.0,,,2230.0
3126604,Francisco Dumont,4503.0,22942.0,860.0,13000.0,520.0,345.0,865.0
3126703,Francisco Sá,23476.0,95912.0,5195.0,69000.0,,,18170.0
3126752,Franciscópolis,5034.0,38288.0,1657.0,24900.0,,,657.0
3126802,Frei Gaspar,5640.0,32590.0,605.0,9370.0,,,835.0
3126901,Frei Inocêncio,8226.0,32518.0,448.0,11100.0,2520.0,2000.0,4520.0
3126950,Frei Lagonegro,3391.0,7022.0,938.0,13300.0,,,310.3
3127008,Fronteira,14540.0,8074.0,752.0,13420.0,,,8500.0
3127057,Fronteira dos Vales,4345.0,18571.0,575.0,9000.0,,,
3127073,Fruta de Leite,4647.0,4526.0,1266.0,19400.0,,,72.0
3127107,Frutal,58588.0,172881.0,3772.0,54400.0,,,34916.5
3127206,Funilândia,4686.0,9020.0,255.0,416150.0,,,245.2
3127305,Galiléia,6222.0,38574.0,779.0,12400.0,,,1008.0
3127339,Gameleiras,4793.0,28939.0,2535.0,21900.0,,,288.0
3127354,Glaucilândia,2928.0,8749.0,1607.0,21000.0,,,233.0
3127370,Goiabeira,2830.0,7276.0,225.0,5060.0,,,1000.0
3127388,Goianá,4053.0,10784.0,191.0,4340.0,,,750.0
3127404,Gonçalves,4727.0,9602.0,477.0,9370.0,,,1250.0
3127503,Gonzaga,5230.0,11760.0,608.0,6360.0,,,800.0
3127602,Gouveia,11331.0,10169.0,500.0,13830.0,0.0,3400.0,3400.0
3127701,Governador Valadares,257171.0,134931.0,2757.0,40700.0,,,66044.0
3127800,Grão Mogol,13901.0,18924.0,3392.0,62600.0,,,1494.0
3127909,Grupiara,1392.0,10881.0,169.0,210.0,,,208.0
3128006,Guanhães,32244.0,45013.0,1940.0,35350.0,,,30005.0
3128105,Guapé,13772.0,31746.0,3099.0,46050.0,,,2854.0
3128204,Guaraciaba,9753.0,10750.0,6460.0,241000.0,,,300.0
3128253,Guaraciama,5051.0,6815.0,1270.0,22560.0,393.0,100.0,493.0
3128303,Guaranésia,19150.0,17012.0,893.0,30630.0,4600.0,0.0,4600.0
3128402,Guarani,7714.0,18685.0,567.0,126600.0,,,1920.0
3128501,Guarará,3149.0,5869.0,1680.0,3050.0,,,648.0
3128600,Guarda-Mor,6539.0,64599.0,4032.0,32320.0,677.0,110.0,787.0
3128709,Guaxupé,50911.0,8279.0,785.0,62600.0,,,11747.3
3128808,Guidoval,7131.0,9875.0,72.0,33350.0,,,1332.0
3128907,Guimarânia,8478.0,26057.0,9728.0,13000.0,1217.0,166.3,1383.3
3129004,Guiricema,7778.0,24319.0,3490.0,236500.0,,,720.0
3129103,Gurinhatã,5192.0,192000.0,3425.0,26750.0,,,613.8
3129202,Heliodora,6134.0,9901.0,354.0,7500.0,,,1260.0
3129301,Iapu,12030.0,19998.0,408.0,11550.0,,,1576.0
3129400,Ibertioga,5198.0,18204.0,288.0,3900.0,,,503.0
3129509,Ibiá,22229.0,92331.0,2640.0,67300.0,4500.0,550.0,5050.0
3129608,Ibiaí,6286.0,24666.0,1255.0,14320.0,,,4836.0
3129657,Ibiracatu,5081.0,5803.0,1723.0,19575.0,,,612.5
3129707,Ibiraci,10948.0,16008.0,1179.0,21800.0,,,2160.0
3129806,Ibirité,170537.0,610.0,68.0,1130.0,38820.2,5706.0,44526.2
3129905,Ibitiúra de Minas,3365.0,2870.0,104.0,3525.0,586.0,0.0,586.0
3130002,Ibituruna,2698.0,11771.0,97.0,1300.0,,,359.3
3130051,Icaraí de Minas,10677.0,37048.0,3269.0,55160.0,,,1500.0
3130101,Igarapé,45847.0,3273.0,400.0,32900.0,10091.3,14480.0,24571.3
3130200,Igaratinga,10830.0,22918.0,26086.0,2147500.0,,,2101.0
3130309,Iguatama,6826.0,25950.0,925.0,17700.0,,,2280.0
3130408,Ijaci,7003.0,6156.0,1877.0,3125.0,,,1101.8
3130507,Ilicínea,12741.0,14293.0,1751.0,37900.0,,,2000.0
3130556,Imbé de Minas,6986.0,5114.0,1074.0,18500.0,,,
3130606,Inconfidentes,7301.0,10714.0,1219.0,15000.0,,,1500.0
3130655,Indaiabira,6346.0,10100.0,1820.0,39200.0,,,961.3
3130705,Indianópolis,6171.0,11778.0,5543.0,721000.0,,,710.0
3130804,Ingaí,2580.0,15214.0,630.0,8000.0,,,250.1
3130903,Inhapim,22692.0,41867.0,3314.0,48450.0,,,2603.0
3131000,Inhaúma,6239.0,17074.0,413.0,63000.0,1553.0,0.0,1553.0
3131109,Inimutaba,7371.0,19210.0,14398.0,14400.0,,,5700.0
3131158,Ipaba,17136.0,2525.0,222.0,17975.0,2780.0,207.0,2987.0
3131208,Ipanema,19522.0,29586.0,2130.0,28310.0,6229.5,1126.0,7355.5
3131307,Ipatinga,227731.0,2247.0,176.0,30500.0,,,162546.0
3131406,Ipiaçu,3775.0,30500.0,450.0,4500.0,,,1209.3
3131505,Ipuiúna,9135.0,16390.0,649.0,49000.0,,,
3131604,Iraí de Minas,7180.0,24999.0,1196.0,69200.0,,,403.0
3131703,Itabira,113343.0,33558.0,926.0,42500.0,,,45145.3
3131802,Itabirinha,10362.0,12032.0,956.0,8250.0,,,431.6
3131901,Itabirito,53365.0,4840.0,716.0,10400.0,,,15369.8
3132008,Itacambira,4252.0,14767.0,803.0,29100.0,,,188.2
3132107,Itacarambi,17208.0,24954.0,1290.0,16400.0,,,
3132206,Itaguara,13846.0,33047.0,6425.0,75800.0,,,2479.1
3132305,Itaipé,10463.0,14579.0,1225.0,27700.0,1300.0,1300.0,2600.0
3132404,Itajubá,93073.0,17857.0,888.0,60450.0,,,19678.2
3132503,Itamarandiba,32948.0,30370.0,2687.0,67230.0,,,10488.0
3132602,Itamarati de Minas,3690.0,10504.0,74.0,6500.0,,,960.0
3132701,Itambacuri,21042.0,84796.0,1764.0,35900.0,,,5963.0
3132800,Itambé do Mato Dentro,2142.0,9637.0,378.0,7150.0,,,150.0
3132909,Itamogi,10770.0,3518.0,239.0,219500.0,,,3700.0
3133006,Itamonte,14786.0,14356.0,2655.0,87000.0,,,3360.0
3133105,Itanhandu,15236.0,11337.0,1129.0,3126890.0,,,2691.1
3133204,Itanhomi,11128.0,28852.0,1271.0,13070.0,648.0,1296.0,1944.0
3133303,Itaobim,19151.0,11486.0,2329.0,22350.0,,,4760.0
3133402,Itapagipe,13690.0,159468.0,3848.0,318500.0,,,1377.6
3133501,Itapecerica,21046.0,52498.0,7702.0,1283500.0,,,5300.0
3133600,Itapeva,12692.0,11828.0,289.0,3365.0,,,
3133709,Itatiaiuçu,12966.0,6982.0,121.0,3370.0,,,2822.1
3133758,Itaú de Minas,14406.0,5225.0,2446.0,399000.0,1675.0,75.0,1750.0
3133808,Itaúna,97669.0,35366.0,24552.0,400700.0,21545.2,399.5,21944.7
3133907,Itaverava,5642.0,7565.0,157.0,7150.0,,,480.0
3134004,Itinga,13745.0,30268.0,3032.0,27700.0,,,1261.0
3134103,Itueta,6055.0,18814.0,402.0,20300.0,,,730.0
3134202,Ituiutaba,102217.0,186000.0,98250.0,43200.0,,,77981.9
3134301,Itumirim,6638.0,13054.0,1158.0,7730.0,,,700.0
3134400,Iturama,38295.0,102165.0,1772.0,11550.0,,,11304.4
3134509,Itutinga,4217.0,14846.0,478.0,7430.0,513.3,0.0,513.3
3134608,Jaboticatubas,20406.0,16266.0,1826.0,329000.0,,,3871.6
3134707,Jacinto,11042.0,62434.0,2159.0,15400.0,,,
3134806,Jacuí,7495.0,19403.0,2439.0,397500.0,610.0,420.0,1030.0
3134905,Jacutinga,25525.0,17644.0,1086.0,116000.0,6687.2,1944.8,8632.0
3135001,Jaguaraçu,3092.0,4402.0,40.0,980.0,,,410.4
3135050,Jaíba,37660.0,63284.0,5880.0,80750.0,,,15560.0
3135076,Jampruca,4296.0,27332.0,1012.0,19700.0,,,481.0
3135100,Janaúba,70699.0,79196.0,6870.0,49000.0,,,18364.0
3135209,Januária,65150.0,87526.0,7740.0,128500.0,12500.0,560.0,13060.0
3135308,Japaraíba,4506.0,12734.0,1244.0,8530.0,,,3456.1
3135357,Japonvar,8127.0,10089.0,2732.0,45150.0,,,370.0
3135407,Jeceaba,6197.0,7044.0,586.0,13260.0,674.2,56.5,730.7
3135456,Jenipapo de Minas,6100.0,7306.0,1976.0,21900.0,,,224.5
3135506,Jequeri,12419.0,26007.0,212512.0,58100.0,,,1448.0
3135605,Jequitaí,6484.0,50339.0,1121.0,17300.0,1545.0,469.0,2014.0
3135704,Jequitibá,5883.0,14077.0,418.0,1356000.0,,,834.0
3135803,Jequitinhonha,24007.0,60529.0,3971.0,51500.0,,,4310.0
3135902,Jesuânia,5138.0,11992.0,228.0,5740.0,690.0,10.0,700.0
3136009,Joaíma,13888.0,62688.0,1604.0,15550.0,,,1982.0
3136108,Joanésia,4329.0,12379.0,548.0,13350.0,669.0,0.8,669.8
3136207,João Monlevade,80187.0,1646.0,123.0,960.0,15040.8,99.5,15140.3
3136306,João Pinheiro,46801.0,226768.0,14570.0,124000.0,,,14000.0
3136405,Joaquim Felício,3854.0,15796.0,421.0,9100.0,,,501.0
3136504,Jordânia,10304.0,28427.0,1279.0,15000.0,,,
3136520,José Gonçalves de Minas,3969.0,3562.0,738.0,18900.0,,,565.0
3136553,José Raydan,4268.0,10213.0,1269.0,8600.0,,,800.0
3136579,Josenópolis,3630.0,2864.0,897.0,14100.0,,,300.0
3136603,Nova União,5909.0,5501.0,135.0,3850.0,,,818.0
3136652,Juatuba,30716.0,2493.0,24.0,165500.0,,,7280.0
3136702,Juiz de Fora,540756.0,52363.0,47472.0,137700.0,,,188565.4
3136801,Juramento,3768.0,15196.0,751.0,13400.0,,,448.7
3136900,Juruaia,11084.0,9899.0,2340.0,650000.0,2104.2,520.0,2624.2
3136959,Juvenília,5789.0,33816.0,1692.0,17720.0,,,
3137007,Ladainha,14383.0,22316.0,3515.0,84000.0,,,
3137106,Lagamar,6631.0,66555.0,6363.0,38800.0,531.0,65.6,596.6
3137205,Lagoa da Prata,51412.0,22534.0,703.0,15150.0,11538.6,2518.9,14057.5
3137304,Lagoa dos Patos,3313.0,20136.0,2007.0,20450.0,480.0,650.0,1130.0
3137403,Lagoa Dourada,12769.0,20174.0,31979.0,158400.0,,,1487.9
3137502,Lagoa Formosa,18904.0,107267.0,6936.0,41400.0,,,7400.0
3137536,Lagoa Grande,8969.0,66736.0,3870.0,37710.0,,,1460.0
3137601,Lagoa Santa,75145.0,5203.0,150.0,5100.0,,,29590.2
3137700,Lajinha,20835.0,11376.0,1361.0,30000.0,,,3000.0
3137809,Lambari,20414.0,8071.0,376.0,13000.0,,,4284.0
3137908,Lamim,3184.0,3791.0,432.0,7260.0,,,300.0
3138005,Laranjal,5963.0,15768.0,4900.0,9420.0,,,1440.0
3138104,Lassance,7124.0,40075.0,2256.0,18500.0,,,2000.0
3138203,Lavras,104761.0,25864.0,2709.0,527900.0,,,21754.0
3138302,Leandro Ferreira,3199.0,21458.0,500.0,10040.0,,,415.0
3138351,Leme do Prado,4341.0,1940.0,693.0,11050.0,,,454.0
3138401,Leopoldina,51145.0,67450.0,4300.0,110350.0,,,9539.1
3138500,Liberdade,4737.0,17336.0,502.0,2600.0,0.0,3000.0,3000.0
3138609,Lima Duarte,17221.0,31927.0,7596.0,14000.0,2685.4,1300.0,3985.4
3138625,Limeira do Oeste,8687.0,86006.0,1682.0,11700.0,1800.0,30.0,1830.0
3138658,Lontra,8790.0,8149.0,1651.0,22900.0,,,960.0
3138674,Luisburgo,6956.0,1576.0,1266.0,18100.0,,,535.0
3138682,Luislândia,6210.0,13504.0,1229.0,21750.0,,,613.0
3138708,Luminárias,5586.0,12885.0,379.0,5380.0,642.0,2.0,644.0
3138807,Luz,17875.0,75053.0,9946.0,48000.0,,,4320.0
3138906,Machacalis,6487.0,34030.0,612.0,10000.0,2500.0,2500.0,5000.0
3139003,Machado,37684.0,23707.0,28445.0,365380.0,,,7504.0
3139102,Madre de Deus de Minas,5191.0,14642.0,315.0,2450.0,599.8,13.0,612.8
3139201,Malacacheta,17516.0,32244.0,4130.0,46900.0,,,2628.0
3139250,Mamonas,5997.0,9191.0,2427.0,25875.0,,,
3139300,Manga,18886.0,48600.0,3630.0,43050.0,,,15728.0
3139409,Manhuaçu,91886.0,6474.0,2614.0,24000.0,45354.0,0.0,45354.0
3139508,Manhumirim,20613.0,1832.0,351.0,6850.0,,,5290.2
3139607,Mantena,26535.0,33307.0,2572.0,17200.0,,,7300.0
3139706,Maravilhas,7333.0,19139.0,2977.0,118000.0,582.0,295.0,877.0
3139805,Mar de Espanha,12721.0,22750.0,285.0,8430.0,1200.0,144.0,1344.0
3139904,Maria da Fé,14247.0,12599.0,396.0,5800.0,,,2170.0
3140001,Mariana,61387.0,15870.0,1795.0,19000.0,,,28564.0
3140100,Marilac,4224.0,11514.0,340.0,5380.0,,,
3140159,Mário Campos,15900.0,281.0,48.0,21000.0,,,3436.2
3140209,Maripá de Minas,3387.0,6100.0,1125.0,5500.0,,,750.0
3140308,Marliéria,4592.0,8320.0,102.0,4900.0,,,688.0
3140407,Marmelópolis,3200.0,4355.0,560.0,1550.0,,,309.7
3140506,Martinho Campos,14003.0,60827.0,95931.0,927600.0,,,2800.0
3140530,Martins Soares,8396.0,1252.0,243.0,7150.0,,,1600.0
3140555,Mata Verde,9112.0,11043.0,291.0,2400.0,1056.0,4800.0,5856.0
3140605,Materlândia,3963.0,15048.0,1260.0,16200.0,550.0,63.0,613.0
3140704,Mateus Leme,37841.0,13694.0,557.0,175000.0,,,949.0
3140803,Matias Barbosa,14121.0,7381.0,116.0,1950.0,,,3631.0
3140852,Matias Cardoso,8895.0,59605.0,2537.0,22400.0,,,2280.0
3140902,Matipó,18552.0,10896.0,13415.0,20500.0,,,
3141009,Mato Verde,12038.0,19311.0,2637.0,20900.0,,,4197.5
3141108,Matozinhos,37618.0,12150.0,140.0,1200.0,,,7169.0
3141207,Matutina,3814.0,25252.0,1233.0,14400.0,,,435.0
3141306,Medeiros,3900.0,41624.0,3725.0,19750.0,,,625.0
3141405,Medina,20156.0,33168.0,3023.0,38650.0,,,6935.0
3141504,Mendes Pimentel,5606.0,22056.0,728.0,14650.0,,,198.0
3141603,Mercês,10373.0,18136.0,3399.0,20500.0,,,1185.0
3141702,Mesquita,5040.0,12247.0,851.0,11420.0,,,540.0
3141801,Minas Novas,24405.0,9252.0,7368.0,108900.0,,,3120.0
3141900,Minduri,3741.0,5725.0,350.0,1500.0,,,3570.0
3142007,Mirabela,13651.0,16875.0,2528.0,28900.0,,,2376.0
3142106,Miradouro,8968.0,30986.0,6739.0,31140.0,,,
3142205,Miraí,13633.0,23779.0,270.0,128000.0,,,
3142254,Miravânia,3985.0,10815.0,1248.0,23315.0,,,650.0
3142304,Moeda,5125.0,5264.0,36.0,5650.0,,,1240.0
3142403,Moema,7548.0,16284.0,2083.0,138600.0,,,288.0
3142502,Monjolos,2169.0,15223.0,307.0,5625.0,,,180.0
3142601,Monsenhor Paulo,8340.0,12952.0,507.0,11065.0,,,2699.0
3142700,Montalvânia,14060.0,42512.0,4762.0,55500.0,,,2439.6
3142809,Monte Alegre de Minas,20170.0,140786.0,121521.0,3102500.0,11069.0,4348.0,15417.0
3142908,Monte Azul,20328.0,33757.0,7006.0,55500.0,,,
3143005,Monte Belo,13046.0,21611.0,13250.0,27000.0,,,2400.0
3143104,Monte Carmelo,47692.0,52419.0,20839.0,137500.0,,,21356.0
3143153,Monte Formoso,4381.0,9185.0,548.0,11400.0,442.5,35.8,478.3
3143203,Monte Santo de Minas,20890.0,23713.0,15681.0,855500.0,,,4678.2
3143302,Montes Claros,414240.0,103677.0,14113.0,2721500.0,81216.9,0.0,81216.9
3143401,Monte Sião,24089.0,24628.0,4804.0,15900.0,,,6400.0
3143450,Montezuma,6888.0,6239.0,2429.0,31250.0,,,457.0
3143500,Morada Nova de Minas,9067.0,48593.0,19198.0,18450.0,,,3650.0
3143609,Morro da Garça,2411.0,23682.0,348.0,5850.0,,,241.0
3143708,Morro do Pilar,3133.0,10495.0,585.0,5950.0,,,1440.0
3143807,Munhoz,7451.0,7804.0,134.0,3000.0,,,2100.0
3143906,Muriaé,104108.0,58211.0,8632.0,30500.0,,,23600.1
3144003,Mutum,27635.0,69227.0,3867.0,66000.0,,,9840.5
3144102,Muzambinho,21891.0,16566.0,1043.0,67400.0,,,6005.0
3144201,Nacip Raydan,2459.0,11325.0,243.0,4980.0,,,576.7
3144300,Nanuque,35038.0,123878.0,1427.0,10700.0,14400.0,6000.0,20400.0
3144359,Naque,6303.0,5793.0,253.0,3425.0,,,1041.2
3144375,Natalândia,3520.0,18061.0,896.0,8650.0,,,640.0
3144409,Natércia,4691.0,15478.0,4276.0,15000.0,,,708.1
3144508,Nazareno,8179.0,18251.0,904.0,9230.0,1308.3,300.0,1608.3
3144607,Nepomuceno,25018.0,22793.0,1328.0,2094000.0,,,4609.0
3144656,Ninheira,10588.0,9487.0,1572.0,25775.0,,,1680.0
3144672,Nova Belém,3151.0,3732.0,602.0,6300.0,,,318.0
3144706,Nova Era,17438.0,9592.0,2203.0,3140.0,,,2542.0
3144805,Nova Lima,111697.0,1186.0,48.0,2000.0,,,49603.0
3144904,Nova Módica,3663.0,26468.0,602.0,6600.0,772.0,156.0,928.0
3145000,Nova Ponte,14598.0,34430.0,15721.0,565350.0,,,3045.0
3145059,Nova Porteirinha,6706.0,3113.0,2989.0,12250.0,,,3001.2
3145109,Nova Resende,16387.0,8885.0,1424.0,31950.0,,,2800.0
3145208,Nova Serrana,105552.0,15066.0,349.0,797000.0,,,23000.0
3145307,Novo Cruzeiro,26975.0,28601.0,5672.0,85800.0,,,1500.0
3145356,Novo Oriente de Minas,10275.0,30996.0,904.0,15720.0,243.8,16.2,260.0
3145372,Novorizonte,4571.0,2645.0,889.0,9350.0,,,901.0
3145406,Olaria,1945.0,8681.0,154.0,4740.0,,,230.0
3145455,Olhos-d'Água,5385.0,11877.0,1256.0,37000.0,,,500.0
3145505,Olímpio Noronha,2555.0,2954.0,131.0,1625.0,,,420.0
3145604,Oliveira,39262.0,40987.0,81561.0,35300.0,,,6000.0
3145703,Oliveira Fortes,2027.0,6642.0,230.0,7875.0,46.0,79.0,125.0
3145802,Onça de Pitangui,2969.0,13946.0,25899.0,598100.0,,,530.0
3145851,Oratórios,4917.0,4321.0,36439.0,5100.0,,,543.0
3145877,Orizânia,8437.0,1547.0,1006.0,6950.0,,,900.0
3145901,Ouro Branco,38724.0,3262.0,352.0,4500.0,,,9340.5
3146008,Ouro Fino,32094.0,31356.0,2742.0,85000.0,,,5000.0
3146107,Ouro Preto,74821.0,8685.0,926.0,16600.0,,,14864.7
3146206,Ouro Verde de Minas,5757.0,13293.0,380.0,10950.0,,,1285.0
3146255,Padre Carvalho,5058.0,2192.0,602.0,11600.0,1000.0,1000.0,2000.0
3146305,Padre Paraíso,17334.0,7854.0,604.0,13150.0,4015.0,365.0,4380.0
3146404,Paineiras,4224.0,35980.0,2648.0,18500.0,180.0,200.0,380.0
3146503,Pains,8142.0,33672.0,2023.0,42150.0,,,2740.0
3146552,Pai Pedro,5551.0,25232.0,2802.0,28300.0,,,616.3
3146602,Paiva,1474.0,4424.0,99.0,4740.0,,,357.0
3146701,Palma,5707.0,24510.0,185.0,8100.0,,,1038.0
3146750,Palmópolis,6301.0,23021.0,492.0,2780.0,,,
3146909,Papagaios,13920.0,29040.0,30403.0,446220.0,,,5600.0
3147006,Paracatu,94023.0,206319.0,14540.0,110620.0,,,25882.1
3147105,Pará de Minas,97139.0,42062.0,225471.0,7817000.0,,,23509.0
3147204,Paraguaçu,21723.0,12561.0,2903.0,30100.0,,,3224.0
3147303,Paraisópolis,20445.0,25337.0,1508.0,18550.0,3643.1,182.0,3825.1
3147402,Paraopeba,24107.0,31625.0,10148.0,441750.0,5760.0,840.0,6600.0
3147501,Passabém,1600.0,4107.0,96.0,2530.0,,,
3147600,Passa Quatro,15515.0,16197.0,771.0,2459000.0,2050.0,1100.0,3150.0
3147709,Passa Tempo,8473.0,24734.0,2830.0,11850.0,,,1588.0
3147808,Passa Vinte,2233.0,10184.0,364.0,4872.0,300.0,0.0,300.0
3147907,Passos,111939.0,116653.0,47107.0,894200.0,23280.0,6984.0,30264.0
3147956,Patis,4837.0,13718.0,1451.0,17140.0,,,202.0
3148004,Patos de Minas,159235.0,222223.0,282035.0,260100.0,,,43600.0
3148103,Patrocínio,89826.0,104502.0,178832.0,66100.0,,,35025.0
3148202,Patrocínio do Muriaé,5576.0,9384.0,400.0,10400.0,288.0,100.0,388.0
3148301,Paula Cândido,8659.0,9416.0,332.0,70150.0,,,456.0
3148400,Paulistas,4389.0,12072.0,801.0,7550.0,,,
3148509,Pavão,8047.0,37682.0,1780.0,13950.0,,,555.0
3148608,Peçanha,17446.0,33569.0,2325.0,46850.0,,,5000.0
3148707,Pedra Azul,24410.0,35408.0,1176.0,13650.0,7680.0,609.0,8289.0
3148756,Pedra Bonita,7320.0,2415.0,673.0,12150.0,,,715.0
3148806,Pedra do Anta,3311.0,9401.0,699.0,55500.0,320.0,26.5,346.5
3148905,Pedra do Indaiá,4112.0,23605.0,1241.0,1271000.0,,,1200.0
3149002,Pedra Dourada,2757.0,2728.0,140.0,1350.0,,,576.0
3149101,Pedralva,10760.0,13823.0,2237.0,266900.0,1143.3,662.4,1805.7
3149150,Pedras de Maria da Cruz,10433.0,46507.0,3378.0,32700.0,,,830.0
3149200,Pedrinópolis,3344.0,15339.0,8676.0,272700.0,,,541.9
3149309,Pedro Leopoldo,62580.0,12383.0,255.0,64200.0,,,13082.9
3149408,Pedro Teixeira,1810.0,5805.0,165.0,3950.0,,,99.0
3149507,Pequeri,3351.0,6850.0,58.0,14300.0,547.5,301.0,848.5
3149606,Pequi,4155.0,16046.0,20933.0,205000.0,,,1800.0
3149705,Perdigão,12268.0,14699.0,6345.0,57750.0,,,2380.0
3149804,Perdizes,17151.0,92476.0,60891.0,499000.0,,,3540.0
3149903,Perdões,21384.0,20215.0,671.0,14550.0,,,4647.6
3149952,Periquito,6553.0,8941.0,262.0,4950.0,,,
3150000,Pescador,3570.0,17012.0,254.0,4440.0,,,779.0
3150109,Piau,2796.0,9930.0,297.0,5670.0,,,
3150158,Piedade de Caratinga,8529.0,1744.0,650.0,8400.0,,,
3150208,Piedade de Ponte Nova,3976.0,5207.0,49138.0,86500.0,,,
3150307,Piedade do Rio Grande,4604.0,11039.0,590.0,6500.0,,,510.1
3150406,Piedade dos Gerais,5019.0,12758.0,746.0,13350.0,662.0,116.0,778.0
3150505,Pimenta,8563.0,29120.0,1376.0,17000.0,,,1668.0
3150539,Pingo-d'Água,4706.0,1964.0,132.0,600.0,,,1680.0
3150570,Pintópolis,7084.0,32607.0,3041.0,46800.0,,,1550.0
3150604,Piracema,6700.0,22618.0,17759.0,11100.0,,,393.0
3150703,Pirajuba,5537.0,4913.0,2723.0,25250.0,1301.0,100.0,1401.0
3150802,Piranga,17018.0,18351.0,70240.0,188850.0,,,1175.5
3150901,Piranguçu,6041.0,10124.0,871.0,7000.0,1352.0,4.0,1356.0
3151008,Piranguinho,9120.0,11782.0,427.0,8825.0,,,1418.9
3151107,Pirapetinga,11077.0,12013.0,63.0,2000.0,,,2592.0
3151206,Pirapora,55606.0,6760.0,904.0,7900.0,,,12334.0
3151305,Piraúba,11610.0,6853.0,138.0,124000.0,,,2680.0
3151404,Pitangui,26685.0,33174.0,1042.0,4370000.0,,,10900.0
3151503,Piumhi,36062.0,46475.0,4626.0,830200.0,,,7313.0
3151602,Planura,11145.0,10018.0,596.0,4185.0,,,2184.0
3151701,Poço Fundo,16390.0,28986.0,2679.0,40500.0,,,3276.0
3151800,Poços de Caldas,163742.0,15728.0,902.0,7250.0,44100.0,23100.0,67200.0
3151909,Pocrane,8350.0,34514.0,1714.0,22125.0,,,2016.0
3152006,Pompéu,31047.0,107413.0,3020.0,56500.0,9153.0,735.7,9888.7
3152105,Ponte Nova,57776.0,24464.0,114506.0,22800.0,,,12410.0
3152131,Ponto Chique,3747.0,18127.0,816.0,7600.0,,,432.0
3152170,Ponto dos Volantes,10883.0,16393.0,1535.0,24650.0,,,1280.0
3152204,Porteirinha,37438.0,59643.0,10310.0,94400.0,1740.0,1920.0,3660.0
3152303,Porto Firme,10569.0,10582.0,2304.0,167000.0,,,
3152402,Poté,13666.0,23852.0,2744.0,34100.0,,,813.0
3152501,Pouso Alegre,152217.0,32761.0,3569.0,29650.0,,,39144.2
3152600,Pouso Alto,6566.0,22325.0,2001.0,2211700.0,,,852.0
3152709,Prados,9048.0,9902.0,1751.0,335300.0,3270.0,0.0,3270.0
3152808,Prata,28342.0,374558.0,42536.0,696700.0,,,5400.0
3152907,Pratápolis,8406.0,16950.0,682.0,309000.0,2597.0,3120.0,5717.0
3153004,Pratinha,3559.0,23615.0,907.0,10700.0,,,240.0
3153103,Presidente Bernardes,4850.0,7125.0,1024.0,19850.0,,,370.0
3153202,Presidente Juscelino,3465.0,21949.0,326.0,5540.0,,,755.0
3153301,Presidente Kubitschek,3071.0,1647.0,80.0,1435.0,144.0,60.0,204.0
3153400,Presidente Olegário,18765.0,133476.0,55458.0,72100.0,,,2530.0
3153509,Alto Jequitibá,8397.0,2236.0,327.0,4720.0,,,949.0
3153608,Prudente de Morais,11466.0,6655.0,95.0,1100.0,,,1700.0
3153707,Quartel Geral,3179.0,28422.0,539.0,11080.0,,,415.0
3153806,Queluzito,1770.0,9381.0,287.0,4840.0,,,211.2
3153905,Raposos,16279.0,90.0,25.0,500.0,,,
3154002,Raul Soares,23423.0,47274.0,26182.0,168500.0,,,4320.0
3154101,Recreio,11007.0,16320.0,180.0,4100.0,,,1307.0
3154150,Reduto,7848.0,3111.0,84.0,2360.0,,,1100.0
3154200,Resende Costa,11230.0,23575.0,1112.0,18500.0,,,1857.7
3154309,Resplendor,17226.0,59572.0,1149.0,28300.0,,,3624.0
3154408,Ressaquinha,4548.0,8494.0,385.0,865700.0,,,480.0
3154457,Riachinho,6863.0,57522.0,4146.0,36525.0,,,4427.0
3154507,Riacho dos Machados,8756.0,13390.0,2798.0,36100.0,670.0,20.0,690.0
3154606,Ribeirão das Neves,329794.0,2166.0,410.0,4500.0,,,68373.4
3154705,Ribeirão Vermelho,4080.0,3313.0,66.0,1550.0,,,971.3
3154804,Rio Acima,10261.0,627.0,158.0,3500.0,,,2700.5
3154903,Rio Casca,12789.0,22583.0,47467.0,10500.0,,,900.0
3155009,Rio Doce,2484.0,5599.0,145.0,9300.0,,,748.0
3155108,Rio do Prado,4639.0,18222.0,877.0,7650.0,,,372.0
3155207,Rio Espera,5429.0,13841.0,1318.0,28200.0,,,545.0
3155306,Rio Manso,5568.0,10807.0,1335.0,37125.0,,,750.0
3155405,Rio Novo,8518.0,16497.0,164.0,4100.0,,,1850.0
3155504,Rio Paranaíba,14532.0,74325.0,3570.0,45150.0,,,1763.2
3155603,Rio Pardo de Minas,28271.0,18885.0,3740.0,118400.0,,,5110.0
3155702,Rio Piracicaba,14631.0,12333.0,10268.0,9675.0,,,2198.1
3155801,Rio Pomba,17443.0,16445.0,5425.0,493000.0,,,3600.0
3155900,Rio Preto,5141.0,12239.0,354.0,4175.0,,,1400.0
3156007,Rio Vermelho,12641.0,33354.0,2591.0,39500.0,,,4200.0
3156106,Ritápolis,4994.0,13951.0,453.0,7000.0,1260.3,635.0,1895.3
3156205,Rochedo de Minas,2291.0,4697.0,26.0,1150.0,,,439.0
3156304,Rodeiro,8664.0,5138.0,51.0,1120.0,,,2200.0
3156403,Romaria,3386.0,8976.0,3852.0,40100.0,,,
3156452,Rosário da Limeira,4734.0,4729.0,348.0,5480.0,,,672.0
3156502,Rubelita,5679.0,18766.0,3890.0,44850.0,,,114.4
3156601,Rubim,10298.0,44752.0,1111.0,15900.0,,,690.0
3156700,Sabará,129380.0,2036.0,2800.0,8510.0,25235.7,41995.2,67230.9
3156809,Sabinópolis,14240.0,37407.0,2234.0,46020.0,,,2004.0
3156908,Sacramento,26670.0,110008.0,3329.0,152900.0,22000.0,0.0,22000.0
3157005,Salinas,40178.0,44419.0,7146.0,78750.0,,,9962.5
3157104,Salto da Divisa,6110.0,58782.0,3004.0,6300.0,,,594.0
3157203,Santa Bárbara,30466.0,4698.0,317.0,7250.0,5998.0,2100.0,8098.0
3157252,Santa Bárbara do Leste,8458.0,1399.0,523.0,8700.0,,,948.0
3157278,Santa Bárbara do Monte Verde,3095.0,16670.0,367.0,6500.0,,,1000.0
3157302,Santa Bárbara do Tugúrio,4208.0,13677.0,526.0,42100.0,,,
3157336,Santa Cruz de Minas,8109.0,28.0,0.0,55.0,,,1529.6
3157377,Santa Cruz de Salinas,3910.0,11425.0,1639.0,24330.0,,,268.9
3157401,Santa Cruz do Escalvado,4673.0,15497.0,34016.0,10650.0,,,1445.0
3157500,Santa Efigênia de Minas,4039.0,5383.0,391.0,4500.0,,,280.0
3157609,Santa Fé de Minas,3522.0,37991.0,1638.0,16740.0,,,
3157658,Santa Helena de Minas,5938.0,14726.0,442.0,8135.0,,,4380.0
3157708,Santa Juliana,15734.0,29150.0,133254.0,249000.0,,,4000.8
3157807,Santa Luzia,219132.0,5108.0,299.0,4350.0,,,57000.0
3157906,Santa Margarida,16395.0,3419.0,1668.0,24050.0,,,
3158003,Santa Maria de Itabira,10485.0,15675.0,1601.0,33250.0,,,1513.0
3158102,Santa Maria do Salto,4755.0,14969.0,1880.0,10200.0,,,2300.0
3158201,Santa Maria do Suaçuí,12788.0,30398.0,1491.0,19600.0,,,2900.0
3158300,Santana da Vargem,6691.0,2968.0,784.0,7400.0,,,1400.0
3158409,Santana de Cataguases,3489.0,11343.0,170.0,2300.0,751.0,12.0,763.0
3158508,Santana de Pirapama,7030.0,25649.0,3431.0,850000.0,,,470.4
3158607,Santana do Deserto,3747.0,7505.0,319.0,1750.0,,,936.0
3158706,Santana do Garambéu,2137.0,5920.0,512.0,4600.0,,,494.7
3158805,Santana do Jacaré,4214.0,7922.0,232.0,71150.0,,,817.2
3158904,Santana do Manhuaçu,8987.0,11930.0,3816.0,9300.0,,,1480.0
3158953,Santana do Paraíso,44800.0,5232.0,416.0,22100.0,7822.1,5731.1,13553.2
3159001,Santana do Riacho,5313.0,4460.0,600.0,8950.0,,,2017.1
3159100,Santana dos Montes,3469.0,6935.0,383.0,9830.0,300.0,80.0,380.0
3159209,Santa Rita de Caldas,8460.0,38089.0,1300.0,17050.0,,,
3159308,Santa Rita de Jacutinga,4755.0,22872.0,650.0,9000.0,,,860.0
3159357,Santa Rita de Minas,6773.0,1490.0,205.0,3300.0,,,1092.0
3159407,Santa Rita de Ibitipoca,3301.0,14173.0,898.0,8000.0,,,200.0
3159506,Santa Rita do Itueto,5826.0,15199.0,518.0,5200.0,,,
3159605,Santa Rita do Sapucaí,40635.0,24597.0,1183.0,20300.0,,,7628.6
3159704,Santa Rosa da Serra,3382.0,11339.0,566.0,6700.0,,,755.0
3159803,Santa Vitória,20973.0,273000.0,27000.0,22000.0,,,4324.0
3159902,Santo Antônio do Amparo,17285.0,16066.0,542.0,7250.0,,,2882.0
3160009,Santo Antônio do Aventureiro,3769.0,13982.0,9537.0,2225.0,,,1550.0
3160108,Santo Antônio do Grama,4229.0,8112.0,21525.0,77300.0,,,1400.0
3160207,Santo Antônio do Itambé,3915.0,9473.0,306.0,6450.0,482.0,88.0,570.0
3160306,Santo Antônio do Jacinto,10327.0,28422.0,3019.0,29100.0,,,
3160405,Santo Antônio do Monte,27295.0,86771.0,2655.0,4682000.0,,,4988.3
3160454,Santo Antônio do Retiro,6629.0,4205.0,1589.0,28200.0,,,450.0
3160504,Santo Antônio do Rio Abaixo,1808.0,6337.0,381.0,4000.0,422.0,0.0,422.0
3160603,Santo Hipólito,2717.0,22179.0,321.0,6850.0,,,539.0
3160702,Santos Dumont,42406.0,27922.0,451.0,8250.0,,,7373.0
3160801,São Bento Abade,4713.0,1743.0,107.0,625.0,1404.0,50.0,1454.0
3160900,São Brás do Suaçuí,3989.0,3462.0,379.0,2100.0,,,650.0
3160959,São Domingos das Dores,5626.0,419.0,592.0,10650.0,,,
3161007,São Domingos do Prata,17392.0,29071.0,436.0,17850.0,,,2046.2
3161056,São Félix de Minas,3200.0,9303.0,610.0,5800.0,,,1005.0
3161106,São Francisco,52762.0,147608.0,12904.0,176800.0,7200.0,11520.0,18720.0
3161205,São Francisco de Paula,6187.0,16449.0,757.0,7000.0,,,955.0
3161304,São Francisco de Sales,5732.0,92480.0,1320.0,12000.0,1331.0,3.0,1334.0
3161403,São Francisco do Glória,4800.0,10137.0,4494.0,5850.0,,,780.0
3161502,São Geraldo,10282.0,9173.0,136.0,164750.0,,,4105.0
3161601,São Geraldo da Piedade,3305.0,9311.0,563.0,8600.0,,,400.0
3161650,São Geraldo do Baixio,3143.0,15324.0,571.0,7920.0,,,800.0
3161700,São Gonçalo do Abaeté,7375.0,43446.0,4207.0,20100.0,,,1071.0
3161809,São Gonçalo do Pará,11770.0,15920.0,15367.0,485000.0,,,6169.0
3161908,São Gonçalo do Rio Abaixo,11850.0,11755.0,784.0,70800.0,1928.4,479.1,2407.5
3162005,São Gonçalo do Sapucaí,23959.0,28920.0,1566.0,15100.0,,,5927.0
3162104,São Gotardo,40910.0,58813.0,1979.0,34900.0,,,9000.0
3162203,São João Batista do Glória,7652.0,23414.0,6372.0,47400.0,,,
3162252,São João da Lagoa,4822.0,24873.0,2206.0,32850.0,,,282.6
3162302,São João da Mata,2914.0,7823.0,569.0,8050.0,,,480.0
3162401,São João da Ponte,23930.0,114925.0,10264.0,115800.0,,,
3162450,São João das Missões,13024.0,13507.0,5747.0,62950.0,,,1281.1
3162500,São João del Rei,90225.0,40499.0,1973.0,67000.0,31846.0,5040.0,36886.0
3162559,São João do Manhuaçu,11246.0,1397.0,1340.0,11150.0,,,
3162575,São João do Manteninha,5331.0,10817.0,507.0,3500.0,534.0,170.0,704.0
3162609,São João do Oriente,7070.0,9973.0,641.0,6850.0,,,1200.5
3162658,São João do Pacuí,3972.0,17679.0,1663.0,20500.0,,,450.0
3162708,São João do Paraíso,23910.0,13865.0,4229.0,77100.0,,,
3162807,São João Evangelista,15315.0,25150.0,938.0,25000.0,,,950.0
3162906,São João Nepomuceno,25565.0,27011.0,293.0,10450.0,,,8880.0
3162922,São Joaquim de Bicas,34348.0,1471.0,404.0,2200.0,,,5586.9
3162948,São José da Barra,7793.0,11844.0,19303.0,90000.0,900.0,350.0,1250.0
3162955,São José da Lapa,26090.0,1029.0,219.0,500.0,,,4822.5
3163003,São José da Safira,3806.0,7060.0,137.0,2200.0,,,143.0
3163102,São José da Varginha,4536.0,19458.0,97970.0,4428000.0,,,257.0
3163201,São José do Alegre,4133.0,7601.0,455.0,6150.0,,,628.4
3163300,São José do Divino,3464.0,21182.0,723.0,7070.0,420.0,420.0,840.0
3163409,São José do Goiabal,5396.0,12079.0,168.0,11300.0,256.0,171.0,427.0
3163508,São José do Jacuri,6197.0,16258.0,1854.0,20000.0,,,360.0
3163607,São José do Mantimento,2753.0,2549.0,545.0,6500.0,,,340.0
3163706,São Lourenço,44798.0,2206.0,92.0,1600.0,11228.8,0.0,11228.8
3163805,São Miguel do Anta,6334.0,6665.0,4062.0,666500.0,,,1176.0
3163904,São Pedro da União,4885.0,13621.0,1444.0,22150.0,,,1014.5
3164001,São Pedro dos Ferros,7166.0,18328.0,540.0,424000.0,,,
3164100,São Pedro do Suaçuí,5103.0,14892.0,936.0,9350.0,,,799.0
3164209,São Romão,10315.0,33825.0,5073.0,29200.0,620.0,360.0,980.0
3164308,São Roque de Minas,7129.0,61642.0,3242.0,33100.0,827.5,125.0,952.5
3164407,São Sebastião da Bela Vista,6387.0,9413.0,344.0,4000.0,,,
3164431,São Sebastião da Vargem Alegre,3113.0,5945.0,1137.0,3650.0,75.0,0.0,75.0
3164472,São Sebastião do Anta,6194.0,2025.0,944.0,9640.0,,,875.7
3164506,São Sebastião do Maranhão,10079.0,23456.0,2178.0,27715.0,,,1250.0
3164605,São Sebastião do Oeste,8815.0,28858.0,12088.0,11630000.0,,,1873.0
3164704,São Sebastião do Paraíso,71796.0,34573.0,1718.0,312900.0,,,15073.5
3164803,São Sebastião do Rio Preto,1259.0,5399.0,411.0,5600.0,,,470.0
3164902,São Sebastião do Rio Verde,2300.0,6704.0,937.0,6375.0,264.0,20.0,284.0
3165008,São Tiago,11192.0,28389.0,1638.0,37000.0,,,1796.0
3165107,São Tomás de Aquino,6740.0,7628.0,478.0,30000.0,,,500.0
3165206,São Tomé das Letras,6904.0,14410.0,466.0,4525.0,,,1412.9
3165305,São Vicente de Minas,6804.0,16955.0,6936.0,8470.0,,,1366.9
3165404,Sapucaí-Mirim,6311.0,5391.0,534.0,3075.0,,,1275.0
3165503,Sardoá,5104.0,4519.0,450.0,6000.0,,,1095.5
3165537,Sarzedo,36844.0,827.0,57.0,670.0,,,12568.2
3165552,Setubinha,9917.0,6714.0,1953.0,42150.0,,,850.0
3165560,Sem-Peixe,2433.0,11084.0,279.0,8250.0,,,
3165578,Senador Amaral,6206.0,4533.0,216.0,3950.0,,,917.0
3165602,Senador Cortes,2240.0,6476.0,68.0,8900.0,,,170.0
3165701,Senador Firmino,7716.0,5925.0,373.0,6400.0,,,790.0
3165800,Senador José Bento,2068.0,7632.0,217.0,3800.0,,,100.7
3165909,Senador Modestino Gonçalves,4008.0,8682.0,1165.0,26800.0,,,768.0
3166006,Senhora de Oliveira,5483.0,4820.0,1269.0,6959.0,,,2063.2
3166105,Senhora do Porto,3067.0,16023.0,503.0,9900.0,,,
3166204,Senhora dos Remédios,10384.0,18374.0,2768.0,21000.0,,,1124.0
3166303,Sericita,7345.0,5009.0,430.0,9675.0,,,1349.0
3166402,Seritinga,1819.0,6199.0,335.0,1800.0,,,389.0
3166501,Serra Azul de Minas,3792.0,9099.0,239.0,8300.0,679.0,117.0,796.0
3166600,Serra da Saudade,833.0,18446.0,1773.0,5000.0,280.0,0.0,280.0
3166709,Serra dos Aimorés,6944.0,17892.0,221.0,1700.0,,,
3166808,Serra do Salitre,11801.0,56562.0,8488.0,6835.0,,,2254.0
3166907,Serrania,7621.0,9855.0,517.0,4650.0,,,1754.8
3166956,Serranópolis de Minas,4399.0,11008.0,2145.0,47580.0,,,292.0
3167004,Serranos,1990.0,10587.0,270.0,3230.0,,,
3167103,Serro,21952.0,31043.0,1494.0,43000.0,3200.0,20.0,3220.0
3167202,Sete Lagoas,227397.0,18259.0,22094.0,221000.0,,,55559.5
3167301,Silveirânia,2323.0,9143.0,556.0,9500.0,,,369.0
3167400,Silvianópolis,6179.0,27105.0,1172.0,15950.0,,,2160.0
3167509,Simão Pereira,2947.0,6521.0,191.0,3350.0,,,1500.0
3167608,Simonésia,19750.0,7352.0,2205.0,26100.0,,,1700.0
3167707,Sobrália,5137.0,16705.0,653.0,8150.0,,,618.7
3167806,Soledade de Minas,5613.0,14872.0,426.0,4370.0,,,1078.8
3167905,Tabuleiro,4014.0,12226.0,357.0,27800.0,,,1200.0
3168002,Taiobeiras,33050.0,15652.0,3247.0,42720.0,,,7911.0
3168051,Taparuba,3387.0,13057.0,523.0,9075.0,,,800.0
3168101,Tapira,4118.0,42581.0,3180.0,20450.0,,,
3168200,Tapiraí,1690.0,19616.0,1068.0,8820.0,,,300.0
3168309,Taquaraçu de Minas,4224.0,8335.0,443.0,6400.0,,,
3168408,Tarumirim,14709.0,43177.0,1945.0,23180.0,,,2240.0
3168507,Teixeiras,12255.0,8112.0,68094.0,347720.0,,,1560.0
3168606,Teófilo Otoni,137418.0,140631.0,2138.0,46500.0,,,41470.0
3168705,Timóteo,81579.0,1097.0,74.0,1500.0,17900.0,47040.0,64940.0
3168804,Tiradentes,7744.0,2850.0,214.0,3610.0,,,
3168903,Tiros,7883.0,106210.0,2380.0,38450.0,,,2000.0
3169000,Tocantins,16185.0,11001.0,612.0,122450.0,3780.0,378.0,4158.0
3169059,Tocos do Moji,3826.0,9943.0,470.0,7700.0,,,561.0
3169109,Toledo,7214.0,7190.0,356.0,3750.0,,,
3169208,Tombos,8609.0,20249.0,4042.0,8300.0,,,8000.0
3169307,Três Corações,75485.0,38850.0,2441.0,17500.0,,,15175.0
3169356,Três Marias,28895.0,23708.0,737.0,17100.0,,,6570.0
3169406,Três Pontas,55255.0,19675.0,1106.0,23500.0,,,12403.5
3169505,Tumiritinga,5886.0,23282.0,855.0,11160.0,,,1650.0
3169604,Tupaciguara,25470.0,104347.0,34270.0,208800.0,,,
3169703,Turmalina,20000.0,3850.0,2536.0,46515.0,,,9216.0
3169802,Turvolândia,4935.0,14551.0,893.0,9360.0,,,
3169901,Ubá,103365.0,17863.0,288.0,239000.0,,,28589.1
3170008,Ubaí,11708.0,29950.0,3238.0,44600.0,,,1400.0
3170057,Ubaporanga,13017.0,4847.0,1087.0,16000.0,,,1372.0
3170107,Uberaba,337836.0,160230.0,37698.0,2797750.0,93529.9,41938.2,135468.1
3170206,Uberlândia,713224.0,183179.0,623933.0,12040000.0,,,220136.7
3170305,Umburatiba,2684.0,25746.0,442.0,4225.0,,,820.0
3170404,Unaí,86619.0,270609.0,19122.0,207550.0,,,16500.0
3170438,União de Minas,3828.0,108486.0,1629.0,11050.0,,,713.0
3170479,Uruana de Minas,3282.0,14770.0,2544.0,35000.0,,,1300.0
3170503,Urucânia,10600.0,4782.0,189971.0,10900.0,,,
3170529,Urucuia,17479.0,41266.0,5667.0,64400.0,2954.0,31.0,2985.0
3170578,Vargem Alegre,5780.0,7369.0,342.0,8550.0,,,720.0
3170602,Vargem Bonita,2158.0,14296.0,545.0,88350.0,,,485.0
3170651,Vargem Grande do Rio Pardo,4633.0,3545.0,597.0,15000.0,,,360.0
3170701,Varginha,136467.0,15041.0,490.0,9410.0,,,40648.8
3170750,Varjão de Minas,6969.0,32367.0,99615.0,15400.0,,,1920.0
3170800,Várzea da Palma,33744.0,82486.0,2974.0,32000.0,,,10440.0
3170909,Varzelândia,18840.0,23327.0,3516.0,52000.0,,,570.0
3171006,Vazante,19975.0,84885.0,5571.0,27600.0,5075.2,4328.0,9403.2
3171030,Verdelândia,7672.0,47762.0,2393.0,21800.0,,,1043.0
3171071,Veredinha,5181.0,3133.0,3506.0,19100.0,,,2297.0
3171105,Veríssimo,3411.0,48801.0,10087.0,527120.0,,,177.2
3171154,Vermelho Novo,4899.0,3872.0,714.0,176250.0,,,488.0
3171204,Vespasiano,129246.0,908.0,78.0,1080.0,,,30048.0
3171303,Viçosa,76430.0,10917.0,2146.0,422800.0,,,15913.9
3171402,Vieiras,3700.0,13654.0,307.0,6150.0,,,540.0
3171501,Mathias Lobato,3038.0,13370.0,71.0,3180.0,,,520.0
3171600,Virgem da Lapa,11804.0,16761.0,2714.0,34900.0,,,2200.0
3171709,Virgínia,8908.0,24625.0,1278.0,26000.0,,,
3171808,Virginópolis,10314.0,17145.0,634.0,11150.0,,,3455.0
3171907,Virgolândia,4552.0,14446.0,889.0,23850.0,,,
3172004,Visconde do Rio Branco,39160.0,19436.0,803.0,255000.0,,,8455.0
3172103,Volta Grande,4443.0,15540.0,126.0,1300.0,,,190.0
3172202,Wenceslau Braz,2356.0,7143.0,252.0,3450.0,,,2102.0
3500105,Adamantina,34687.0,39080.0,1350.0,30150.0,,,10723.0
3500204,Adolfo,4351.0,3715.0,150.0,300.0,,,1170.0
3500303,Aguaí,32072.0,4240.0,2120.0,350000.0,5000.0,2159.0,7159.0
3500402,Águas da Prata,7369.0,14200.0,60.0,3600.0,,,1182.0
3500501,Águas de Lindóia,17930.0,5453.0,0.0,63000.0,,,5797.1
3500550,Águas de Santa Bárbara,7177.0,9400.0,15020.0,674665.0,,,1546.8
3500600,Águas de São Pedro,2780.0,,,,1399.5,1600.0,2999.5
3500709,Agudos,37680.0,29500.0,24000.0,220000.0,,,13450.0
3500758,Alambari,6141.0,7017.0,25872.0,398399.0,950.0,50.0,1000.0
3500808,Alfredo Marcondes,4445.0,24424.0,440.0,2043.0,,,1692.0
3500907,Altair,3451.0,45805.0,2480.0,5420.0,,,
3501004,Altinópolis,16818.0,15000.0,420.0,460000.0,4136.6,1854.0,5990.6
3501103,Alto Alegre,3841.0,23795.0,347.0,4744.0,,,532.0
3501152,Alumínio,17301.0,650.0,80.0,0.0,,,5596.5
3501202,Álvares Florence,3915.0,44123.0,800.0,1558000.0,,,595.3
3501301,Álvares Machado,27255.0,50774.0,1747.0,7291.0,6701.4,240.0,6941.4
3501400,Álvaro de Carvalho,4808.0,10971.0,20.0,92.0,,,756.0
3501509,Alvinlândia,2885.0,5665.0,11.0,0.0,,,116.5
3501608,Americana,237240.0,800.0,0.0,0.0,,,81113.1
3501707,Américo Brasiliense,33019.0,208.0,69.0,1285.0,,,7133.0
3501806,Américo de Campos,5870.0,27312.0,480.0,375000.0,3000.0,1800.0,4800.0
3501905,Amparo,68008.0,26468.0,4359.0,4000000.0,,,16182.7
3502002,Analândia,4589.0,11650.0,1500.0,284000.0,,,1311.0
3502101,Andradina,59783.0,48555.0,18500.0,10430.0,15600.0,0.0,15600.0
3502200,Angatuba,24022.0,40096.0,3970.0,2379242.0,,,3511.0
3502309,Anhembi,5674.0,33260.0,2100.0,190000.0,,,1700.0
3502408,Anhumas,4023.0,26525.0,676.0,12060.0,,,997.3
3502507,Aparecida,32569.0,5598.0,240.0,800.0,,,9966.0
3502606,Aparecida d'Oeste,4086.0,21590.0,568.0,2890.0,,,547.0
3502705,Apiaí,24585.0,5262.0,1000.0,25000.0,,,4255.0
3502754,Araçariguama,21522.0,2050.0,90.0,0.0,,,6000.0
3502804,Araçatuba,200124.0,62921.0,950.0,36298.0,,,61418.0
3502903,Araçoiaba da Serra,32443.0,5100.0,8200.0,150000.0,,,10677.1
3503000,Aramina,5420.0,1849.0,485.0,86260.0,1475.7,34.0,1509.7
3503109,Arandu,6885.0,8905.0,4870.0,3300.0,,,3600.0
3503158,Arapeí,2330.0,8100.0,140.0,2500.0,,,337.0
3503208,Araraquara,242228.0,9581.0,1000.0,627000.0,,,63718.1
3503307,Araras,130866.0,8150.0,1909.0,0.0,,,28000.0
3503356,Arco-Íris,2044.0,20431.0,100.0,600.0,,,350.0
3503406,Arealva,8130.0,34871.0,8000.0,425000.0,2080.0,250.0,2330.0
3503505,Areias,3577.0,16700.0,160.0,1600.0,,,120.0
3503604,Areiópolis,10130.0,160.0,0.0,0.0,,,2935.0
3503703,Ariranha,7602.0,370.0,42.0,142600.0,1965.0,13.0,1978.0
3503802,Artur Nogueira,51456.0,8779.0,1800.0,296057.0,,,12982.3
3503901,Arujá,86678.0,270.0,0.0,240.0,,,30800.0
3503950,Aspásia,1842.0,6868.0,261.0,2271.0,,,424.4
3504008,Assis,101409.0,17500.0,910.0,15000.0,25218.5,6500.0,31718.5
3504107,Atibaia,158647.0,12400.0,0.0,105000.0,48946.0,1538.0,50484.0
3504206,Auriflama,13692.0,55725.0,425.0,3365.0,,,
3504305,Avaí,4483.0,35000.0,250.0,31000.0,,,889.0
3504404,Avanhandava,11263.0,8468.0,470.0,2219.0,,,1500.0
3504503,Avaré,92805.0,34401.0,365.0,1681509.0,,,35000.0
3504602,Bady Bassitt,27260.0,9650.0,1200.0,290000.0,,,8350.0
3504701,Balbinos,3887.0,2644.0,270.0,970.0,568.0,11.0,579.0
3504800,Bálsamo,9596.0,11160.0,250.0,162000.0,,,2100.0
3504909,Bananal,9969.0,30700.0,480.0,3000.0,300.0,80.0,380.0
3505005,Barão de Antonina,3531.0,11000.0,280.0,2800.0,832.0,288.0,1120.0
3505104,Barbosa,5640.0,9610.0,401.0,2617.0,,,2100.0
3505203,Bariri,31595.0,15309.0,2500.0,912012.0,,,9000.0
3505302,Barra Bonita,34346.0,380.0,38.0,920.0,3300.0,2880.0,6180.0
3505351,Barra do Chapéu,5179.0,2112.0,600.0,16500.0,,,1800.0
3505401,Barra do Turvo,6876.0,8750.0,410.0,2400.0,,,1080.5
3505500,Barretos,122485.0,52045.0,381.0,85000.0,,,38019.8
3505609,Barrinha,32092.0,443.0,18.0,235.0,,,7500.0
3505708,Barueri,316473.0,,,,,,101080.0
3505807,Bastos,21503.0,18911.0,55.0,13650920.0,,,4565.8
3505906,Batatais,58402.0,13000.0,1000.0,1100000.0,,,14040.0
3506003,Bauru,379146.0,38238.0,7107.0,70000.0,83984.1,14624.6,98608.7
3506102,Bebedouro,76373.0,15350.0,1080.0,278000.0,17294.0,1168.0,18462.0
3506201,Bento de Abreu,2606.0,10343.0,280.0,0.0,673.2,20.0,693.2
3506300,Bernardino de Campos,11607.0,8108.0,1535.0,3480.0,,,2308.0
3506359,Bertioga,64188.0,,,,36481.2,2256.5,38737.7
3506409,Bilac,7319.0,16605.0,0.0,0.0,,,2130.0
3506508,Birigui,118979.0,46293.0,690.0,57500.0,32868.0,1440.0,34308.0
3506607,Biritiba Mirim,29683.0,945.0,80.0,274320.0,,,6429.0
3506706,Boa Esperança do Sul,12978.0,7158.0,1000.0,258000.0,,,1100.0
3506805,Bocaina,11259.0,13585.0,680.0,109250.0,2190.0,0.0,2190.0
3506904,Bofete,10460.0,32500.0,0.0,1750000.0,,,3600.0
3507001,Boituva,61081.0,14500.0,12200.0,600000.0,,,18373.0
3507100,Bom Jesus dos Perdões,22006.0,2450.0,0.0,850.0,,,6808.6
3507159,Bom Sucesso de Itararé,3555.0,800.0,50.0,1800.0,,,240.0
3507209,Borá,907.0,6500.0,54.0,370.0,,,183.3
3507308,Boracéia,4715.0,1898.0,90.0,479332.0,,,850.0
3507407,Borborema,14226.0,13270.0,1240.0,443500.0,,,3585.0
3507456,Borebi,2713.0,2855.0,500.0,1700.0,,,700.0
3507506,Botucatu,145155.0,34500.0,1000.0,5000000.0,35635.4,2500.0,38135.4
3507605,Bragança Paulista,176811.0,28800.0,13500.0,770000.0,,,61784.6
3507704,Braúna,5356.0,9958.0,543.0,2273.0,,,1366.0
3507753,Brejo Alegre,2565.0,4500.0,100.0,0.0,,,450.0
3507803,Brodowski,25201.0,10000.0,600.0,900000.0,,,6738.0
3507902,Brotas,23898.0,23819.0,35500.0,581087.0,7020.0,950.0,7970.0
3508009,Buri,20250.0,21809.0,300.0,150000.0,0.0,10000.0,10000.0
3508108,Buritama,17210.0,34770.0,0.0,0.0,,,13260.0
3508207,Buritizal,4356.0,10641.0,536.0,145615.0,855.0,100.0,955.0
3508306,Cabrália Paulista,4299.0,12500.0,310.0,390937.0,861.8,4.0,865.8
3508405,Cabreúva,47011.0,7100.0,12.0,3150000.0,,,14435.5
3508504,Caçapava,96202.0,23000.0,0.0,0.0,,,18830.0
3508603,Cachoeira Paulista,31564.0,29310.0,370.0,2600.0,6568.4,0.0,6568.4
3508702,Caconde,17101.0,32000.0,2000.0,70000.0,,,4882.1
3508801,Cafelândia,16654.0,37081.0,2104.0,28100.0,4380.0,240.0,4620.0
3508900,Caiabu,3712.0,23005.0,270.0,7730.0,480.0,83.0,563.0
3509007,Caieiras,95032.0,13.0,9.0,0.0,,,62278.4
3509106,Caiuá,5466.0,64857.0,1598.0,13422.0,,,972.0
3509205,Cajamar,92689.0,138.0,96.0,1347.0,,,25265.0
3509254,Cajati,28515.0,5850.0,1000.0,0.0,12300.9,0.0,12300.9
3509304,Cajobi,9133.0,3590.0,390.0,2100.0,2600.0,400.0,3000.0
3509403,Cajuru,23830.0,26000.0,500.0,150000.0,,,4544.0
3509452,Campina do Monte Alegre,5954.0,4124.0,270.0,567449.0,,,1396.0
3509502,Campinas,1139047.0,27550.0,930.0,255000.0,306920.9,83087.8,390008.7
3509601,Campo Limpo Paulista,77632.0,255.0,58.0,1000.0,,,24863.0
3509700,Campos do Jordão,46974.0,540.0,0.0,420.0,21243.0,0.0,21243.0
3509809,Campos Novos Paulista,4888.0,15000.0,980.0,5300.0,,,1056.0
3509908,Cananéia,12289.0,980.0,100.0,2000.0,5766.9,6100.0,11866.9
3509957,Canas,4931.0,4260.0,40.0,800.0,,,830.7
3510005,Cândido Mota,29449.0,4500.0,3200.0,220000.0,,,7500.0
3510104,Cândido Rodrigues,2889.0,503.0,558.0,145000.0,672.0,124.0,796.0
3510153,Canitar,6283.0,1150.0,70.0,1000.0,,,
3510203,Capão Bonito,46337.0,20144.0,5500.0,100000.0,7142.0,240.0,7382.0
3510302,Capela do Alto,22866.0,10000.0,35000.0,1100000.0,,,5362.9
3510401,Capivari,50068.0,5380.0,39900.0,985700.0,,,11775.1
3510500,Caraguatatuba,134873.0,7366.0,19.0,0.0,44724.1,44137.8,88861.9
3510609,Carapicuíba,386984.0,,,,,,125653.0
3510708,Cardoso,11345.0,53406.0,50.0,230000.0,1440.0,1200.0,2640.0
3510807,Casa Branca,28083.0,17000.0,2500.0,1250000.0,,,7022.1
3510906,Cássia dos Coqueiros,2799.0,13000.0,1500.0,350000.0,,,1200.0
3511003,Castilho,19977.0,59380.0,718.0,13000.0,,,4417.0
3511102,Catanduva,115791.0,3150.0,240.0,5000.0,,,37706.4
3511201,Catiguá,7003.0,790.0,105.0,37600.0,986.5,500.0,1486.5
3511300,Cedral,12618.0,14386.0,975.0,880000.0,,,8910.0
3511409,Cerqueira César,21469.0,17234.0,107787.0,6080.0,,,8320.0
3511508,Cerquilho,44695.0,9300.0,19.0,5000000.0,,,12071.3
3511607,Cesário Lange,19048.0,10400.0,138.0,2000000.0,,,4192.8
3511706,Charqueada,15535.0,7339.0,299.0,283100.0,3700.0,0.0,3700.0
3511904,Clementina,6982.0,16785.0,328.0,550.0,,,2156.0
3512001,Colina,18486.0,13025.0,19097.0,185000.0,,,6200.0
3512100,Colômbia,6629.0,13854.0,190.0,1154.0,,,1216.3
3512209,Conchal,28101.0,2280.0,3550.0,116031.0,6719.0,2800.0,9519.0
3512308,Conchas,15232.0,64800.0,1850.0,2600000.0,3168.1,97.5,3265.6
3512407,Cordeirópolis,24514.0,651.0,3080.0,205830.0,8362.8,8900.0,17262.8
3512506,Coroados,5400.0,12000.0,0.0,0.0,,,1600.0
3512605,Coronel Macedo,4280.0,14800.0,21700.0,5500.0,,,592.0
3512704,Corumbataí,4195.0,18207.0,259.0,1171842.0,900.0,0.0,900.0
3512803,Cosmópolis,59773.0,1462.0,300.0,1000.0,,,14315.0
3512902,Cosmorama,8719.0,30484.0,490.0,366000.0,1466.7,0.0,1466.7
3513009,Cotia,274413.0,,,,,,209984.9
3513108,Cravinhos,33281.0,5000.0,600.0,3000.0,9200.0,0.0,9200.0
3513207,Cristais Paulista,9272.0,21600.0,670.0,135000.0,2150.0,150.0,2300.0
3513306,Cruzália,2108.0,820.0,170.0,870.0,,,416.0
3513405,Cruzeiro,74961.0,17500.0,270.0,800.0,15410.6,838.1,16248.7
3513504,Cubatão,112476.0,,,,28201.5,9268.4,37469.9
3513603,Cunha,22110.0,120000.0,4000.0,26000.0,,,3850.0
3513702,Descalvado,31756.0,29920.0,8700.0,2135000.0,,,9723.6
3513801,Diadema,393237.0,,,,,,106473.0
3513850,Dirce Reis,1620.0,10905.0,451.0,244469.0,,,645.9
3513900,Divinolândia,11158.0,24000.0,520.0,53000.0,,,2460.0
3514007,Dobrada,8759.0,803.0,235.0,960.0,3100.0,0.0,3100.0
3514106,Dois Córregos,24510.0,13894.0,310.0,726452.0,4660.0,1750.0,6410.0
3514205,Dolcinópolis,2207.0,5400.0,157.0,1055.0,,,624.0
3514304,Dourado,8096.0,10980.0,150.0,447000.0,3120.0,2496.0,5616.0
3514403,Dracena,45474.0,27600.0,800.0,7500.0,,,16092.0
3514502,Duartina,12328.0,21500.0,150.0,119000.0,,,3136.0
3514601,Dumont,9471.0,295.0,20.0,900.0,,,2356.0
3514700,Echaporã,6205.0,37000.0,319.0,9545.0,,,1309.0
3514809,Eldorado,13069.0,9900.0,50.0,5000.0,,,3818.4
3514908,Elias Fausto,17699.0,12750.0,31000.0,822500.0,,,4624.6
3514924,Elisiário,3138.0,1470.0,230.0,1600.0,,,918.0
3514957,Embaúba,2323.0,910.0,105.0,1800.0,,,
3515004,Embu das Artes,250691.0,,,,141242.2,10.0,141252.2
3515103,Embu-Guaçu,66970.0,,,,15817.0,2500.0,18317.0
3515129,Emilianópolis,3014.0,27271.0,180.0,6870.0,,,220.0
3515152,Engenheiro Coelho,19566.0,4110.0,320.0,48348.0,,,4441.8
3515186,Espírito Santo do Pinhal,39816.0,17450.0,380.0,1250000.0,,,9186.1
3515194,Espírito Santo do Turvo,4157.0,15500.0,500.0,3600.0,818.0,82.0,900.0
3515202,Estrela d'Oeste,9417.0,34195.0,645.0,27300.0,1656.0,0.0,1656.0
3515301,Estrela do Norte,2703.0,12085.0,386.0,8758.0,,,393.0
3515350,Euclides da Cunha Paulista,7924.0,53918.0,1220.0,13150.0,,,
3515400,Fartura,16641.0,45656.0,60933.0,6405.0,2406.0,776.0,3182.0
3515509,Fernandópolis,71186.0,47000.0,705.0,9700.0,20427.6,52.0,20479.6
3515608,Fernando Prestes,5942.0,3120.0,1260.0,282560.0,432.0,16.0,448.0
3515657,Fernão,1656.0,6047.0,30.0,0.0,292.9,0.0,292.9
3515707,Ferraz de Vasconcelos,179198.0,66.0,0.0,0.0,,,62429.6
3515806,Flora Rica,1487.0,21140.0,125.0,650.0,,,360.0
3515905,Floreal,2733.0,18495.0,580.0,725000.0,380.0,57.0,437.0
3516002,Flórida Paulista,12958.0,48580.0,525.0,116000.0,,,4477.5
3516101,Florínea,3851.0,645.0,214.0,1400.0,,,680.0
3516200,Franca,352536.0,17950.0,2100.0,0.0,80464.6,69049.0,149513.6
3516309,Francisco Morato,165139.0,120.0,137.0,596.0,,,47765.0
3516408,Franco da Rocha,144849.0,74.0,154.0,1348.0,,,34250.0
3516507,Gabriel Monteiro,2763.0,13224.0,0.0,0.0,,,775.0
3516606,Gália,6380.0,17784.0,74.0,0.0,,,1580.0
3516705,Garça,42110.0,33657.0,280.0,113495.0,11280.0,240.0,11520.0
3516804,Gastão Vidigal,3252.0,12521.0,1076.0,120000.0,,,1145.0
3516853,Gavião Peixoto,4702.0,1563.0,445.0,185000.0,,,2500.0
3516903,General Salgado,10312.0,43567.0,1345.0,5720.0,2650.0,400.0,3050.0
3517000,Getulina,10232.0,37717.0,365.0,0.0,,,1249.0
3517109,Glicério,4138.0,14030.0,313.0,1152.0,,,662.0
3517208,Guaiçara,11239.0,27724.0,175.0,1000.0,,,2280.0
3517307,Guaimbê,5512.0,17470.0,105.0,3500.0,,,985.8
3517406,Guaíra,39279.0,19458.0,253.0,93586.0,,,10472.9
3517505,Guapiaçu,21711.0,11255.0,1020.0,1256321.0,,,5926.0
3517604,Guapiara,17071.0,6543.0,3000.0,20000.0,,,1400.0
3517703,Guará,18606.0,4552.0,2135.0,131220.0,,,3976.0
3517802,Guaraçaí,7441.0,45285.0,299.0,44500.0,300.0,60.0,360.0
3517901,Guaraci,10350.0,20988.0,95.0,96000.0,2555.0,1500.0,4055.0
3518008,Guarani d'Oeste,1968.0,10980.0,242.0,3580.0,650.0,250.0,900.0
3518107,Guarantã,6427.0,39269.0,350.0,397368.0,,,1400.0
3518206,Guararapes,31043.0,49961.0,290.0,3329400.0,,,8066.0
3518305,Guararema,31236.0,10710.0,70.0,40000.0,,,13204.7
3518404,Guaratinguetá,118044.0,58000.0,450.0,4650.0,,,26678.8
3518503,Guareí,15013.0,37410.0,1071.0,2569003.0,,,2380.0
3518602,Guariba,37498.0,568.0,600.0,360.0,,,20204.0
3518701,Guarujá,287634.0,,,,,,162530.6
3518800,Guarulhos,1291771.0,,,,328492.7,28103.1,356595.8
3518859,Guatapará,7320.0,4500.0,400.0,795000.0,1492.0,1.0,1493.0
3518909,Guzolândia,4246.0,34673.0,238.0,2375.0,,,930.0
3519006,Herculândia,9125.0,32220.0,438.0,165000.0,,,2477.6
3519055,Holambra,15094.0,1290.0,12000.0,905000.0,,,4837.2
3519071,Hortolândia,236641.0,,,,57298.0,0.0,57298.0
3519105,Iacanga,10437.0,15400.0,300.0,39000.0,2266.5,477.6,2744.1
3519204,Iacri,6131.0,27484.0,80.0,1615320.0,,,1250.0
3519253,Iaras,8010.0,7512.0,58256.0,321.0,660.0,155.0,815.0
3519303,Ibaté,32178.0,4950.0,140.0,145000.0,10424.0,3180.0,13604.0
3519402,Ibirá,11690.0,14258.0,985.0,27560.0,,,1424.8
3519501,Ibirarema,6385.0,3850.0,800.0,2400.0,5100.0,187.6,5287.6
3519600,Ibitinga,60033.0,10350.0,910.0,439700.0,,,15966.4
3519709,Ibiúna,75605.0,2200.0,5300.0,14000.0,,,25000.0
3519808,Icém,7819.0,9860.0,360.0,1980.0,1560.0,0.0,1560.0
3519907,Iepê,7619.0,14539.0,2102.0,3051.0,,,2000.0
3520004,Igaraçu do Tietê,23106.0,282.0,10.0,250.0,7039.0,1580.5,8619.5
3520103,Igarapava,26212.0,8432.0,1428.0,42576.0,7800.0,20.0,7820.0
3520202,Igaratá,10605.0,9000.0,90.0,2000.0,,,4200.0
3520301,Iguape,29115.0,5050.0,200.0,3000.0,7714.3,8034.6,15748.9
3520400,Ilhabela,34934.0,30.0,0.0,0.0,17570.1,18211.7,35781.8
3520426,Ilha Comprida,13419.0,,,,,,
3520442,Ilha Solteira,25549.0,19301.0,1207.0,12450.0,6724.8,1050.4,7775.2
3520509,Indaiatuba,255748.0,9900.0,18.0,96000.0,78466.9,5286.5,83753.4
3520608,Indiana,5090.0,16064.0,788.0,8145.0,,,2000.0
3520707,Indiaporã,4035.0,30400.0,741.0,1430.0,,,1250.0
3520806,Inúbia Paulista,3615.0,9500.0,83.0,1720.0,361.0,600.0,961.0
3520905,Ipaussu,13712.0,3800.0,950.0,3000.0,,,1538.5
3521002,Iperó,36459.0,5200.0,0.0,420000.0,,,12779.7
3521101,Ipeúna,6831.0,11988.0,598.0,245248.0,2278.0,0.0,2278.0
3521150,Ipiguá,6761.0,7950.0,530.0,365210.0,,,1327.4
3521200,Iporanga,4046.0,1760.0,300.0,4000.0,,,300.0
3521309,Ipuã,14454.0,3773.0,848.0,63523.0,5048.0,973.0,6021.0
3521408,Iracemápolis,21967.0,35.0,27.0,170.0,,,5342.0
3521507,Irapuã,6867.0,15200.0,150.0,90000.0,,,2612.0
3521606,Irapuru,7085.0,19830.0,268.0,55200.0,,,1791.0
3521705,Itaberá,17983.0,20700.0,5125.0,13000.0,,,10200.0
3521804,Itaí,25180.0,19065.0,2779.0,648335.0,4127.0,1706.0,5833.0
3521903,Itajobi,16989.0,7420.0,1970.0,295000.0,,,3780.0
3522000,Itaju,3618.0,10649.0,245.0,752187.0,,,620.0
3522109,Itanhaém,112476.0,300.0,780.0,8000.0,43807.0,40.0,43847.0
3522158,Itaoca,3422.0,7556.0,1000.0,18800.0,,,591.0
3522208,Itapecerica da Serra,158522.0,,,,,,54976.8
3522307,Itapetininga,157790.0,55375.0,2280.0,2709949.0,,,33997.0
3522406,Itapeva,89728.0,24558.0,10000.0,170000.0,,,20000.0
3522505,Itapevi,232297.0,,,,,,61107.9
3522604,Itapira,72022.0,37170.0,2500.0,906305.0,17780.0,5200.0,22980.0
3522653,Itapirapuã Paulista,4306.0,2360.0,1600.0,12000.0,,,698.0
3522703,Itápolis,39493.0,29760.0,2320.0,305420.0,9456.4,3200.0,12656.4
3522802,Itaporanga,14085.0,27200.0,480.0,13500.0,,,3327.0
3522901,Itapuí,13659.0,1234.0,395.0,233627.0,,,3610.0
3523008,Itapura,3979.0,11270.0,466.0,3767.0,1121.0,459.0,1580.0
3523107,Itaquaquecetuba,369275.0,420.0,52.0,1900.0,81155.8,34604.9,115760.7
3523206,Itararé,44438.0,22700.0,19000.0,10000.0,,,7530.0
3523305,Itariri,15528.0,378.0,20.0,0.0,,,4527.6
3523404,Itatiba,121590.0,22728.0,2300.0,475000.0,31290.2,1329.5,32619.7
3523503,Itatinga,19070.0,17720.0,0.0,500000.0,,,4010.0
3523602,Itirapina,16148.0,20149.0,416.0,1301053.0,,,7028.0
3523701,Itirapuã,5779.0,9100.0,530.0,0.0,,,1157.0
3523800,Itobi,8046.0,16000.0,600.0,135000.0,,,1822.0
3523909,Itu,168240.0,29800.0,117600.0,740000.0,,,55203.1
3524006,Itupeva,70616.0,8750.0,141.0,5630.0,,,20285.9
3524105,Ituverava,37571.0,17153.0,1248.0,1601189.0,,,16960.0
3524204,Jaborandi,6221.0,2956.0,65.0,83000.0,,,2390.0
3524303,Jaboticabal,71821.0,5408.0,668.0,1900.0,17402.0,407.0,17809.0
3524402,Jacareí,240275.0,20700.0,180.0,75000.0,56233.3,26588.1,82821.4
3524501,Jaci,7613.0,6816.0,5100.0,491432.0,,,2395.0
3524600,Jacupiranga,16097.0,7400.0,700.0,6000.0,,,2160.0
3524709,Jaguariúna,59347.0,3197.0,70.0,90000.0,17447.0,1558.6,19005.6
3524808,Jales,48776.0,40470.0,2127.0,27608.0,,,18673.0
3524907,Jambeiro,6397.0,14500.0,41000.0,9000.0,,,2778.2
3525003,Jandira,118045.0,,,,,,30998.2
3525102,Jardinópolis,45282.0,8000.0,1000.0,120000.0,10988.7,80.0,11068.7
3525201,Jarinu,37535.0,4560.0,1280.0,15300.0,,,18250.0
3525300,Jaú,133497.0,9612.0,500.0,320366.0,36000.0,0.0,36000.0
3525409,Jeriquara,3863.0,1300.0,600.0,192000.0,,,696.0
3525508,Joanópolis,12815.0,21500.0,1050.0,16000.0,3926.1,1000.0,4926.1
3525607,João Ramalho,4371.0,18123.0,745.0,798920.0,626.3,12.8,639.1
3525706,José Bonifácio,36633.0,63600.0,950.0,1470000.0,,,12000.0
3525805,Júlio Mesquita,4254.0,9755.0,0.0,49.0,1599.5,1000.0,2599.5
3525854,Jumirim,3056.0,10000.0,0.0,1700000.0,,,667.0
3525904,Jundiaí,443221.0,3600.0,1330.0,94200.0,124408.6,9211.7,133620.3
3526001,Junqueirópolis,20448.0,35100.0,630.0,7000.0,,,5378.0
3526100,Juquiá,17154.0,6550.0,350.0,5900.0,0.0,2880.0,2880.0
3526209,Juquitiba,27404.0,,,,6315.0,0.0,6315.0
3526308,Lagoinha,5083.0,23520.0,744.0,15785.0,,,947.0
3526407,Laranjal Paulista,26261.0,37292.0,5100.0,795000.0,,,10318.4
3526506,Lavínia,9689.0,46863.0,385.0,10000.0,,,1492.0
3526605,Lavrinhas,7171.0,10500.0,270.0,1300.0,1200.0,500.0,1700.0
3526704,Leme,98161.0,1700.0,28800.0,76500.0,,,23380.0
3526803,Lençóis Paulista,66505.0,4000.0,200.0,44700.0,,,19140.0
3526902,Limeira,291869.0,14513.0,21114.0,103670.0,,,71622.9
3527009,Lindóia,7014.0,3558.0,103.0,144343.0,1597.6,0.0,1597.6
3527108,Lins,74779.0,18638.0,220.0,1200.0,22287.6,29000.0,51287.6
3527207,Lorena,84855.0,31254.0,420.0,854000.0,,,16932.2
3527256,Lourdes,1950.0,7501.0,0.0,75000.0,,,413.0
3527306,Louveira,51847.0,1250.0,150.0,100000.0,21147.7,0.0,21147.7
3527405,Lucélia,20061.0,30760.0,405.0,260200.0,,,5200.0
3527504,Lucianópolis,2372.0,8300.0,25.0,1000.0,470.0,0.0,470.0
3527603,Luís Antônio,12265.0,18200.0,300.0,5000.0,,,5535.0
3527702,Luiziânia,4701.0,10303.0,392.0,1891.0,288.0,120.0,408.0
3527801,Lupércio,3981.0,10572.0,24.0,0.0,608.0,120.2,728.2
3527900,Lutécia,2661.0,35810.0,315.0,2500.0,605.0,198.5,803.5
3528007,Macatuba,16829.0,820.0,200.0,2000.0,,,3420.0
3528106,Macaubal,7481.0,27000.0,7000.0,1500000.0,,,1910.0
3528205,Macedônia,3963.0,33520.0,1752.0,54800.0,,,1040.0
3528304,Magda,3165.0,14078.0,404.0,3040.0,,,780.0
3528403,Mairinque,50027.0,2600.0,200.0,248918.0,,,14400.0
3528502,Mairiporã,93853.0,187.0,40.0,1179.0,,,31535.0
3528601,Manduri,9871.0,8067.0,390.0,3600.0,1823.8,530.0,2353.8
3528700,Marabá Paulista,4573.0,104241.0,1840.0,19652.0,,,192.0
3528809,Maracaí,12673.0,6700.0,1250.0,10300.0,,,3875.0
3528858,Marapoama,3292.0,2140.0,255.0,140000.0,,,841.0
3528908,Mariápolis,3513.0,32850.0,400.0,6850.0,,,1015.9
3529005,Marília,237627.0,109352.0,192.0,169273.0,,,59243.5
3529104,Marinópolis,1860.0,11065.0,230.0,1148.0,384.0,46.0,430.0
3529203,Martinópolis,24881.0,80210.0,1540.0,8420.0,,,6118.0
3529302,Matão,79033.0,5066.0,800.0,522000.0,24183.8,0.0,24183.8
3529401,Mauá,418261.0,46.0,38.0,94.0,98940.0,39326.3,138266.3
3529500,Mendonça,6159.0,9200.0,310.0,12600.0,1640.0,0.0,1640.0
3529609,Meridiano,4572.0,15430.0,57.0,135300.0,,,976.9
3529658,Mesópolis,1952.0,6459.0,375.0,2214.0,,,168.0
3529708,Miguelópolis,19441.0,5255.0,7382.0,253645.0,6000.0,4800.0,10800.0
3529807,Mineiros do Tietê,11230.0,4204.0,140.0,74635.0,,,
3529906,Miracatu,18553.0,3200.0,56.0,1400.0,,,5441.0
3530003,Mira Estrela,3126.0,21967.0,107.0,118100.0,,,1005.0
3530102,Mirandópolis,27983.0,77795.0,1121.0,550000.0,,,6380.5
3530201,Mirante do Paranapanema,15917.0,138268.0,3408.0,19988.0,,,3880.0
3530300,Mirassol,63337.0,16990.0,1200.0,300000.0,16836.5,0.0,16836.5
3530409,Mirassolândia,4669.0,12985.0,185.0,1623221.0,,,1650.0
3530508,Mococa,67681.0,55000.0,10000.0,7000000.0,15601.0,4.9,15605.9
3530607,Mogi das Cruzes,451505.0,4290.0,240.0,363676.0,,,122673.2
3530706,Mogi Guaçu,153658.0,15300.0,7300.0,241143.0,35836.6,1844.7,37681.3
3530805,Mogi Mirim,92558.0,17700.0,20000.0,605796.0,,,21486.3
3530904,Mombuca,3722.0,2816.0,15980.0,775700.0,800.0,800.0,1600.0
3531001,Monções,1937.0,6646.0,0.0,0.0,,,1505.0
3531100,Mongaguá,61951.0,13.0,20.0,973.0,,,25382.0
3531209,Monte Alegre do Sul,8627.0,4844.0,0.0,1200000.0,,,1746.0
3531308,Monte Alto,47574.0,15820.0,875.0,216320.0,14840.0,2190.0,17030.0
3531407,Monte Aprazível,22280.0,29000.0,6200.0,400000.0,,,7110.0
3531506,Monte Azul Paulista,18151.0,6400.0,7200.0,359000.0,4226.4,0.0,4226.4
3531605,Monte Castelo,4222.0,12900.0,500.0,21600.0,,,
3531704,Monteiro Lobato,4138.0,12000.0,460.0,6000.0,,,825.8
3531803,Monte Mor,64662.0,8450.0,3390.0,548000.0,14755.5,472.1,15227.6
3531902,Morro Agudo,27933.0,13446.0,1048.0,171748.0,,,7221.8
3532009,Morungaba,13720.0,6816.0,0.0,1100000.0,,,3685.6
3532058,Motuca,4034.0,946.0,600.0,120000.0,1740.0,660.0,2400.0
3532108,Murutinga do Sul,3737.0,27146.0,276.0,5273.0,1440.0,14.0,1454.0
3532157,Nantes,2660.0,6576.0,148.0,2258.0,,,1100.0
3532207,Narandiba,5713.0,7484.0,845.0,8650.0,930.0,18.0,948.0
3532306,Natividade da Serra,6999.0,23400.0,400.0,74265.0,,,2500.0
3532405,Nazaré Paulista,18217.0,5650.0,1500.0,15000.0,,,6225.1
3532504,Neves Paulista,9699.0,17219.0,2750.0,230000.0,2800.0,2500.0,5300.0
3532603,Nhandeara,9852.0,32422.0,390.0,330000.0,3001.0,13.0,3014.0
3532702,Nipoã,4750.0,7771.0,468.0,232000.0,1600.0,550.0,2150.0
3532801,Nova Aliança,6693.0,10753.0,500.0,790250.0,,,1556.2
3532827,Nova Campina,8497.0,2231.0,500.0,20000.0,374.4,0.0,374.4
3532843,Nova Canaã Paulista,2032.0,17330.0,650.0,2680.0,,,362.0
3532868,Nova Castilho,1062.0,15228.0,455.0,92600.0,,,
3532900,Nova Europa,9311.0,648.0,0.0,126000.0,2017.8,0.0,2017.8
3533007,Nova Granada,19419.0,40089.0,2980.0,394420.0,4350.0,0.0,4350.0
3533106,Nova Guataporanga,2156.0,4100.0,280.0,1400.0,,,629.0
3533205,Nova Independência,4609.0,8383.0,222.0,3325.0,,,1240.0
3533254,Novais,4412.0,1090.0,200.0,3300.0,,,1322.8
3533304,Nova Luzitânia,2837.0,10068.0,480.0,80000.0,,,727.1
3533403,Nova Odessa,62019.0,270.0,165.0,410.0,,,17202.7
3533502,Novo Horizonte,38324.0,24900.0,1550.0,90000.0,,,8884.0
3533601,Nuporanga,7391.0,3025.0,672.0,1984203.0,,,1900.7
3533700,Ocauçu,4331.0,20575.0,128.0,0.0,,,856.0
3533809,Óleo,2512.0,8181.0,280.0,5200.0,466.0,0.0,466.0
3533908,Olímpia,55074.0,15745.0,232.0,273000.0,16063.0,34541.0,50604.0
3534005,Onda Verde,4771.0,1380.0,145.0,420150.0,1930.0,1068.0,2998.0
3534104,Oriente,6085.0,15515.0,63.0,89.0,,,1650.0
3534203,Orindiúva,6024.0,5985.0,195.0,2210.0,3102.0,930.0,4032.0
3534302,Orlândia,38319.0,3488.0,1042.0,190060.0,10762.3,3112.2,13874.5
3534401,Osasco,728615.0,,,,,,272512.0
3534500,Oscar Bressane,2470.0,27490.0,101.0,1950.0,,,731.0
3534609,Osvaldo Cruz,31272.0,29300.0,412.0,277530.0,,,8564.7
3534708,Ourinhos,103970.0,5600.0,1600.0,203300.0,,,28604.7
3534757,Ouroeste,10294.0,17219.0,340.0,6000.0,,,2564.5
3534807,Ouro Verde,7779.0,18000.0,230.0,1850.0,,,2627.3
3534906,Pacaembu,14877.0,42680.0,510.0,34750.0,,,2610.0
3535002,Palestina,11476.0,40089.0,1620.0,278850.0,,,2704.8
3535101,Palmares Paulista,9650.0,80.0,54.0,1000.0,3869.4,0.0,3869.4
3535200,Palmeira d'Oeste,8903.0,55840.0,1950.0,3100.0,,,2150.0
3535309,Palmital,19594.0,4300.0,2610.0,167590.0,,,4659.8
3535408,Panorama,14964.0,14000.0,360.0,1450.0,,,3102.0
3535507,Paraguaçu Paulista,41120.0,32750.0,925.0,338506.0,,,8950.0
3535606,Paraibuna,17667.0,33000.0,800.0,8000.0,,,3299.6
3535705,Paraíso,6099.0,920.0,430.0,3600.0,,,1650.0
3535804,Paranapanema,19395.0,27742.0,5573.0,128392.0,6900.0,2815.0,9715.0
3535903,Paranapuã,4031.0,7300.0,308.0,1130.0,1890.0,1598.0,3488.0
3536000,Parapuã,10580.0,27088.0,110.0,1660770.0,,,2118.0
3536109,Pardinho,7153.0,11700.0,0.0,200000.0,,,2453.4
3536208,Pariquera-Açu,19233.0,3230.0,100.0,6000.0,,,3394.5
3536257,Parisi,2892.0,12560.0,120.0,46000.0,735.5,1000.0,1735.5
3536307,Patrocínio Paulista,14512.0,22900.0,7200.0,95000.0,4003.0,75.0,4078.0
3536406,Paulicéia,7955.0,13300.0,340.0,3500.0,,,2060.0
3536505,Paulínia,110537.0,310.0,95.0,20000.0,,,30950.9
3536570,Paulistânia,2090.0,7000.0,280.0,34320.0,562.1,232.5,794.6
3536604,Paulo de Faria,7400.0,28978.0,1350.0,75585.0,,,4992.0
3536703,Pederneiras,44827.0,26431.0,3015.0,500000.0,6588.0,1150.0,7738.0
3536802,Pedra Bela,6557.0,11700.0,4800.0,220000.0,,,1214.0
3536901,Pedranópolis,2787.0,39407.0,56.0,508000.0,,,374.9
3537008,Pedregulho,15525.0,7850.0,1590.0,134000.0,,,
3537107,Pedreira,43112.0,8636.0,6.0,125000.0,,,11311.0
3537156,Pedrinhas Paulista,2804.0,1350.0,205.0,780.0,616.3,266.0,882.3
3537206,Pedro de Toledo,11281.0,1180.0,50.0,0.0,480.0,50.0,530.0
3537305,Penápolis,61679.0,22630.0,1527.0,4020.0,,,16746.1
3537404,Pereira Barreto,24095.0,71325.0,1234.0,364158.0,,,3500.3
3537503,Pereiras,8737.0,35127.0,1000.0,4200000.0,,,1677.0
3537602,Peruíbe,68352.0,300.0,0.0,2400.0,26329.8,5214.2,31544.0
3537701,Piacatu,5519.0,23500.0,0.0,0.0,1600.0,0.0,1600.0
3537800,Piedade,52970.0,9800.0,1950.0,3900.0,,,13784.3
3537909,Pilar do Sul,27619.0,11653.0,768.0,70502.0,,,5870.0
3538006,Pindamonhangaba,165428.0,55798.0,472.0,262700.0,,,41151.0
3538105,Pindorama,14542.0,2610.0,400.0,6000.0,3510.0,0.0,3510.0
3538204,Pinhalzinho,15224.0,8450.0,200.0,500000.0,,,3968.0
3538303,Piquerobi,3264.0,81886.0,1050.0,12180.0,,,528.0
3538501,Piquete,12490.0,8500.0,180.0,4000.0,1928.7,0.0,1928.7
3538600,Piracaia,26029.0,15500.0,400.0,60000.0,,,7758.4
3538709,Piracicaba,423323.0,52215.0,1980.0,3115200.0,134180.1,51025.5,185205.6
3538808,Piraju,29436.0,22089.0,1700.0,6800.0,,,7283.2
3538907,Pirajuí,22431.0,54500.0,810.0,12000.0,4052.3,214.0,4266.3
3539004,Pirangi,10885.0,1930.0,480.0,581000.0,4320.0,7.5,4327.5
3539103,Pirapora do Bom Jesus,18370.0,,,,,,
3539202,Pirapozinho,25348.0,25211.0,1732.0,14590.0,,,11640.6
3539301,Pirassununga,73545.0,8800.0,3500.0,365000.0,,,13680.0
3539400,Piratininga,15108.0,28589.0,1200.0,75500.0,,,3482.3
3539509,Pitangueiras,33674.0,6581.0,195.0,235000.0,8640.0,7300.0,15940.0
3539608,Planalto,4389.0,10181.0,635.0,92530.0,,,1325.0
3539707,Platina,3025.0,8450.0,1400.0,1600.0,,,722.0
3539806,Poá,103765.0,42.0,0.0,0.0,,,31254.0
3539905,Poloni,5592.0,8500.0,4000.0,877000.0,,,1186.0
3540002,Pompéia,20196.0,68478.0,269.0,91496.0,,,5898.2
3540101,Pongaí,3395.0,17696.0,140.0,600.0,,,906.0
3540200,Pontal,37607.0,300.0,588.0,356.0,8874.0,3906.0,12780.0
3540259,Pontalinda,4127.0,17930.0,1205.0,15781.0,1105.0,200.0,1305.0
3540309,Pontes Gestal,2387.0,10495.0,190.0,3200.0,220.0,32.0,252.0
3540408,Populina,4127.0,17950.0,704.0,5083.0,,,800.0
3540507,Porangaba,10451.0,33680.0,500.0,6508000.0,,,2654.0
3540606,Porto Feliz,56497.0,17900.0,62300.0,2295000.0,,,15884.1
3540705,Porto Ferreira,52649.0,3020.0,200.0,52400.0,15382.0,450.0,15832.0
3540754,Potim,20392.0,5400.0,75.0,480.0,,,3565.0
3540804,Potirendaba,18496.0,39250.0,1135.0,114560.0,,,6000.0
3540853,Pracinha,2578.0,7532.0,148.0,1425.0,350.0,62.0,412.0
3540903,Pradópolis,17078.0,295.0,365.0,612.0,4700.0,0.0,4700.0
3541000,Praia Grande,349935.0,,,,112108.6,39774.6,151883.2
3541059,Pratânia,5126.0,3750.0,3000.0,675500.0,,,1600.0
3541109,Presidente Alves,3804.0,21619.0,114.0,287000.0,,,602.0
3541208,Presidente Bernardes,14490.0,151407.0,2300.0,21850.0,2430.0,300.0,2730.0
3541307,Presidente Epitácio,39505.0,90731.0,1732.0,13202.0,,,12857.5
3541406,Presidente Prudente,225668.0,66619.0,1110.0,12899.0,,,104300.0
3541505,Presidente Venceslau,35201.0,114230.0,841.0,18222.0,,,10335.0
3541604,Promissão,35131.0,52529.0,2710.0,194579.0,5853.3,700.0,6553.3
3541653,Quadra,3405.0,10000.0,200.0,2000000.0,,,1050.0
3541703,Quatá,13163.0,23105.0,405.0,1149710.0,,,6000.0
3541802,Queiroz,3265.0,8697.0,50.0,2130550.0,,,
3541901,Queluz,9159.0,11014.0,378.0,1400.0,1660.0,0.0,1660.0
3542008,Quintana,7038.0,31264.0,150.0,600.0,,,3724.0
3542107,Rafard,8965.0,4250.0,9700.0,502300.0,2400.0,1000.0,3400.0
3542206,Rancharia,28588.0,106581.0,751.0,1538332.0,,,6004.0
3542305,Redenção da Serra,4494.0,16700.0,660.0,89950.0,792.4,268.0,1060.4
3542404,Regente Feijó,20145.0,28400.0,414.0,721304.0,,,6602.0
3542503,Reginópolis,7662.0,20500.0,620.0,4300.0,,,1600.0
3542602,Registro,59947.0,10520.0,100.0,9500.0,,,14321.0
3542701,Restinga,6404.0,6350.0,570.0,0.0,,,810.0
3542800,Ribeira,3132.0,4665.0,800.0,14850.0,,,430.0
3542909,Ribeirão Bonito,10989.0,9920.0,1850.0,780500.0,700.0,500.0,1200.0
3543006,Ribeirão Branco,18627.0,10617.0,3000.0,20000.0,2627.6,360.0,2987.6
3543105,Ribeirão Corrente,4608.0,3800.0,1400.0,325000.0,,,1451.1
3543204,Ribeirão do Sul,4677.0,3400.0,410.0,3200.0,,,1152.0
3543238,Ribeirão dos Índios,2025.0,24037.0,1136.0,5860.0,,,
3543253,Ribeirão Grande,7450.0,3051.0,1240.0,16500.0,,,970.0
3543303,Ribeirão Pires,115559.0,44.0,0.0,2057.0,,,34742.2
3543402,Ribeirão Preto,698642.0,3000.0,250.0,15000.0,208459.7,33604.0,242063.7
3543501,Riversul,5599.0,27000.0,240.0,8200.0,,,580.0
3543600,Rifaina,4049.0,3080.0,110.0,0.0,,,2448.0
3543709,Rincão,9098.0,5535.0,582.0,169000.0,,,1934.0
3543808,Rinópolis,9259.0,34069.0,130.0,2040550.0,,,4379.8
3543907,Rio Claro,201418.0,17580.0,1965.0,1246091.0,48476.8,23213.3,71690.1
3544004,Rio das Pedras,31328.0,2202.0,179.0,129700.0,,,7834.0
3544103,Rio Grande da Serra,44170.0,32.0,0.0,331.0,,,8137.0
3544202,Riolândia,10309.0,39614.0,230.0,280000.0,1228.0,13.0,1241.0
3544251,Rosana,17440.0,62607.0,1240.0,14330.0,6000.0,1200.0,7200.0
3544301,Roseira,10832.0,7594.0,260.0,530.0,,,1680.0
3544400,Rubiácea,2700.0,19341.0,700.0,0.0,,,384.0
3544509,Rubinéia,3833.0,19397.0,380.0,1600.0,,,800.0
3544608,Sabino,5112.0,11294.0,230.0,4600.0,833.8,391.0,1224.8
3544707,Sagres,2474.0,10540.0,197.0,1325.0,348.0,12.0,360.0
3544806,Sales,6437.0,23000.0,400.0,71000.0,,,2980.0
3544905,Sales Oliveira,11411.0,4464.0,793.0,1388970.0,2600.0,2552.2,5152.2
3545001,Salesópolis,15202.0,4620.0,66.0,0.0,,,2979.5
3545100,Salmourão,4808.0,11465.0,174.0,1820.0,,,1137.0
3545159,Saltinho,8161.0,5971.0,190.0,599700.0,,,2379.0
3545209,Salto,134319.0,3850.0,85.0,170000.0,38725.6,3893.9,42619.5
3545308,Salto de Pirapora,43748.0,6800.0,280.0,1000.0,,,11513.0
3545407,Salto Grande,9050.0,3500.0,4500.0,7000.0,,,724.0
3545506,Sandovalina,3645.0,21275.0,365.0,6280.0,,,487.0
3545605,Santa Adélia,14018.0,3300.0,440.0,360000.0,2979.1,300.0,3279.1
3545704,Santa Albertina,6393.0,24610.0,1100.0,4600.0,,,1440.0
3545803,Santa Bárbara d'Oeste,183347.0,1995.0,286.0,476150.0,54000.0,4000.0,58000.0
3546009,Santa Branca,13975.0,11200.0,180.0,1000.0,3747.0,0.0,3747.0
3546108,Santa Clara d'Oeste,2598.0,18800.0,460.0,2900.0,,,800.0
3546207,Santa Cruz da Conceição,4277.0,7250.0,0.0,285700.0,,,1650.0
3546256,Santa Cruz da Esperança,2116.0,1600.0,350.0,2000.0,700.0,0.0,700.0
3546306,Santa Cruz das Palmeiras,28864.0,1340.0,200.0,20000.0,6463.6,1605.9,8069.5
3546405,Santa Cruz do Rio Pardo,46442.0,47500.0,12000.0,8500.0,,,13297.5
3546504,Santa Ernestina,6118.0,428.0,198.0,1030.0,1450.0,300.0,1750.0
3546603,Santa Fé do Sul,34794.0,24297.0,1590.0,6250.0,,,10296.0
3546702,Santa Gertrudes,23611.0,519.0,57.0,512.0,7340.9,180.0,7520.9
3546801,Santa Isabel,53174.0,7000.0,48.0,1750.0,,,17830.1
3546900,Santa Lúcia,7149.0,318.0,250.0,139000.0,768.0,3.0,771.0
3547007,Santa Maria da Serra,5243.0,12298.0,216.0,241700.0,1483.0,300.0,1783.0
3547106,Santa Mercedes,2956.0,9300.0,150.0,1490.0,,,601.0
3547205,Santana da Ponte Pensa,1670.0,19415.0,650.0,2500.0,,,300.0
3547304,Santana de Parnaíba,154105.0,1100.0,420.0,3000.0,43200.0,36980.0,80180.0
3547403,Santa Rita d'Oeste,2733.0,19335.0,650.0,8960.0,,,1251.1
3547502,Santa Rita do Passa Quatro,24833.0,23545.0,400.0,800000.0,,,7508.1
3547601,Santa Rosa de Viterbo,23411.0,8900.0,500.0,190000.0,3518.4,1200.0,4718.4
3547650,Santa Salete,1645.0,11522.0,451.0,4708.0,,,356.0
3547700,Santo Anastácio,17963.0,88043.0,953.0,8390.0,2122.3,750.0,2872.3
3547809,Santo André,748919.0,,,,,,227350.0
3547908,Santo Antônio da Alegria,6775.0,19600.0,3000.0,140000.0,,,1000.0
3548005,Santo Antônio de Posse,23244.0,4400.0,1600.0,65728.0,,,5658.0
3548054,Santo Antônio do Aracanguá,8379.0,87674.0,1600.0,0.0,,,2376.0
3548104,Santo Antônio do Jardim,6126.0,5890.0,620.0,750000.0,,,
3548203,Santo Antônio do Pinhal,7133.0,3692.0,360.0,2450.0,1788.1,10.0,1798.1
3548302,Santo Expedito,3000.0,13352.0,245.0,5560.0,,,921.2
3548401,Santópolis do Aguapeí,3899.0,6887.0,77.0,324.0,,,1440.0
3548500,Santos,418608.0,,,,170810.9,35796.9,206607.8
3548609,São Bento do Sapucaí,11674.0,12000.0,876.0,5100.0,,,3000.0
3548708,São Bernardo do Campo,810729.0,,,,,,273517.4
3548807,São Caetano do Sul,165655.0,,,,,,57667.6
3548906,São Carlos,254857.0,38200.0,1800.0,1620000.0,,,68174.0
3549003,São Francisco,2602.0,13195.0,505.0,3622.0,,,365.0
3549102,São João da Boa Vista,92547.0,47200.0,540.0,160000.0,,,23209.3
3549201,São João das Duas Pontes,2580.0,10293.0,165.0,970.0,570.0,0.0,570.0
3549250,São João de Iracema,1846.0,8663.0,306.0,3035.0,,,
3549300,São João do Pau d'Alho,2242.0,3000.0,420.0,7500.0,,,950.0
3549409,São Joaquim da Barra,48558.0,4697.0,501.0,271670.0,13600.0,300.0,13900.0
3549508,São José da Bela Vista,7626.0,1300.0,250.0,350000.0,,,800.0
3549607,São José do Barreiro,3853.0,14850.0,310.0,1300.0,695.0,0.0,695.0
3549706,São José do Rio Pardo,52205.0,40000.0,17500.0,2200000.0,,,14400.0
3549805,São José do Rio Preto,480393.0,20145.0,1200.0,150000.0,,,179017.2
3549904,São José dos Campos,697054.0,83000.0,5000.0,51000.0,,,184447.9
3549953,São Lourenço da Serra,16067.0,,,,,,5350.0
3550001,São Luiz do Paraitinga,10337.0,41850.0,520.0,26250.0,1796.2,0.0,1796.2
3550100,São Manuel,37289.0,8400.0,4750.0,1570785.0,,,8804.0
3550209,São Miguel Arcanjo,32039.0,14835.0,2480.0,78665.0,,,4200.0
3550308,São Paulo,11451999.0,495.0,2000.0,0.0,3440228.3,678941.9,4119170.2
3550407,São Pedro,38256.0,33157.0,271.0,1650000.0,10361.0,0.0,10361.0
3550506,São Pedro do Turvo,7217.0,28000.0,500.0,18500.0,,,2400.0
3550605,São Roque,79484.0,2100.0,220.0,0.0,,,22085.7
3550704,São Sebastião,81595.0,42.0,0.0,0.0,,,58943.9
3550803,São Sebastião da Grama,10441.0,16800.0,23000.0,15000.0,,,3937.0
3550902,São Simão,13442.0,10800.0,600.0,250000.0,,,3700.0
3551009,São Vicente,329911.0,,,,,,86716.0
3551108,Sarapuí,10369.0,18450.0,131.0,560956.0,,,1610.0
3551207,Sarutaiá,3704.0,3853.0,785.0,39879.0,,,774.5
3551306,Sebastianópolis do Sul,3130.0,9956.0,210.0,610000.0,720.0,80.0,800.0
3551405,Serra Azul,12746.0,1800.0,800.0,154000.0,,,2505.6
3551504,Serrana,43909.0,1550.0,20.0,0.0,,,30000.0
3551603,Serra Negra,29894.0,10509.0,321.0,197000.0,7540.2,0.0,7540.2
3551702,Sertãozinho,126887.0,16915.0,601.0,1300.0,,,34948.0
3551801,Sete Barras,12730.0,7400.0,500.0,5500.0,,,4308.3
3551900,Severínia,14576.0,2090.0,70.0,1850.0,,,4630.0
3552007,Silveiras,6186.0,21400.0,750.0,2500.0,,,1080.0
3552106,Socorro,40122.0,45500.0,6500.0,1100000.0,9480.0,10.0,9490.0
3552205,Sorocaba,723682.0,8400.0,220.0,0.0,,,236624.7
3552304,Sud Mennucci,7355.0,45694.0,713.0,4130.0,689.0,550.0,1239.0
3552403,Sumaré,279545.0,2510.0,2500.0,1070000.0,67200.0,480.0,67680.0
3552502,Suzano,307429.0,1101.0,1263.0,1163672.0,,,86104.1
3552551,Suzanápolis,3408.0,28807.0,695.0,7770.0,,,1245.5
3552601,Tabapuã,11323.0,5110.0,2450.0,89000.0,,,2500.0
3552700,Tabatinga,14769.0,6148.0,500.0,962000.0,,,3600.0
3552809,Taboão da Serra,273542.0,,,,,,82643.7
3552908,Taciba,6260.0,25293.0,268.0,8890.0,,,1219.0
3553005,Taguaí,12669.0,18361.0,20864.0,9100.0,,,4081.1
3553104,Taiaçu,5677.0,1720.0,280.0,26500.0,1050.2,37.0,1087.2
3553203,Taiúva,6548.0,660.0,175.0,1350.0,380.0,64.0,444.0
3553302,Tambaú,21435.0,9280.0,300.0,295000.0,,,6150.0
3553401,Tanabi,25265.0,40000.0,2100.0,450000.0,5233.0,6048.0,11281.0
3553500,Tapiraí,7996.0,1030.0,130.0,0.0,,,837.6
3553609,Tapiratiba,11816.0,18100.0,500.0,70000.0,,,3709.2
3553658,Taquaral,2619.0,82.0,0.0,210.0,,,620.0
3553708,Taquaritinga,52260.0,5480.0,1360.0,264500.0,10500.0,2000.0,12500.0
3553807,Taquarituba,24350.0,18253.0,5675.0,3097.0,,,6900.0
3553856,Taquarivaí,6876.0,3212.0,200.0,180000.0,,,1500.0
3553906,Tarabai,6536.0,20943.0,480.0,81419.0,1159.9,1920.0,3079.9
3553955,Tarumã,14882.0,3470.0,125.0,149000.0,,,3171.0
3554003,Tatuí,123942.0,15000.0,500.0,3500000.0,,,29654.0
3554102,Taubaté,310739.0,38015.0,332.0,12410.0,68477.0,32604.9,101081.9
3554201,Tejupá,4127.0,12358.0,618.0,3980.0,,,1075.0
3554300,Teodoro Sampaio,22173.0,80070.0,1455.0,16275.0,3140.0,10000.0,13140.0
3554409,Terra Roxa,7904.0,1595.0,35.0,580.0,,,1982.0
3554508,Tietê,37663.0,30600.0,4700.0,1400000.0,,,11317.6
3554607,Timburi,2464.0,10432.0,1380.0,2900.0,,,647.0
3554656,Torre de Pedra,2046.0,7600.0,50.0,50000.0,,,505.0
3554706,Torrinha,9335.0,20834.0,3250.0,785617.0,,,2702.0
3554755,Trabiju,1682.0,2059.0,120.0,61000.0,,,545.0
3554805,Tremembé,51173.0,8250.0,127.0,6700.0,16000.0,360.0,16360.0
3554904,Três Fronteiras,6804.0,18950.0,350.0,6050.0,2003.0,500.0,2503.0
3554953,Tuiuti,6778.0,10200.0,3250.0,1050000.0,,,1370.0
3555000,Tupã,63928.0,48784.0,2550.0,4040980.0,,,21834.7
3555109,Tupi Paulista,15854.0,14600.0,800.0,2100.0,,,4920.0
3555208,Turiúba,1818.0,14635.0,191.0,0.0,,,730.0
3555307,Turmalina,1669.0,13454.0,547.0,8601.0,,,302.9
3555356,Ubarana,5365.0,4200.0,175.0,446000.0,2167.0,352.0,2519.0
3555406,Ubatuba,92981.0,131.0,205.0,1894.0,,,50804.0
3555505,Ubirajara,5132.0,14500.0,250.0,300.0,,,1675.2
3555604,Uchoa,10394.0,9268.0,520.0,225741.0,,,2150.0
3555703,União Paulista,1603.0,2900.0,425.0,166500.0,,,445.0
3555802,Urânia,8833.0,23005.0,871.0,7668.0,951.0,568.0,1519.0
3555901,Uru,1387.0,8960.0,110.0,1100.0,,,260.0
3556008,Urupês,13744.0,8520.0,1150.0,760000.0,,,4369.0
3556107,Valentim Gentil,14098.0,14700.0,530.0,156000.0,5363.9,94.5,5458.4
3556206,Valinhos,126373.0,3000.0,150.0,280000.0,,,40460.2
3556305,Valparaíso,24241.0,27817.0,600.0,0.0,,,5415.0
3556354,Vargem,10512.0,6800.0,400.0,1150.0,,,
3556404,Vargem Grande do Sul,40133.0,22200.0,1360.0,62000.0,,,12840.0
3556453,Vargem Grande Paulista,50415.0,,,,,,14283.1
3556503,Várzea Paulista,115771.0,96.0,61.0,51900.0,,,27798.0
3556602,Vera Cruz,10176.0,22540.0,111.0,85.0,,,2354.7
3556701,Vinhedo,76540.0,1890.0,150.0,210000.0,,,35672.1
3556800,Viradouro,17414.0,1370.0,230.0,900.0,,,4210.0
3556909,Vista Alegre do Alto,8109.0,786.0,424.0,202460.0,,,5830.0
3556958,Vitória Brasil,1794.0,4150.0,323.0,1590.0,334.0,180.0,514.0
3557006,Votorantim,127923.0,1770.0,240.0,0.0,,,44875.0
3557105,Votuporanga,96634.0,32293.0,650.0,1114000.0,,,29521.0
3557154,Zacarias,2692.0,11932.0,213.0,0.0,,,750.0
3557204,Chavantes,12211.0,1550.0,350.0,1000.0,2000.0,400.0,2400.0
3557303,Estiva Gerbi,11295.0,2150.0,2750.0,90197.0,,,2295.8
