date,plant_id,operator,uf,municipality,cap_biometano_m3d,cap_biogas_m3d,vol_biogas_m3d,util_pct
2020-01-01,ce_gnr_fortaleza,GNR FORTALEZA VALORIZAÇÃO DE BIOGÁS LTDA.,CE,CAUCAIA,110000.0,300000.0,171950.0,57
2020-02-01,ce_gnr_fortaleza,GNR FORTALEZA VALORIZAÇÃO DE BIOGÁS LTDA.,CE,CAUCAIA,110000.0,300000.0,170631.0,57
2020-03-01,ce_gnr_fortaleza,GNR FORTALEZA VALORIZAÇÃO DE BIOGÁS LTDA.,CE,CAUCAIA,110000.0,300000.0,176273.0,59
2020-04-01,ce_gnr_fortaleza,GNR FORTALEZA VALORIZAÇÃO DE BIOGÁS LTDA.,CE,CAUCAIA,110000.0,300000.0,166974.0,56
2020-05-01,ce_gnr_fortaleza,GNR FORTALEZA VALORIZAÇÃO DE BIOGÁS LTDA.,CE,CAUCAIA,110000.0,300000.0,169025.0,56
2020-06-01,ce_gnr_fortaleza,GNR FORTALEZA VALORIZAÇÃO DE BIOGÁS LTDA.,CE,CAUCAIA,110000.0,300000.0,159050.0,53
2020-07-01,ce_gnr_fortaleza,GNR FORTALEZA VALORIZAÇÃO DE BIOGÁS LTDA.,CE,CAUCAIA,110000.0,300000.0,71574.0,24
2020-08-01,ce_gnr_fortaleza,GNR FORTALEZA VALORIZAÇÃO DE BIOGÁS LTDA.,CE,CAUCAIA,110000.0,300000.0,63111.0,21
2020-09-01,ce_gnr_fortaleza,GNR FORTALEZA VALORIZAÇÃO DE BIOGÁS LTDA.,CE,CAUCAIA,110000.0,300000.0,142905.0,48
2020-10-01,ce_gnr_fortaleza,GNR FORTALEZA VALORIZAÇÃO DE BIOGÁS LTDA.,CE,CAUCAIA,110000.0,300000.0,141787.0,47
2020-11-01,ce_gnr_fortaleza,GNR FORTALEZA VALORIZAÇÃO DE BIOGÁS LTDA.,CE,CAUCAIA,110000.0,300000.0,131997.0,44
2020-12-01,ce_gnr_fortaleza,GNR FORTALEZA VALORIZAÇÃO DE BIOGÁS LTDA.,CE,CAUCAIA,110000.0,300000.0,130913.0,44
2021-01-01,ce_gnr_fortaleza,GNR FORTALEZA VALORIZAÇÃO DE BIOGÁS LTDA.,CE,CAUCAIA,110000.0,300000.0,125489.0,42
2021-02-01,ce_gnr_fortaleza,GNR FORTALEZA VALORIZAÇÃO DE BIOGÁS LTDA.,CE,CAUCAIA,110000.0,300000.0,117918.0,39
2021-03-01,ce_gnr_fortaleza,GNR FORTALEZA VALORIZAÇÃO DE BIOGÁS LTDA.,CE,CAUCAIA,110000.0,300000.0,145712.0,49
2021-04-01,ce_gnr_fortaleza,GNR FORTALEZA VALORIZAÇÃO DE BIOGÁS LTDA.,CE,CAUCAIA,110000.0,300000.0,156390.0,52
2021-05-01,ce_gnr_fortaleza,GNR FORTALEZA VALORIZAÇÃO DE BIOGÁS LTDA.,CE,CAUCAIA,110000.0,300000.0,163821.0,55
2021-06-01,ce_gnr_fortaleza,GNR FORTALEZA VALORIZAÇÃO DE BIOGÁS LTDA.,CE,CAUCAIA,110000.0,300000.0,158044.0,53
2021-07-01,ce_gnr_fortaleza,GNR FORTALEZA VALORIZAÇÃO DE BIOGÁS LTDA.,CE,CAUCAIA,110000.0,300000.0,149591.0,50
2021-08-01,ce_gnr_fortaleza,GNR FORTALEZA VALORIZAÇÃO DE BIOGÁS LTDA.,CE,CAUCAIA,110000.0,300000.0,165935.0,55
2021-09-01,ce_gnr_fortaleza,GNR FORTALEZA VALORIZAÇÃO DE BIOGÁS LTDA.,CE,CAUCAIA,110000.0,300000.0,166538.0,56
2021-10-01,ce_gnr_fortaleza,GNR FORTALEZA VALORIZAÇÃO DE BIOGÁS LTDA.,CE,CAUCAIA,110000.0,300000.0,172096.0,57
2021-11-01,ce_gnr_fortaleza,GNR FORTALEZA VALORIZAÇÃO DE BIOGÁS LTDA.,CE,CAUCAIA,110000.0,300000.0,165776.0,55
2021-12-01,ce_gnr_fortaleza,GNR FORTALEZA VALORIZAÇÃO DE BIOGÁS LTDA.,CE,CAUCAIA,110000.0,300000.0,70600.0,24
2022-01-01,ce_gnr_fortaleza,GNR FORTALEZA VALORIZAÇÃO DE BIOGÁS LTDA.,CE,CAUCAIA,110000.0,300000.0,150839.0,50
2022-02-01,ce_gnr_fortaleza,GNR FORTALEZA VALORIZAÇÃO DE BIOGÁS LTDA.,CE,CAUCAIA,110000.0,300000.0,177441.0,59
2022-03-01,ce_gnr_fortaleza,GNR FORTALEZA VALORIZAÇÃO DE BIOGÁS LTDA.,CE,CAUCAIA,110000.0,300000.0,165036.0,55
2022-04-01,ce_gnr_fortaleza,GNR FORTALEZA VALORIZAÇÃO DE BIOGÁS LTDA.,CE,CAUCAIA,110000.0,300000.0,193729.0,65
2022-05-01,ce_gnr_fortaleza,GNR FORTALEZA VALORIZAÇÃO DE BIOGÁS LTDA.,CE,CAUCAIA,110000.0,300000.0,186861.0,62
2022-06-01,ce_gnr_fortaleza,GNR FORTALEZA VALORIZAÇÃO DE BIOGÁS LTDA.,CE,CAUCAIA,110000.0,300000.0,183303.0,61
2022-07-01,ce_gnr_fortaleza,GNR FORTALEZA VALORIZAÇÃO DE BIOGÁS LTDA.,CE,CAUCAIA,110000.0,300000.0,176830.0,59
2022-08-01,ce_gnr_fortaleza,GNR FORTALEZA VALORIZAÇÃO DE BIOGÁS LTDA.,CE,CAUCAIA,110000.0,300000.0,152957.0,51
2022-09-01,ce_gnr_fortaleza,GNR FORTALEZA VALORIZAÇÃO DE BIOGÁS LTDA.,CE,CAUCAIA,110000.0,300000.0,154725.0,52
2022-10-01,ce_gnr_fortaleza,GNR FORTALEZA VALORIZAÇÃO DE BIOGÁS LTDA.,CE,CAUCAIA,110000.0,300000.0,150551.0,50
2022-11-01,ce_gnr_fortaleza,GNR FORTALEZA VALORIZAÇÃO DE BIOGÁS LTDA.,CE,CAUCAIA,110000.0,300000.0,169476.0,56
2022-12-01,ce_gnr_fortaleza,GNR FORTALEZA VALORIZAÇÃO DE BIOGÁS LTDA.,CE,CAUCAIA,110000.0,300000.0,167111.0,56
2023-01-01,ce_gnr_fortaleza,GNR FORTALEZA VALORIZAÇÃO DE BIOGÁS LTDA.,CE,CAUCAIA,110000.0,300000.0,171498.0,57
2023-02-01,ce_gnr_fortaleza,GNR FORTALEZA VALORIZAÇÃO DE BIOGÁS LTDA.,CE,CAUCAIA,110000.0,300000.0,184478.0,61
2023-03-01,ce_gnr_fortaleza,GNR FORTALEZA VALORIZAÇÃO DE BIOGÁS LTDA.,CE,CAUCAIA,110000.0,300000.0,190154.0,63
2023-04-01,ce_gnr_fortaleza,GNR FORTALEZA VALORIZAÇÃO DE BIOGÁS LTDA.,CE,CAUCAIA,110000.0,300000.0,174104.0,58
2023-05-01,ce_gnr_fortaleza,GNR FORTALEZA VALORIZAÇÃO DE BIOGÁS LTDA.,CE,CAUCAIA,110000.0,300000.0,172323.0,57
2023-06-01,ce_gnr_fortaleza,GNR FORTALEZA VALORIZAÇÃO DE BIOGÁS LTDA.,CE,CAUCAIA,110000.0,300000.0,150966.0,50
2023-07-01,ce_gnr_fortaleza,GNR FORTALEZA VALORIZAÇÃO DE BIOGÁS LTDA.,CE,CAUCAIA,110000.0,300000.0,152892.0,51
2023-08-01,ce_gnr_fortaleza,GNR FORTALEZA VALORIZAÇÃO DE BIOGÁS LTDA.,CE,CAUCAIA,110000.0,300000.0,146695.0,49
2023-09-01,ce_gnr_fortaleza,GNR FORTALEZA VALORIZAÇÃO DE BIOGÁS LTDA.,CE,CAUCAIA,110000.0,300000.0,138911.0,46
2023-10-01,ce_gnr_fortaleza,GNR FORTALEZA VALORIZAÇÃO DE BIOGÁS LTDA.,CE,CAUCAIA,110000.0,300000.0,140526.0,47
2023-11-01,ce_gnr_fortaleza,GNR FORTALEZA VALORIZAÇÃO DE BIOGÁS LTDA.,CE,CAUCAIA,110000.0,300000.0,125553.0,42
2023-12-01,ce_gnr_fortaleza,GNR FORTALEZA VALORIZAÇÃO DE BIOGÁS LTDA.,CE,CAUCAIA,110000.0,300000.0,120902.0,40
2024-01-01,ce_gnr_fortaleza,GNR FORTALEZA VALORIZAÇÃO DE BIOGÁS LTDA.,CE,CAUCAIA,110000.0,300000.0,127377.0,42
2024-02-01,ce_gnr_fortaleza,GNR FORTALEZA VALORIZAÇÃO DE BIOGÁS LTDA.,CE,CAUCAIA,110000.0,300000.0,137572.0,46
2024-03-01,ce_gnr_fortaleza,GNR FORTALEZA VALORIZAÇÃO DE BIOGÁS LTDA.,CE,CAUCAIA,110000.0,300000.0,179658.0,60
2024-04-01,ce_gnr_fortaleza,GNR FORTALEZA VALORIZAÇÃO DE BIOGÁS LTDA.,CE,CAUCAIA,110000.0,300000.0,170335.0,57
2024-05-01,ce_gnr_fortaleza,GNR FORTALEZA VALORIZAÇÃO DE BIOGÁS LTDA.,CE,CAUCAIA,110000.0,300000.0,177583.0,59
2024-06-01,ce_gnr_fortaleza,GNR FORTALEZA VALORIZAÇÃO DE BIOGÁS LTDA.,CE,CAUCAIA,110000.0,300000.0,178688.0,60
2024-07-01,ce_gnr_fortaleza,GNR FORTALEZA VALORIZAÇÃO DE BIOGÁS LTDA.,CE,CAUCAIA,110000.0,300000.0,190672.0,64
2024-08-01,ce_gnr_fortaleza,GNR FORTALEZA VALORIZAÇÃO DE BIOGÁS LTDA.,CE,CAUCAIA,110000.0,300000.0,159502.0,53
2024-09-01,ce_gnr_fortaleza,GNR FORTALEZA VALORIZAÇÃO DE BIOGÁS LTDA.,CE,CAUCAIA,110000.0,300000.0,153705.0,51
2024-10-01,ce_gnr_fortaleza,GNR FORTALEZA VALORIZAÇÃO DE BIOGÁS LTDA.,CE,CAUCAIA,110000.0,300000.0,166141.0,55
2024-11-01,ce_gnr_fortaleza,GNR FORTALEZA VALORIZAÇÃO DE BIOGÁS LTDA.,CE,CAUCAIA,110000.0,300000.0,130489.0,43
2024-12-01,ce_gnr_fortaleza,GNR FORTALEZA VALORIZAÇÃO DE BIOGÁS LTDA.,CE,CAUCAIA,110000.0,300000.0,142941.0,48
2025-01-01,ce_gnr_fortaleza,GNR FORTALEZA VALORIZAÇÃO DE BIOGÁS LTDA.,CE,CAUCAIA,110000.0,300000.0,118542.0,40
2025-02-01,ce_gnr_fortaleza,GNR FORTALEZA VALORIZAÇÃO DE BIOGÁS LTDA.,CE,CAUCAIA,110000.0,300000.0,136008.0,45
2025-03-01,ce_gnr_fortaleza,GNR FORTALEZA VALORIZAÇÃO DE BIOGÁS LTDA.,CE,CAUCAIA,110000.0,300000.0,133359.0,44
2025-04-01,ce_gnr_fortaleza,GNR FORTALEZA VALORIZAÇÃO DE BIOGÁS LTDA.,CE,CAUCAIA,110000.0,300000.0,128379.0,43
2025-05-01,ce_gnr_fortaleza,GNR FORTALEZA VALORIZAÇÃO DE BIOGÁS LTDA.,CE,CAUCAIA,110000.0,300000.0,124337.0,41
2025-06-01,ce_gnr_fortaleza,GNR FORTALEZA VALORIZAÇÃO DE BIOGÁS LTDA.,CE,CAUCAIA,110000.0,300000.0,119401.0,40
2025-07-01,ce_gnr_fortaleza,GNR FORTALEZA VALORIZAÇÃO DE BIOGÁS LTDA.,CE,CAUCAIA,110000.0,300000.0,116991.0,39
2025-08-01,ce_gnr_fortaleza,GNR FORTALEZA VALORIZAÇÃO DE BIOGÁS LTDA.,CE,CAUCAIA,110000.0,300000.0,110665.0,37
2025-09-01,ce_gnr_fortaleza,GNR FORTALEZA VALORIZAÇÃO DE BIOGÁS LTDA.,CE,CAUCAIA,110000.0,300000.0,107236.0,36
2025-10-01,ce_gnr_fortaleza,GNR FORTALEZA VALORIZAÇÃO DE BIOGÁS LTDA.,CE,CAUCAIA,110000.0,300000.0,126448.0,42
2025-11-01,ce_gnr_fortaleza,GNR FORTALEZA VALORIZAÇÃO DE BIOGÁS LTDA.,CE,CAUCAIA,110000.0,300000.0,121692.0,41
2025-12-01,ce_gnr_fortaleza,GNR FORTALEZA VALORIZAÇÃO DE BIOGÁS LTDA.,CE,CAUCAIA,110000.0,300000.0,134129.0,45
2026-01-01,ce_gnr_fortaleza,GNR FORTALEZA VALORIZAÇÃO DE BIOGÁS LTDA.,CE,CAUCAIA,110000.0,300000.0,143488.0,48
2026-02-01,ce_gnr_fortaleza,GNR FORTALEZA VALORIZAÇÃO DE BIOGÁS LTDA.,CE,CAUCAIA,110000.0,300000.0,150851.0,50
2026-03-01,ce_gnr_fortaleza,GNR FORTALEZA VALORIZAÇÃO DE BIOGÁS LTDA.,CE,CAUCAIA,110000.0,300000.0,146587.0,49
2026-04-01,ce_gnr_fortaleza,GNR FORTALEZA VALORIZAÇÃO DE BIOGÁS LTDA.,CE,CAUCAIA,110000.0,300000.0,142800.0,48
2025-03-01,mg_zeg_aroeira_tupaciguara,ZEG BIOGÁS AROEIRA SPE LTDA.,MG,TUPACIGUARA,16912.0,30626.0,0.0,0
2025-04-01,mg_zeg_aroeira_tupaciguara,ZEG BIOGÁS AROEIRA SPE LTDA.,MG,TUPACIGUARA,16912.0,30626.0,24.0,0
2025-05-01,mg_zeg_aroeira_tupaciguara,ZEG BIOGÁS AROEIRA SPE LTDA.,MG,TUPACIGUARA,16912.0,30626.0,173.0,1
2025-06-01,mg_zeg_aroeira_tupaciguara,ZEG BIOGÁS AROEIRA SPE LTDA.,MG,TUPACIGUARA,16912.0,30626.0,0.0,0
2025-07-01,mg_zeg_aroeira_tupaciguara,ZEG BIOGÁS AROEIRA SPE LTDA.,MG,TUPACIGUARA,16912.0,30626.0,2196.0,7
2025-08-01,mg_zeg_aroeira_tupaciguara,ZEG BIOGÁS AROEIRA SPE LTDA.,MG,TUPACIGUARA,16912.0,30626.0,3649.0,12
2025-09-01,mg_zeg_aroeira_tupaciguara,ZEG BIOGÁS AROEIRA SPE LTDA.,MG,TUPACIGUARA,16912.0,30626.0,3934.0,13
2025-10-01,mg_zeg_aroeira_tupaciguara,ZEG BIOGÁS AROEIRA SPE LTDA.,MG,TUPACIGUARA,16912.0,30626.0,3259.0,11
2025-11-01,mg_zeg_aroeira_tupaciguara,ZEG BIOGÁS AROEIRA SPE LTDA.,MG,TUPACIGUARA,16912.0,30626.0,258.0,1
2025-12-01,mg_zeg_aroeira_tupaciguara,ZEG BIOGÁS AROEIRA SPE LTDA.,MG,TUPACIGUARA,16912.0,30626.0,0.0,0
2026-01-01,mg_zeg_aroeira_tupaciguara,ZEG BIOGÁS AROEIRA SPE LTDA.,MG,TUPACIGUARA,16912.0,30626.0,0.0,0
2026-02-01,mg_zeg_aroeira_tupaciguara,ZEG BIOGÁS AROEIRA SPE LTDA.,MG,TUPACIGUARA,16912.0,30626.0,0.0,0
2026-03-01,mg_zeg_aroeira_tupaciguara,ZEG BIOGÁS AROEIRA SPE LTDA.,MG,TUPACIGUARA,16912.0,30626.0,0.0,0
2026-04-01,mg_zeg_aroeira_tupaciguara,ZEG BIOGÁS AROEIRA SPE LTDA.,MG,TUPACIGUARA,16912.0,30626.0,1905.0,6
2024-12-01,ms_adecoagro_ivinhema,ADECOAGRO VALE DO IVINHEMA S.A.,MS,IVINHEMA,8000.0,12000.0,0.0,0
2025-01-01,ms_adecoagro_ivinhema,ADECOAGRO VALE DO IVINHEMA S.A.,MS,IVINHEMA,8000.0,12000.0,0.0,0
2025-02-01,ms_adecoagro_ivinhema,ADECOAGRO VALE DO IVINHEMA S.A.,MS,IVINHEMA,8000.0,12000.0,0.0,0
2025-03-01,ms_adecoagro_ivinhema,ADECOAGRO VALE DO IVINHEMA S.A.,MS,IVINHEMA,8000.0,12000.0,0.0,0
2025-04-01,ms_adecoagro_ivinhema,ADECOAGRO VALE DO IVINHEMA S.A.,MS,IVINHEMA,8000.0,12000.0,0.0,0
2025-05-01,ms_adecoagro_ivinhema,ADECOAGRO VALE DO IVINHEMA S.A.,MS,IVINHEMA,8000.0,12000.0,0.0,0
2025-06-01,ms_adecoagro_ivinhema,ADECOAGRO VALE DO IVINHEMA S.A.,MS,IVINHEMA,8000.0,12000.0,0.0,0
2025-07-01,ms_adecoagro_ivinhema,ADECOAGRO VALE DO IVINHEMA S.A.,MS,IVINHEMA,8000.0,12000.0,0.0,0
2025-08-01,ms_adecoagro_ivinhema,ADECOAGRO VALE DO IVINHEMA S.A.,MS,IVINHEMA,8000.0,12000.0,0.0,0
2025-09-01,ms_adecoagro_ivinhema,ADECOAGRO VALE DO IVINHEMA S.A.,MS,IVINHEMA,8000.0,12000.0,0.0,0
2025-10-01,ms_adecoagro_ivinhema,ADECOAGRO VALE DO IVINHEMA S.A.,MS,IVINHEMA,8000.0,12000.0,0.0,0
2025-11-01,ms_adecoagro_ivinhema,ADECOAGRO VALE DO IVINHEMA S.A.,MS,IVINHEMA,8000.0,12000.0,0.0,0
2025-12-01,ms_adecoagro_ivinhema,ADECOAGRO VALE DO IVINHEMA S.A.,MS,IVINHEMA,8000.0,12000.0,0.0,0
2026-01-01,ms_adecoagro_ivinhema,ADECOAGRO VALE DO IVINHEMA S.A.,MS,IVINHEMA,8000.0,12000.0,0.0,0
2026-02-01,ms_adecoagro_ivinhema,ADECOAGRO VALE DO IVINHEMA S.A.,MS,IVINHEMA,8000.0,12000.0,0.0,0
2026-03-01,ms_adecoagro_ivinhema,ADECOAGRO VALE DO IVINHEMA S.A.,MS,IVINHEMA,8000.0,12000.0,0.0,0
2026-04-01,ms_adecoagro_ivinhema,ADECOAGRO VALE DO IVINHEMA S.A.,MS,IVINHEMA,8000.0,12000.0,0.0,0
2025-07-01,pe_orizon_jaboatao,ORIZON BIOMETANO JABOATÃO DOS GUARARAPES LIMITADA,PE,JABOATAO DOS GUARARAPES,108931.0,240000.0,0.0,0
2025-08-01,pe_orizon_jaboatao,ORIZON BIOMETANO JABOATÃO DOS GUARARAPES LIMITADA,PE,JABOATAO DOS GUARARAPES,108931.0,240000.0,0.0,0
2025-09-01,pe_orizon_jaboatao,ORIZON BIOMETANO JABOATÃO DOS GUARARAPES LIMITADA,PE,JABOATAO DOS GUARARAPES,108931.0,240000.0,0.0,0
2025-10-01,pe_orizon_jaboatao,ORIZON BIOMETANO JABOATÃO DOS GUARARAPES LIMITADA,PE,JABOATAO DOS GUARARAPES,108931.0,240000.0,0.0,0
2025-11-01,pe_orizon_jaboatao,ORIZON BIOMETANO JABOATÃO DOS GUARARAPES LIMITADA,PE,JABOATAO DOS GUARARAPES,108931.0,240000.0,471.0,0
2025-12-01,pe_orizon_jaboatao,ORIZON BIOMETANO JABOATÃO DOS GUARARAPES LIMITADA,PE,JABOATAO DOS GUARARAPES,108931.0,240000.0,14495.0,6
2026-01-01,pe_orizon_jaboatao,ORIZON BIOMETANO JABOATÃO DOS GUARARAPES LIMITADA,PE,JABOATAO DOS GUARARAPES,108931.0,240000.0,12843.0,5
2026-02-01,pe_orizon_jaboatao,ORIZON BIOMETANO JABOATÃO DOS GUARARAPES LIMITADA,PE,JABOATAO DOS GUARARAPES,108931.0,240000.0,12923.0,5
2026-03-01,pe_orizon_jaboatao,ORIZON BIOMETANO JABOATÃO DOS GUARARAPES LIMITADA,PE,JABOATAO DOS GUARARAPES,108931.0,240000.0,40058.0,17
2026-04-01,pe_orizon_jaboatao,ORIZON BIOMETANO JABOATÃO DOS GUARARAPES LIMITADA,PE,JABOATAO DOS GUARARAPES,108931.0,240000.0,64147.0,27
2024-12-01,pr_geo_tamboara,GEO ELÉTRICA TAMBOARA BIOENERGIA LTDA,PR,TAMBOARA,31200.0,84000.0,0.0,0
2025-01-01,pr_geo_tamboara,GEO ELÉTRICA TAMBOARA BIOENERGIA LTDA,PR,TAMBOARA,31200.0,84000.0,0.0,0
2025-02-01,pr_geo_tamboara,GEO ELÉTRICA TAMBOARA BIOENERGIA LTDA,PR,TAMBOARA,31200.0,84000.0,0.0,0
2025-03-01,pr_geo_tamboara,GEO ELÉTRICA TAMBOARA BIOENERGIA LTDA,PR,TAMBOARA,31200.0,84000.0,6780.0,8
2025-04-01,pr_geo_tamboara,GEO ELÉTRICA TAMBOARA BIOENERGIA LTDA,PR,TAMBOARA,31200.0,84000.0,632.0,1
2025-05-01,pr_geo_tamboara,GEO ELÉTRICA TAMBOARA BIOENERGIA LTDA,PR,TAMBOARA,31200.0,84000.0,6157.0,7
2025-06-01,pr_geo_tamboara,GEO ELÉTRICA TAMBOARA BIOENERGIA LTDA,PR,TAMBOARA,31200.0,84000.0,0.0,0
2025-07-01,pr_geo_tamboara,GEO ELÉTRICA TAMBOARA BIOENERGIA LTDA,PR,TAMBOARA,31200.0,84000.0,0.0,0
2025-08-01,pr_geo_tamboara,GEO ELÉTRICA TAMBOARA BIOENERGIA LTDA,PR,TAMBOARA,31200.0,84000.0,0.0,0
2025-09-01,pr_geo_tamboara,GEO ELÉTRICA TAMBOARA BIOENERGIA LTDA,PR,TAMBOARA,31200.0,84000.0,0.0,0
2025-10-01,pr_geo_tamboara,GEO ELÉTRICA TAMBOARA BIOENERGIA LTDA,PR,TAMBOARA,31200.0,84000.0,3768.0,4
2025-11-01,pr_geo_tamboara,GEO ELÉTRICA TAMBOARA BIOENERGIA LTDA,PR,TAMBOARA,31200.0,84000.0,10900.0,13
2025-12-01,pr_geo_tamboara,GEO ELÉTRICA TAMBOARA BIOENERGIA LTDA,PR,TAMBOARA,31200.0,84000.0,12133.0,14
2026-01-01,pr_geo_tamboara,GEO ELÉTRICA TAMBOARA BIOENERGIA LTDA,PR,TAMBOARA,40000.0,86880.0,16504.0,19
2026-02-01,pr_geo_tamboara,GEO ELÉTRICA TAMBOARA BIOENERGIA LTDA,PR,TAMBOARA,40000.0,86880.0,16721.0,19
2026-03-01,pr_geo_tamboara,GEO ELÉTRICA TAMBOARA BIOENERGIA LTDA,PR,TAMBOARA,40000.0,86880.0,22086.0,25
2026-04-01,pr_geo_tamboara,GEO ELÉTRICA TAMBOARA BIOENERGIA LTDA,PR,TAMBOARA,40000.0,86880.0,18613.0,21
2020-07-01,rj_gasverde_seropedica,GÁS VERDE S.A.,RJ,SEROPEDICA,204000.0,480000.0,346828.0,72
2020-08-01,rj_gasverde_seropedica,GÁS VERDE S.A.,RJ,SEROPEDICA,204000.0,480000.0,440390.0,92
2020-09-01,rj_gasverde_seropedica,GÁS VERDE S.A.,RJ,SEROPEDICA,204000.0,480000.0,445679.0,93
2020-10-01,rj_gasverde_seropedica,GÁS VERDE S.A.,RJ,SEROPEDICA,204000.0,480000.0,438349.0,91
2020-11-01,rj_gasverde_seropedica,GÁS VERDE S.A.,RJ,SEROPEDICA,204000.0,480000.0,316415.0,66
2020-12-01,rj_gasverde_seropedica,GÁS VERDE S.A.,RJ,SEROPEDICA,204000.0,480000.0,306247.0,64
2021-01-01,rj_gasverde_seropedica,GÁS VERDE S.A.,RJ,SEROPEDICA,204000.0,480000.0,203886.0,42
2021-02-01,rj_gasverde_seropedica,GÁS VERDE S.A.,RJ,SEROPEDICA,204000.0,480000.0,336000.0,70
2021-03-01,rj_gasverde_seropedica,GÁS VERDE S.A.,RJ,SEROPEDICA,204000.0,480000.0,336000.0,70
2021-04-01,rj_gasverde_seropedica,GÁS VERDE S.A.,RJ,SEROPEDICA,204000.0,480000.0,365089.0,76
2021-05-01,rj_gasverde_seropedica,GÁS VERDE S.A.,RJ,SEROPEDICA,204000.0,480000.0,384000.0,80
2021-06-01,rj_gasverde_seropedica,GÁS VERDE S.A.,RJ,SEROPEDICA,204000.0,480000.0,384000.0,80
2021-07-01,rj_gasverde_seropedica,GÁS VERDE S.A.,RJ,SEROPEDICA,204000.0,480000.0,373876.0,78
2021-08-01,rj_gasverde_seropedica,GÁS VERDE S.A.,RJ,SEROPEDICA,204000.0,480000.0,384000.0,80
2021-09-01,rj_gasverde_seropedica,GÁS VERDE S.A.,RJ,SEROPEDICA,204000.0,480000.0,384000.0,80
2021-10-01,rj_gasverde_seropedica,GÁS VERDE S.A.,RJ,SEROPEDICA,204000.0,480000.0,382845.0,80
2021-11-01,rj_gasverde_seropedica,GÁS VERDE S.A.,RJ,SEROPEDICA,204000.0,480000.0,384000.0,80
2021-12-01,rj_gasverde_seropedica,GÁS VERDE S.A.,RJ,SEROPEDICA,204000.0,480000.0,384000.0,80
2022-01-01,rj_gasverde_seropedica,GÁS VERDE S.A.,RJ,SEROPEDICA,204000.0,480000.0,384000.0,80
2022-02-01,rj_gasverde_seropedica,GÁS VERDE S.A.,RJ,SEROPEDICA,204000.0,480000.0,384000.0,80
2022-03-01,rj_gasverde_seropedica,GÁS VERDE S.A.,RJ,SEROPEDICA,204000.0,480000.0,384000.0,80
2022-04-01,rj_gasverde_seropedica,GÁS VERDE S.A.,RJ,SEROPEDICA,204000.0,480000.0,385875.0,80
2022-05-01,rj_gasverde_seropedica,GÁS VERDE S.A.,RJ,SEROPEDICA,204000.0,480000.0,387139.0,81
2022-06-01,rj_gasverde_seropedica,GÁS VERDE S.A.,RJ,SEROPEDICA,204000.0,480000.0,384000.0,80
2022-07-01,rj_gasverde_seropedica,GÁS VERDE S.A.,RJ,SEROPEDICA,204000.0,480000.0,394781.0,82
2022-08-01,rj_gasverde_seropedica,GÁS VERDE S.A.,RJ,SEROPEDICA,204000.0,480000.0,413848.0,86
2022-09-01,rj_gasverde_seropedica,GÁS VERDE S.A.,RJ,SEROPEDICA,204000.0,480000.0,426450.0,89
2022-10-01,rj_gasverde_seropedica,GÁS VERDE S.A.,RJ,SEROPEDICA,204000.0,480000.0,450798.0,94
2022-11-01,rj_gasverde_seropedica,GÁS VERDE S.A.,RJ,SEROPEDICA,204000.0,480000.0,432929.0,90
2022-12-01,rj_gasverde_seropedica,GÁS VERDE S.A.,RJ,SEROPEDICA,204000.0,480000.0,417237.0,87
2023-01-01,rj_gasverde_seropedica,GÁS VERDE S.A.,RJ,SEROPEDICA,204000.0,480000.0,406630.0,85
2023-02-01,rj_gasverde_seropedica,GÁS VERDE S.A.,RJ,SEROPEDICA,204000.0,480000.0,455876.0,95
2023-03-01,rj_gasverde_seropedica,GÁS VERDE S.A.,RJ,SEROPEDICA,204000.0,480000.0,432395.0,90
2023-04-01,rj_gasverde_seropedica,GÁS VERDE S.A.,RJ,SEROPEDICA,204000.0,480000.0,410954.0,86
2023-05-01,rj_gasverde_seropedica,GÁS VERDE S.A.,RJ,SEROPEDICA,204000.0,480000.0,393751.0,82
2023-06-01,rj_gasverde_seropedica,GÁS VERDE S.A.,RJ,SEROPEDICA,204000.0,480000.0,392669.0,82
2023-07-01,rj_gasverde_seropedica,GÁS VERDE S.A.,RJ,SEROPEDICA,204000.0,480000.0,403565.0,84
2023-08-01,rj_gasverde_seropedica,GÁS VERDE S.A.,RJ,SEROPEDICA,204000.0,480000.0,397119.0,83
2023-09-01,rj_gasverde_seropedica,GÁS VERDE S.A.,RJ,SEROPEDICA,204000.0,480000.0,383238.0,80
2023-10-01,rj_gasverde_seropedica,GÁS VERDE S.A.,RJ,SEROPEDICA,204000.0,480000.0,385145.0,80
2023-11-01,rj_gasverde_seropedica,GÁS VERDE S.A.,RJ,SEROPEDICA,204000.0,480000.0,384000.0,80
2023-12-01,rj_gasverde_seropedica,GÁS VERDE S.A.,RJ,SEROPEDICA,204000.0,480000.0,385343.0,80
2024-01-01,rj_gasverde_seropedica,GÁS VERDE S.A.,RJ,SEROPEDICA,204000.0,480000.0,392325.0,82
2024-02-01,rj_gasverde_seropedica,GÁS VERDE S.A.,RJ,SEROPEDICA,204000.0,480000.0,398982.0,83
2024-03-01,rj_gasverde_seropedica,GÁS VERDE S.A.,RJ,SEROPEDICA,204000.0,480000.0,401445.0,84
2024-04-01,rj_gasverde_seropedica,GÁS VERDE S.A.,RJ,SEROPEDICA,204000.0,480000.0,382071.0,80
2024-05-01,rj_gasverde_seropedica,GÁS VERDE S.A.,RJ,SEROPEDICA,204000.0,480000.0,404549.0,84
2024-06-01,rj_gasverde_seropedica,GÁS VERDE S.A.,RJ,SEROPEDICA,204000.0,480000.0,408202.0,85
2024-07-01,rj_gasverde_seropedica,GÁS VERDE S.A.,RJ,SEROPEDICA,204000.0,480000.0,387251.0,81
2024-08-01,rj_gasverde_seropedica,GÁS VERDE S.A.,RJ,SEROPEDICA,204000.0,480000.0,387082.0,81
2024-09-01,rj_gasverde_seropedica,GÁS VERDE S.A.,RJ,SEROPEDICA,204000.0,480000.0,383238.0,80
2024-10-01,rj_gasverde_seropedica,GÁS VERDE S.A.,RJ,SEROPEDICA,204000.0,480000.0,384000.0,80
2024-11-01,rj_gasverde_seropedica,GÁS VERDE S.A.,RJ,SEROPEDICA,204000.0,480000.0,401209.0,84
2024-12-01,rj_gasverde_seropedica,GÁS VERDE S.A.,RJ,SEROPEDICA,204000.0,480000.0,384000.0,80
2025-01-01,rj_gasverde_seropedica,GÁS VERDE S.A.,RJ,SEROPEDICA,204000.0,480000.0,387298.0,81
2025-02-01,rj_gasverde_seropedica,GÁS VERDE S.A.,RJ,SEROPEDICA,204000.0,480000.0,393692.0,82
2025-03-01,rj_gasverde_seropedica,GÁS VERDE S.A.,RJ,SEROPEDICA,204000.0,480000.0,359781.0,75
2025-04-01,rj_gasverde_seropedica,GÁS VERDE S.A.,RJ,SEROPEDICA,204000.0,480000.0,384000.0,80
2025-05-01,rj_gasverde_seropedica,GÁS VERDE S.A.,RJ,SEROPEDICA,204000.0,480000.0,384000.0,80
2025-06-01,rj_gasverde_seropedica,GÁS VERDE S.A.,RJ,SEROPEDICA,204000.0,480000.0,477851.0,100
2025-07-01,rj_gasverde_seropedica,GÁS VERDE S.A.,RJ,SEROPEDICA,204000.0,480000.0,362049.0,75
2025-08-01,rj_gasverde_seropedica,GÁS VERDE S.A.,RJ,SEROPEDICA,204000.0,480000.0,378566.0,79
2025-09-01,rj_gasverde_seropedica,GÁS VERDE S.A.,RJ,SEROPEDICA,204000.0,480000.0,375886.0,78
2025-10-01,rj_gasverde_seropedica,GÁS VERDE S.A.,RJ,SEROPEDICA,204000.0,480000.0,384000.0,80
2025-11-01,rj_gasverde_seropedica,GÁS VERDE S.A.,RJ,SEROPEDICA,204000.0,480000.0,384000.0,80
2025-12-01,rj_gasverde_seropedica,GÁS VERDE S.A.,RJ,SEROPEDICA,204000.0,480000.0,349196.0,73
2026-01-01,rj_gasverde_seropedica,GÁS VERDE S.A.,RJ,SEROPEDICA,204000.0,480000.0,358250.0,75
2026-02-01,rj_gasverde_seropedica,GÁS VERDE S.A.,RJ,SEROPEDICA,204000.0,480000.0,361019.0,75
2026-03-01,rj_gasverde_seropedica,GÁS VERDE S.A.,RJ,SEROPEDICA,204000.0,480000.0,384000.0,80
2026-04-01,rj_gasverde_seropedica,GÁS VERDE S.A.,RJ,SEROPEDICA,204000.0,480000.0,381731.0,80
2020-07-01,rj_gnr_dois_arcos,GNR DOIS ARCOS VALORIZAÇÃO DE BIOGÁS LTDA.,RJ,SAO PEDRO DA ALDEIA,16000.0,30672.0,6172.0,20
2020-08-01,rj_gnr_dois_arcos,GNR DOIS ARCOS VALORIZAÇÃO DE BIOGÁS LTDA.,RJ,SAO PEDRO DA ALDEIA,16000.0,30672.0,11617.0,38
2020-09-01,rj_gnr_dois_arcos,GNR DOIS ARCOS VALORIZAÇÃO DE BIOGÁS LTDA.,RJ,SAO PEDRO DA ALDEIA,16000.0,30672.0,15012.0,49
2020-10-01,rj_gnr_dois_arcos,GNR DOIS ARCOS VALORIZAÇÃO DE BIOGÁS LTDA.,RJ,SAO PEDRO DA ALDEIA,16000.0,30672.0,6157.0,20
2020-11-01,rj_gnr_dois_arcos,GNR DOIS ARCOS VALORIZAÇÃO DE BIOGÁS LTDA.,RJ,SAO PEDRO DA ALDEIA,16000.0,30672.0,7481.0,24
2020-12-01,rj_gnr_dois_arcos,GNR DOIS ARCOS VALORIZAÇÃO DE BIOGÁS LTDA.,RJ,SAO PEDRO DA ALDEIA,16000.0,30672.0,13909.0,45
2021-01-01,rj_gnr_dois_arcos,GNR DOIS ARCOS VALORIZAÇÃO DE BIOGÁS LTDA.,RJ,SAO PEDRO DA ALDEIA,16000.0,30672.0,13078.0,43
2021-02-01,rj_gnr_dois_arcos,GNR DOIS ARCOS VALORIZAÇÃO DE BIOGÁS LTDA.,RJ,SAO PEDRO DA ALDEIA,16000.0,30672.0,10993.0,36
2021-03-01,rj_gnr_dois_arcos,GNR DOIS ARCOS VALORIZAÇÃO DE BIOGÁS LTDA.,RJ,SAO PEDRO DA ALDEIA,16000.0,30672.0,11646.0,38
2021-04-01,rj_gnr_dois_arcos,GNR DOIS ARCOS VALORIZAÇÃO DE BIOGÁS LTDA.,RJ,SAO PEDRO DA ALDEIA,16000.0,30672.0,11295.0,37
2021-05-01,rj_gnr_dois_arcos,GNR DOIS ARCOS VALORIZAÇÃO DE BIOGÁS LTDA.,RJ,SAO PEDRO DA ALDEIA,16000.0,30672.0,10384.0,34
2021-06-01,rj_gnr_dois_arcos,GNR DOIS ARCOS VALORIZAÇÃO DE BIOGÁS LTDA.,RJ,SAO PEDRO DA ALDEIA,16000.0,30672.0,11301.0,37
2021-07-01,rj_gnr_dois_arcos,GNR DOIS ARCOS VALORIZAÇÃO DE BIOGÁS LTDA.,RJ,SAO PEDRO DA ALDEIA,16000.0,30672.0,17077.0,56
2021-08-01,rj_gnr_dois_arcos,GNR DOIS ARCOS VALORIZAÇÃO DE BIOGÁS LTDA.,RJ,SAO PEDRO DA ALDEIA,16000.0,30672.0,16782.0,55
2021-09-01,rj_gnr_dois_arcos,GNR DOIS ARCOS VALORIZAÇÃO DE BIOGÁS LTDA.,RJ,SAO PEDRO DA ALDEIA,16000.0,30672.0,17187.0,56
2021-10-01,rj_gnr_dois_arcos,GNR DOIS ARCOS VALORIZAÇÃO DE BIOGÁS LTDA.,RJ,SAO PEDRO DA ALDEIA,16000.0,30672.0,17215.0,56
2021-11-01,rj_gnr_dois_arcos,GNR DOIS ARCOS VALORIZAÇÃO DE BIOGÁS LTDA.,RJ,SAO PEDRO DA ALDEIA,16000.0,30672.0,18685.0,61
2021-12-01,rj_gnr_dois_arcos,GNR DOIS ARCOS VALORIZAÇÃO DE BIOGÁS LTDA.,RJ,SAO PEDRO DA ALDEIA,16000.0,30672.0,22140.0,72
2022-01-01,rj_gnr_dois_arcos,GNR DOIS ARCOS VALORIZAÇÃO DE BIOGÁS LTDA.,RJ,SAO PEDRO DA ALDEIA,16000.0,30672.0,6985.0,23
2022-02-01,rj_gnr_dois_arcos,GNR DOIS ARCOS VALORIZAÇÃO DE BIOGÁS LTDA.,RJ,SAO PEDRO DA ALDEIA,16000.0,30672.0,0.0,0
2022-03-01,rj_gnr_dois_arcos,GNR DOIS ARCOS VALORIZAÇÃO DE BIOGÁS LTDA.,RJ,SAO PEDRO DA ALDEIA,16000.0,30672.0,15141.0,49
2022-04-01,rj_gnr_dois_arcos,GNR DOIS ARCOS VALORIZAÇÃO DE BIOGÁS LTDA.,RJ,SAO PEDRO DA ALDEIA,16000.0,30672.0,18750.0,61
2022-05-01,rj_gnr_dois_arcos,GNR DOIS ARCOS VALORIZAÇÃO DE BIOGÁS LTDA.,RJ,SAO PEDRO DA ALDEIA,16000.0,30672.0,19043.0,62
2022-06-01,rj_gnr_dois_arcos,GNR DOIS ARCOS VALORIZAÇÃO DE BIOGÁS LTDA.,RJ,SAO PEDRO DA ALDEIA,16000.0,30672.0,12417.0,40
2022-07-01,rj_gnr_dois_arcos,GNR DOIS ARCOS VALORIZAÇÃO DE BIOGÁS LTDA.,RJ,SAO PEDRO DA ALDEIA,16000.0,30672.0,0.0,0
2022-08-01,rj_gnr_dois_arcos,GNR DOIS ARCOS VALORIZAÇÃO DE BIOGÁS LTDA.,RJ,SAO PEDRO DA ALDEIA,16000.0,30672.0,1775.0,6
2022-09-01,rj_gnr_dois_arcos,GNR DOIS ARCOS VALORIZAÇÃO DE BIOGÁS LTDA.,RJ,SAO PEDRO DA ALDEIA,16000.0,30672.0,12365.0,40
2022-10-01,rj_gnr_dois_arcos,GNR DOIS ARCOS VALORIZAÇÃO DE BIOGÁS LTDA.,RJ,SAO PEDRO DA ALDEIA,16000.0,30672.0,11452.0,37
2022-11-01,rj_gnr_dois_arcos,GNR DOIS ARCOS VALORIZAÇÃO DE BIOGÁS LTDA.,RJ,SAO PEDRO DA ALDEIA,16000.0,30672.0,14097.0,46
2022-12-01,rj_gnr_dois_arcos,GNR DOIS ARCOS VALORIZAÇÃO DE BIOGÁS LTDA.,RJ,SAO PEDRO DA ALDEIA,16000.0,30672.0,13629.0,44
2023-01-01,rj_gnr_dois_arcos,GNR DOIS ARCOS VALORIZAÇÃO DE BIOGÁS LTDA.,RJ,SAO PEDRO DA ALDEIA,16000.0,30672.0,12994.0,42
2023-02-01,rj_gnr_dois_arcos,GNR DOIS ARCOS VALORIZAÇÃO DE BIOGÁS LTDA.,RJ,SAO PEDRO DA ALDEIA,16000.0,30672.0,18139.0,59
2023-03-01,rj_gnr_dois_arcos,GNR DOIS ARCOS VALORIZAÇÃO DE BIOGÁS LTDA.,RJ,SAO PEDRO DA ALDEIA,16000.0,30672.0,10656.0,35
2023-04-01,rj_gnr_dois_arcos,GNR DOIS ARCOS VALORIZAÇÃO DE BIOGÁS LTDA.,RJ,SAO PEDRO DA ALDEIA,16000.0,30672.0,24021.0,78
2023-05-01,rj_gnr_dois_arcos,GNR DOIS ARCOS VALORIZAÇÃO DE BIOGÁS LTDA.,RJ,SAO PEDRO DA ALDEIA,16000.0,30672.0,28774.0,94
2023-06-01,rj_gnr_dois_arcos,GNR DOIS ARCOS VALORIZAÇÃO DE BIOGÁS LTDA.,RJ,SAO PEDRO DA ALDEIA,16000.0,30672.0,26873.0,88
2023-07-01,rj_gnr_dois_arcos,GNR DOIS ARCOS VALORIZAÇÃO DE BIOGÁS LTDA.,RJ,SAO PEDRO DA ALDEIA,16000.0,30672.0,28933.0,94
2023-08-01,rj_gnr_dois_arcos,GNR DOIS ARCOS VALORIZAÇÃO DE BIOGÁS LTDA.,RJ,SAO PEDRO DA ALDEIA,16000.0,30672.0,28635.0,93
2023-09-01,rj_gnr_dois_arcos,GNR DOIS ARCOS VALORIZAÇÃO DE BIOGÁS LTDA.,RJ,SAO PEDRO DA ALDEIA,16000.0,30672.0,28484.0,93
2023-10-01,rj_gnr_dois_arcos,GNR DOIS ARCOS VALORIZAÇÃO DE BIOGÁS LTDA.,RJ,SAO PEDRO DA ALDEIA,16000.0,30672.0,28972.0,94
2023-11-01,rj_gnr_dois_arcos,GNR DOIS ARCOS VALORIZAÇÃO DE BIOGÁS LTDA.,RJ,SAO PEDRO DA ALDEIA,16000.0,30672.0,29075.0,95
2023-12-01,rj_gnr_dois_arcos,GNR DOIS ARCOS VALORIZAÇÃO DE BIOGÁS LTDA.,RJ,SAO PEDRO DA ALDEIA,16000.0,30672.0,27949.0,91
2024-01-01,rj_gnr_dois_arcos,GNR DOIS ARCOS VALORIZAÇÃO DE BIOGÁS LTDA.,RJ,SAO PEDRO DA ALDEIA,16000.0,30672.0,24494.0,80
2024-02-01,rj_gnr_dois_arcos,GNR DOIS ARCOS VALORIZAÇÃO DE BIOGÁS LTDA.,RJ,SAO PEDRO DA ALDEIA,16000.0,30672.0,26889.0,88
2024-03-01,rj_gnr_dois_arcos,GNR DOIS ARCOS VALORIZAÇÃO DE BIOGÁS LTDA.,RJ,SAO PEDRO DA ALDEIA,16000.0,30672.0,21701.0,71
2024-04-01,rj_gnr_dois_arcos,GNR DOIS ARCOS VALORIZAÇÃO DE BIOGÁS LTDA.,RJ,SAO PEDRO DA ALDEIA,16000.0,30672.0,25338.0,83
2024-05-01,rj_gnr_dois_arcos,GNR DOIS ARCOS VALORIZAÇÃO DE BIOGÁS LTDA.,RJ,SAO PEDRO DA ALDEIA,16000.0,30672.0,26063.0,85
2024-06-01,rj_gnr_dois_arcos,GNR DOIS ARCOS VALORIZAÇÃO DE BIOGÁS LTDA.,RJ,SAO PEDRO DA ALDEIA,16000.0,30672.0,18911.0,62
2024-07-01,rj_gnr_dois_arcos,GNR DOIS ARCOS VALORIZAÇÃO DE BIOGÁS LTDA.,RJ,SAO PEDRO DA ALDEIA,16000.0,30672.0,22852.0,75
2024-08-01,rj_gnr_dois_arcos,GNR DOIS ARCOS VALORIZAÇÃO DE BIOGÁS LTDA.,RJ,SAO PEDRO DA ALDEIA,16000.0,30672.0,29955.0,98
2024-09-01,rj_gnr_dois_arcos,GNR DOIS ARCOS VALORIZAÇÃO DE BIOGÁS LTDA.,RJ,SAO PEDRO DA ALDEIA,16000.0,30672.0,29872.0,97
2024-10-01,rj_gnr_dois_arcos,GNR DOIS ARCOS VALORIZAÇÃO DE BIOGÁS LTDA.,RJ,SAO PEDRO DA ALDEIA,16000.0,30672.0,28835.0,94
2024-11-01,rj_gnr_dois_arcos,GNR DOIS ARCOS VALORIZAÇÃO DE BIOGÁS LTDA.,RJ,SAO PEDRO DA ALDEIA,16000.0,30672.0,33698.0,110
2024-12-01,rj_gnr_dois_arcos,GNR DOIS ARCOS VALORIZAÇÃO DE BIOGÁS LTDA.,RJ,SAO PEDRO DA ALDEIA,16000.0,30672.0,30847.0,101
2025-01-01,rj_gnr_dois_arcos,GNR DOIS ARCOS VALORIZAÇÃO DE BIOGÁS LTDA.,RJ,SAO PEDRO DA ALDEIA,18480.0,36000.0,32554.0,90
2025-02-01,rj_gnr_dois_arcos,GNR DOIS ARCOS VALORIZAÇÃO DE BIOGÁS LTDA.,RJ,SAO PEDRO DA ALDEIA,18480.0,36000.0,33884.0,94
2025-03-01,rj_gnr_dois_arcos,GNR DOIS ARCOS VALORIZAÇÃO DE BIOGÁS LTDA.,RJ,SAO PEDRO DA ALDEIA,18480.0,36000.0,31664.0,88
2025-04-01,rj_gnr_dois_arcos,GNR DOIS ARCOS VALORIZAÇÃO DE BIOGÁS LTDA.,RJ,SAO PEDRO DA ALDEIA,18480.0,36000.0,27160.0,75
2025-05-01,rj_gnr_dois_arcos,GNR DOIS ARCOS VALORIZAÇÃO DE BIOGÁS LTDA.,RJ,SAO PEDRO DA ALDEIA,18480.0,36000.0,26796.0,74
2025-06-01,rj_gnr_dois_arcos,GNR DOIS ARCOS VALORIZAÇÃO DE BIOGÁS LTDA.,RJ,SAO PEDRO DA ALDEIA,18480.0,36000.0,15587.0,43
2025-07-01,rj_gnr_dois_arcos,GNR DOIS ARCOS VALORIZAÇÃO DE BIOGÁS LTDA.,RJ,SAO PEDRO DA ALDEIA,18480.0,36000.0,29910.0,83
2025-08-01,rj_gnr_dois_arcos,GNR DOIS ARCOS VALORIZAÇÃO DE BIOGÁS LTDA.,RJ,SAO PEDRO DA ALDEIA,18480.0,36000.0,29478.0,82
2025-09-01,rj_gnr_dois_arcos,GNR DOIS ARCOS VALORIZAÇÃO DE BIOGÁS LTDA.,RJ,SAO PEDRO DA ALDEIA,18480.0,36000.0,31055.0,86
2025-10-01,rj_gnr_dois_arcos,GNR DOIS ARCOS VALORIZAÇÃO DE BIOGÁS LTDA.,RJ,SAO PEDRO DA ALDEIA,18480.0,36000.0,32343.0,90
2025-11-01,rj_gnr_dois_arcos,GNR DOIS ARCOS VALORIZAÇÃO DE BIOGÁS LTDA.,RJ,SAO PEDRO DA ALDEIA,18480.0,36000.0,31582.0,88
2025-12-01,rj_gnr_dois_arcos,GNR DOIS ARCOS VALORIZAÇÃO DE BIOGÁS LTDA.,RJ,SAO PEDRO DA ALDEIA,18480.0,36000.0,30604.0,85
2026-01-01,rj_gnr_dois_arcos,GNR DOIS ARCOS VALORIZAÇÃO DE BIOGÁS LTDA.,RJ,SAO PEDRO DA ALDEIA,18480.0,36000.0,31753.0,88
2026-02-01,rj_gnr_dois_arcos,GNR DOIS ARCOS VALORIZAÇÃO DE BIOGÁS LTDA.,RJ,SAO PEDRO DA ALDEIA,18480.0,36000.0,29092.0,81
2026-03-01,rj_gnr_dois_arcos,GNR DOIS ARCOS VALORIZAÇÃO DE BIOGÁS LTDA.,RJ,SAO PEDRO DA ALDEIA,18480.0,36000.0,31338.0,87
2026-04-01,rj_gnr_dois_arcos,GNR DOIS ARCOS VALORIZAÇÃO DE BIOGÁS LTDA.,RJ,SAO PEDRO DA ALDEIA,18480.0,36000.0,30958.0,86
2025-08-01,rs_biometano_sul_minas_leao,BIOMETANO SUL S.A.,RS,MINAS DO LEAO,64848.0,132000.0,19114.0,14
2025-09-01,rs_biometano_sul_minas_leao,BIOMETANO SUL S.A.,RS,MINAS DO LEAO,64848.0,132000.0,51383.0,39
2025-10-01,rs_biometano_sul_minas_leao,BIOMETANO SUL S.A.,RS,MINAS DO LEAO,64848.0,132000.0,39046.0,30
2025-11-01,rs_biometano_sul_minas_leao,BIOMETANO SUL S.A.,RS,MINAS DO LEAO,64848.0,132000.0,39591.0,30
2025-12-01,rs_biometano_sul_minas_leao,BIOMETANO SUL S.A.,RS,MINAS DO LEAO,64848.0,132000.0,35459.0,27
2026-01-01,rs_biometano_sul_minas_leao,BIOMETANO SUL S.A.,RS,MINAS DO LEAO,64848.0,132000.0,21367.0,16
2026-02-01,rs_biometano_sul_minas_leao,BIOMETANO SUL S.A.,RS,MINAS DO LEAO,64848.0,132000.0,41486.0,31
2026-03-01,rs_biometano_sul_minas_leao,BIOMETANO SUL S.A.,RS,MINAS DO LEAO,64848.0,132000.0,20216.0,15
2026-04-01,rs_biometano_sul_minas_leao,BIOMETANO SUL S.A.,RS,MINAS DO LEAO,64848.0,132000.0,66085.0,50
2025-07-01,rs_residuo_zero_triunfo,SPE CENTRAL DE TRATAMENTO INTEGRADO RESÍDUO ZERO LTDA,RS,TRIUNFO,36000.0,60000.0,0.0,0
2025-08-01,rs_residuo_zero_triunfo,SPE CENTRAL DE TRATAMENTO INTEGRADO RESÍDUO ZERO LTDA,RS,TRIUNFO,36000.0,60000.0,0.0,0
2025-09-01,rs_residuo_zero_triunfo,SPE CENTRAL DE TRATAMENTO INTEGRADO RESÍDUO ZERO LTDA,RS,TRIUNFO,36000.0,60000.0,19171.0,32
2025-10-01,rs_residuo_zero_triunfo,SPE CENTRAL DE TRATAMENTO INTEGRADO RESÍDUO ZERO LTDA,RS,TRIUNFO,36000.0,60000.0,13441.0,22
2025-11-01,rs_residuo_zero_triunfo,SPE CENTRAL DE TRATAMENTO INTEGRADO RESÍDUO ZERO LTDA,RS,TRIUNFO,36000.0,60000.0,32873.0,55
2025-12-01,rs_residuo_zero_triunfo,SPE CENTRAL DE TRATAMENTO INTEGRADO RESÍDUO ZERO LTDA,RS,TRIUNFO,36000.0,60000.0,24993.0,42
2026-01-01,rs_residuo_zero_triunfo,SPE CENTRAL DE TRATAMENTO INTEGRADO RESÍDUO ZERO LTDA,RS,TRIUNFO,36000.0,60000.0,38590.0,64
2026-02-01,rs_residuo_zero_triunfo,SPE CENTRAL DE TRATAMENTO INTEGRADO RESÍDUO ZERO LTDA,RS,TRIUNFO,36000.0,60000.0,34790.0,58
2026-03-01,rs_residuo_zero_triunfo,SPE CENTRAL DE TRATAMENTO INTEGRADO RESÍDUO ZERO LTDA,RS,TRIUNFO,36000.0,60000.0,42442.0,71
2026-04-01,rs_residuo_zero_triunfo,SPE CENTRAL DE TRATAMENTO INTEGRADO RESÍDUO ZERO LTDA,RS,TRIUNFO,36000.0,60000.0,46732.0,78
2026-02-01,sc_agric_campos_novos,AGRIC ADUBOS E GESTÃODE RESÍDUOS INDUSTRIAIS E COMERCIAIS S.A.,SC,CAMPOS NOVOS,31440.0,48000.0,0.0,0
2026-03-01,sc_agric_campos_novos,AGRIC ADUBOS E GESTÃODE RESÍDUOS INDUSTRIAIS E COMERCIAIS S.A.,SC,CAMPOS NOVOS,31440.0,48000.0,0.0,0
2026-04-01,sc_agric_campos_novos,AGRIC ADUBOS E GESTÃODE RESÍDUOS INDUSTRIAIS E COMERCIAIS S.A.,SC,CAMPOS NOVOS,31440.0,48000.0,4180.0,9
2025-09-01,sp_bioenergia_santa_cruz,BIOENERGIA SANTA CRUZ LTDA.,SP,AMERICO BRASILIENSE,82575.0,152440.0,37.0,0
2025-10-01,sp_bioenergia_santa_cruz,BIOENERGIA SANTA CRUZ LTDA.,SP,AMERICO BRASILIENSE,82575.0,152440.0,91.0,0
2025-11-01,sp_bioenergia_santa_cruz,BIOENERGIA SANTA CRUZ LTDA.,SP,AMERICO BRASILIENSE,82575.0,152440.0,29.0,0
2025-12-01,sp_bioenergia_santa_cruz,BIOENERGIA SANTA CRUZ LTDA.,SP,AMERICO BRASILIENSE,82575.0,152440.0,0.0,0
2026-01-01,sp_bioenergia_santa_cruz,BIOENERGIA SANTA CRUZ LTDA.,SP,AMERICO BRASILIENSE,82575.0,152440.0,0.0,0
2026-02-01,sp_bioenergia_santa_cruz,BIOENERGIA SANTA CRUZ LTDA.,SP,AMERICO BRASILIENSE,82575.0,152440.0,0.0,0
2026-03-01,sp_bioenergia_santa_cruz,BIOENERGIA SANTA CRUZ LTDA.,SP,AMERICO BRASILIENSE,82575.0,152440.0,0.0,0
2026-04-01,sp_bioenergia_santa_cruz,BIOENERGIA SANTA CRUZ LTDA.,SP,AMERICO BRASILIENSE,82575.0,152440.0,16.0,0
2022-07-01,sp_cocal_narandiba,COCAL ENERGIA S.A.,SP,NARANDIBA,27112.0,51600.0,0.0,0
2022-08-01,sp_cocal_narandiba,COCAL ENERGIA S.A.,SP,NARANDIBA,27112.0,51600.0,2.0,0
2022-09-01,sp_cocal_narandiba,COCAL ENERGIA S.A.,SP,NARANDIBA,27112.0,51600.0,0.0,0
2022-10-01,sp_cocal_narandiba,COCAL ENERGIA S.A.,SP,NARANDIBA,27112.0,51600.0,0.0,0
2022-11-01,sp_cocal_narandiba,COCAL ENERGIA S.A.,SP,NARANDIBA,27112.0,51600.0,1.0,0
2022-12-01,sp_cocal_narandiba,COCAL ENERGIA S.A.,SP,NARANDIBA,27112.0,51600.0,3.0,0
2023-01-01,sp_cocal_narandiba,COCAL ENERGIA S.A.,SP,NARANDIBA,27112.0,51600.0,2.0,0
2023-02-01,sp_cocal_narandiba,COCAL ENERGIA S.A.,SP,NARANDIBA,27112.0,51600.0,3.0,0
2023-03-01,sp_cocal_narandiba,COCAL ENERGIA S.A.,SP,NARANDIBA,27112.0,51600.0,2.0,0
2023-04-01,sp_cocal_narandiba,COCAL ENERGIA S.A.,SP,NARANDIBA,27112.0,51600.0,2.0,0
2023-05-01,sp_cocal_narandiba,COCAL ENERGIA S.A.,SP,NARANDIBA,27112.0,51600.0,3.0,0
2023-06-01,sp_cocal_narandiba,COCAL ENERGIA S.A.,SP,NARANDIBA,27112.0,51600.0,3.0,0
2023-07-01,sp_cocal_narandiba,COCAL ENERGIA S.A.,SP,NARANDIBA,27112.0,51600.0,2.0,0
2023-08-01,sp_cocal_narandiba,COCAL ENERGIA S.A.,SP,NARANDIBA,27112.0,51600.0,3.0,0
2023-09-01,sp_cocal_narandiba,COCAL ENERGIA S.A.,SP,NARANDIBA,27112.0,51600.0,14.0,0
2023-10-01,sp_cocal_narandiba,COCAL ENERGIA S.A.,SP,NARANDIBA,27112.0,51600.0,17.0,0
2023-11-01,sp_cocal_narandiba,COCAL ENERGIA S.A.,SP,NARANDIBA,27112.0,51600.0,19.0,0
2023-12-01,sp_cocal_narandiba,COCAL ENERGIA S.A.,SP,NARANDIBA,27112.0,51600.0,16.0,0
2024-01-01,sp_cocal_narandiba,COCAL ENERGIA S.A.,SP,NARANDIBA,27112.0,51600.0,17.0,0
2024-02-01,sp_cocal_narandiba,COCAL ENERGIA S.A.,SP,NARANDIBA,27112.0,51600.0,22.0,0
2024-03-01,sp_cocal_narandiba,COCAL ENERGIA S.A.,SP,NARANDIBA,27112.0,51600.0,21.0,0
2024-04-01,sp_cocal_narandiba,COCAL ENERGIA S.A.,SP,NARANDIBA,27112.0,51600.0,19.0,0
2024-05-01,sp_cocal_narandiba,COCAL ENERGIA S.A.,SP,NARANDIBA,27112.0,51600.0,20.0,0
2024-06-01,sp_cocal_narandiba,COCAL ENERGIA S.A.,SP,NARANDIBA,27112.0,51600.0,21.0,0
2024-07-01,sp_cocal_narandiba,COCAL ENERGIA S.A.,SP,NARANDIBA,27112.0,51600.0,25.0,0
2024-08-01,sp_cocal_narandiba,COCAL ENERGIA S.A.,SP,NARANDIBA,27112.0,51600.0,30.0,0
2024-09-01,sp_cocal_narandiba,COCAL ENERGIA S.A.,SP,NARANDIBA,27112.0,51600.0,28.0,0
2024-10-01,sp_cocal_narandiba,COCAL ENERGIA S.A.,SP,NARANDIBA,27112.0,51600.0,20.0,0
2024-11-01,sp_cocal_narandiba,COCAL ENERGIA S.A.,SP,NARANDIBA,27112.0,51600.0,26.0,0
2024-12-01,sp_cocal_narandiba,COCAL ENERGIA S.A.,SP,NARANDIBA,27112.0,51600.0,16.0,0
2025-01-01,sp_cocal_narandiba,COCAL ENERGIA S.A.,SP,NARANDIBA,27112.0,51600.0,22.0,0
2025-02-01,sp_cocal_narandiba,COCAL ENERGIA S.A.,SP,NARANDIBA,27112.0,51600.0,23.0,0
2025-03-01,sp_cocal_narandiba,COCAL ENERGIA S.A.,SP,NARANDIBA,27112.0,51600.0,26.0,0
2025-04-01,sp_cocal_narandiba,COCAL ENERGIA S.A.,SP,NARANDIBA,27112.0,51600.0,19.0,0
2025-05-01,sp_cocal_narandiba,COCAL ENERGIA S.A.,SP,NARANDIBA,27112.0,51600.0,17.0,0
2025-06-01,sp_cocal_narandiba,COCAL ENERGIA S.A.,SP,NARANDIBA,27112.0,51600.0,24.0,0
2025-07-01,sp_cocal_narandiba,COCAL ENERGIA S.A.,SP,NARANDIBA,27112.0,51600.0,25.0,0
2025-08-01,sp_cocal_narandiba,COCAL ENERGIA S.A.,SP,NARANDIBA,27112.0,51600.0,23913.0,46
2025-09-01,sp_cocal_narandiba,COCAL ENERGIA S.A.,SP,NARANDIBA,27112.0,51600.0,21817.0,42
2025-10-01,sp_cocal_narandiba,COCAL ENERGIA S.A.,SP,NARANDIBA,27112.0,51600.0,25414.0,49
2025-11-01,sp_cocal_narandiba,COCAL ENERGIA S.A.,SP,NARANDIBA,27112.0,51600.0,23390.0,45
2025-12-01,sp_cocal_narandiba,COCAL ENERGIA S.A.,SP,NARANDIBA,27112.0,51600.0,15438.0,30
2026-01-01,sp_cocal_narandiba,COCAL ENERGIA S.A.,SP,NARANDIBA,27112.0,51600.0,16464.0,32
2026-02-01,sp_cocal_narandiba,COCAL ENERGIA S.A.,SP,NARANDIBA,27112.0,51600.0,20035.0,39
2026-03-01,sp_cocal_narandiba,COCAL ENERGIA S.A.,SP,NARANDIBA,27112.0,51600.0,18810.0,36
2026-04-01,sp_cocal_narandiba,COCAL ENERGIA S.A.,SP,NARANDIBA,27112.0,51600.0,19087.0,37
2026-01-01,sp_cocal_paraguacu,COCAL ENERGIA PPT PARTICIPAÇÕES LTDA,SP,PARAGUACU PAULISTA,60000.0,127200.0,0.0,0
2026-02-01,sp_cocal_paraguacu,COCAL ENERGIA PPT PARTICIPAÇÕES LTDA,SP,PARAGUACU PAULISTA,60000.0,127200.0,0.0,0
2026-03-01,sp_cocal_paraguacu,COCAL ENERGIA PPT PARTICIPAÇÕES LTDA,SP,PARAGUACU PAULISTA,60000.0,127200.0,0.0,0
2026-04-01,sp_cocal_paraguacu,COCAL ENERGIA PPT PARTICIPAÇÕES LTDA,SP,PARAGUACU PAULISTA,60000.0,127200.0,0.0,0
2025-02-01,sp_cri_geo_elias_fausto,CRI GEO BIOGAS S.A.,SP,ELIAS FAUSTO,23694.0,60629.0,0.0,0
2025-03-01,sp_cri_geo_elias_fausto,CRI GEO BIOGAS S.A.,SP,ELIAS FAUSTO,23694.0,60629.0,0.0,0
2025-04-01,sp_cri_geo_elias_fausto,CRI GEO BIOGAS S.A.,SP,ELIAS FAUSTO,23694.0,60629.0,0.0,0
2025-05-01,sp_cri_geo_elias_fausto,CRI GEO BIOGAS S.A.,SP,ELIAS FAUSTO,23694.0,60629.0,1029.0,2
2025-06-01,sp_cri_geo_elias_fausto,CRI GEO BIOGAS S.A.,SP,ELIAS FAUSTO,23694.0,60629.0,6477.0,11
2025-07-01,sp_cri_geo_elias_fausto,CRI GEO BIOGAS S.A.,SP,ELIAS FAUSTO,23694.0,60629.0,4080.0,7
2025-08-01,sp_cri_geo_elias_fausto,CRI GEO BIOGAS S.A.,SP,ELIAS FAUSTO,23694.0,60629.0,4648.0,8
2025-09-01,sp_cri_geo_elias_fausto,CRI GEO BIOGAS S.A.,SP,ELIAS FAUSTO,23694.0,60629.0,3180.0,5
2025-10-01,sp_cri_geo_elias_fausto,CRI GEO BIOGAS S.A.,SP,ELIAS FAUSTO,23694.0,60629.0,1564.0,3
2025-11-01,sp_cri_geo_elias_fausto,CRI GEO BIOGAS S.A.,SP,ELIAS FAUSTO,23694.0,60629.0,0.0,0
2025-12-01,sp_cri_geo_elias_fausto,CRI GEO BIOGAS S.A.,SP,ELIAS FAUSTO,23694.0,60629.0,4867.0,8
2026-01-01,sp_cri_geo_elias_fausto,CRI GEO BIOGAS S.A.,SP,ELIAS FAUSTO,23694.0,60629.0,2108.0,3
2026-02-01,sp_cri_geo_elias_fausto,CRI GEO BIOGAS S.A.,SP,ELIAS FAUSTO,23694.0,60629.0,8359.0,14
2026-03-01,sp_cri_geo_elias_fausto,CRI GEO BIOGAS S.A.,SP,ELIAS FAUSTO,23694.0,60629.0,15658.0,26
2026-04-01,sp_cri_geo_elias_fausto,CRI GEO BIOGAS S.A.,SP,ELIAS FAUSTO,23694.0,60629.0,11925.0,20
2024-09-01,sp_essencis_caieiras,ESSENCIS BIOMETANO S.A.,SP,CAIEIRAS,67200.0,139680.0,0.0,0
2024-10-01,sp_essencis_caieiras,ESSENCIS BIOMETANO S.A.,SP,CAIEIRAS,67200.0,139680.0,25516.0,18
2024-11-01,sp_essencis_caieiras,ESSENCIS BIOMETANO S.A.,SP,CAIEIRAS,67200.0,139680.0,48341.0,35
2024-12-01,sp_essencis_caieiras,ESSENCIS BIOMETANO S.A.,SP,CAIEIRAS,67200.0,139680.0,54536.0,39
2025-01-01,sp_essencis_caieiras,ESSENCIS BIOMETANO S.A.,SP,CAIEIRAS,67200.0,139680.0,51869.0,37
2025-02-01,sp_essencis_caieiras,ESSENCIS BIOMETANO S.A.,SP,CAIEIRAS,67200.0,139680.0,57270.0,41
2025-03-01,sp_essencis_caieiras,ESSENCIS BIOMETANO S.A.,SP,CAIEIRAS,67200.0,139680.0,57001.0,41
2025-04-01,sp_essencis_caieiras,ESSENCIS BIOMETANO S.A.,SP,CAIEIRAS,67200.0,139680.0,59521.0,43
2025-05-01,sp_essencis_caieiras,ESSENCIS BIOMETANO S.A.,SP,CAIEIRAS,67200.0,139680.0,64973.0,47
2025-06-01,sp_essencis_caieiras,ESSENCIS BIOMETANO S.A.,SP,CAIEIRAS,67200.0,139680.0,63043.0,45
2025-07-01,sp_essencis_caieiras,ESSENCIS BIOMETANO S.A.,SP,CAIEIRAS,67200.0,139680.0,61360.0,44
2025-08-01,sp_essencis_caieiras,ESSENCIS BIOMETANO S.A.,SP,CAIEIRAS,67200.0,139680.0,63899.0,46
2025-09-01,sp_essencis_caieiras,ESSENCIS BIOMETANO S.A.,SP,CAIEIRAS,67200.0,139680.0,66780.0,48
2025-10-01,sp_essencis_caieiras,ESSENCIS BIOMETANO S.A.,SP,CAIEIRAS,67200.0,139680.0,61696.0,44
2025-11-01,sp_essencis_caieiras,ESSENCIS BIOMETANO S.A.,SP,CAIEIRAS,67200.0,139680.0,62645.0,45
2025-12-01,sp_essencis_caieiras,ESSENCIS BIOMETANO S.A.,SP,CAIEIRAS,67200.0,139680.0,67979.0,49
2026-01-01,sp_essencis_caieiras,ESSENCIS BIOMETANO S.A.,SP,CAIEIRAS,67200.0,139680.0,61112.0,44
2026-02-01,sp_essencis_caieiras,ESSENCIS BIOMETANO S.A.,SP,CAIEIRAS,67200.0,139680.0,75191.0,54
2026-03-01,sp_essencis_caieiras,ESSENCIS BIOMETANO S.A.,SP,CAIEIRAS,67200.0,139680.0,39887.0,29
2026-04-01,sp_essencis_caieiras,ESSENCIS BIOMETANO S.A.,SP,CAIEIRAS,67200.0,139680.0,63458.0,45
2021-09-01,sp_gasgrid_saopaulo,GASGRID GÁS E ENERGIA S.A,SP,SAO PAULO,30000.0,60000.0,0.0,0
2021-10-01,sp_gasgrid_saopaulo,GASGRID GÁS E ENERGIA S.A,SP,SAO PAULO,30000.0,60000.0,0.0,0
2021-11-01,sp_gasgrid_saopaulo,GASGRID GÁS E ENERGIA S.A,SP,SAO PAULO,30000.0,60000.0,0.0,0
2021-12-01,sp_gasgrid_saopaulo,GASGRID GÁS E ENERGIA S.A,SP,SAO PAULO,30000.0,60000.0,0.0,0
2022-01-01,sp_gasgrid_saopaulo,GASGRID GÁS E ENERGIA S.A,SP,SAO PAULO,30000.0,60000.0,0.0,0
2022-02-01,sp_gasgrid_saopaulo,GASGRID GÁS E ENERGIA S.A,SP,SAO PAULO,30000.0,60000.0,0.0,0
2022-03-01,sp_gasgrid_saopaulo,GASGRID GÁS E ENERGIA S.A,SP,SAO PAULO,30000.0,60000.0,0.0,0
2022-04-01,sp_gasgrid_saopaulo,GASGRID GÁS E ENERGIA S.A,SP,SAO PAULO,30000.0,60000.0,0.0,0
2022-05-01,sp_gasgrid_saopaulo,GASGRID GÁS E ENERGIA S.A,SP,SAO PAULO,30000.0,60000.0,0.0,0
2022-06-01,sp_gasgrid_saopaulo,GASGRID GÁS E ENERGIA S.A,SP,SAO PAULO,30000.0,60000.0,0.0,0
2022-06-01,sp_metagas_saopaulo,METAGÁS BIOGÁS E ENERGIA S.A,SP,SAO PAULO,30000.0,60000.0,0.0,0
2022-07-01,sp_metagas_saopaulo,METAGÁS BIOGÁS E ENERGIA S.A,SP,SAO PAULO,30000.0,60000.0,3903.0,7
2022-08-01,sp_metagas_saopaulo,METAGÁS BIOGÁS E ENERGIA S.A,SP,SAO PAULO,30000.0,60000.0,4471.0,7
2022-09-01,sp_metagas_saopaulo,METAGÁS BIOGÁS E ENERGIA S.A,SP,SAO PAULO,30000.0,60000.0,10105.0,17
2022-10-01,sp_metagas_saopaulo,METAGÁS BIOGÁS E ENERGIA S.A,SP,SAO PAULO,30000.0,60000.0,20370.0,34
2022-11-01,sp_metagas_saopaulo,METAGÁS BIOGÁS E ENERGIA S.A,SP,SAO PAULO,30000.0,60000.0,4486.0,7
2022-12-01,sp_metagas_saopaulo,METAGÁS BIOGÁS E ENERGIA S.A,SP,SAO PAULO,30000.0,60000.0,13892.0,23
2023-01-01,sp_metagas_saopaulo,METAGÁS BIOGÁS E ENERGIA S.A,SP,SAO PAULO,30000.0,60000.0,15552.0,26
2023-02-01,sp_metagas_saopaulo,METAGÁS BIOGÁS E ENERGIA S.A,SP,SAO PAULO,30000.0,60000.0,18224.0,30
2023-03-01,sp_metagas_saopaulo,METAGÁS BIOGÁS E ENERGIA S.A,SP,SAO PAULO,30000.0,60000.0,17169.0,29
2023-04-01,sp_metagas_saopaulo,METAGÁS BIOGÁS E ENERGIA S.A,SP,SAO PAULO,30000.0,60000.0,5243.0,9
2023-05-01,sp_metagas_saopaulo,METAGÁS BIOGÁS E ENERGIA S.A,SP,SAO PAULO,30000.0,60000.0,16298.0,27
2023-06-01,sp_metagas_saopaulo,METAGÁS BIOGÁS E ENERGIA S.A,SP,SAO PAULO,30000.0,60000.0,15541.0,26
2023-07-01,sp_metagas_saopaulo,METAGÁS BIOGÁS E ENERGIA S.A,SP,SAO PAULO,30000.0,60000.0,9205.0,15
2023-08-01,sp_metagas_saopaulo,METAGÁS BIOGÁS E ENERGIA S.A,SP,SAO PAULO,30000.0,60000.0,12930.0,22
2023-09-01,sp_metagas_saopaulo,METAGÁS BIOGÁS E ENERGIA S.A,SP,SAO PAULO,30000.0,60000.0,15493.0,26
2023-10-01,sp_metagas_saopaulo,METAGÁS BIOGÁS E ENERGIA S.A,SP,SAO PAULO,30000.0,60000.0,16273.0,27
2023-11-01,sp_metagas_saopaulo,METAGÁS BIOGÁS E ENERGIA S.A,SP,SAO PAULO,30000.0,60000.0,11188.0,19
2023-12-01,sp_metagas_saopaulo,METAGÁS BIOGÁS E ENERGIA S.A,SP,SAO PAULO,30000.0,60000.0,7702.0,13
2024-01-01,sp_metagas_saopaulo,METAGÁS BIOGÁS E ENERGIA S.A,SP,SAO PAULO,30000.0,60000.0,6252.0,10
2024-02-01,sp_metagas_saopaulo,METAGÁS BIOGÁS E ENERGIA S.A,SP,SAO PAULO,30000.0,60000.0,6928.0,12
2024-03-01,sp_metagas_saopaulo,METAGÁS BIOGÁS E ENERGIA S.A,SP,SAO PAULO,30000.0,60000.0,8030.0,13
2024-04-01,sp_metagas_saopaulo,METAGÁS BIOGÁS E ENERGIA S.A,SP,SAO PAULO,30000.0,60000.0,9644.0,16
2024-05-01,sp_metagas_saopaulo,METAGÁS BIOGÁS E ENERGIA S.A,SP,SAO PAULO,30000.0,60000.0,5689.0,9
2024-06-01,sp_metagas_saopaulo,METAGÁS BIOGÁS E ENERGIA S.A,SP,SAO PAULO,30000.0,60000.0,4600.0,8
2024-07-01,sp_metagas_saopaulo,METAGÁS BIOGÁS E ENERGIA S.A,SP,SAO PAULO,30000.0,60000.0,4598.0,8
2024-08-01,sp_metagas_saopaulo,METAGÁS BIOGÁS E ENERGIA S.A,SP,SAO PAULO,30000.0,60000.0,6389.0,11
2024-09-01,sp_metagas_saopaulo,METAGÁS BIOGÁS E ENERGIA S.A,SP,SAO PAULO,30000.0,60000.0,7487.0,12
2024-10-01,sp_metagas_saopaulo,METAGÁS BIOGÁS E ENERGIA S.A,SP,SAO PAULO,30000.0,60000.0,4090.0,7
2024-11-01,sp_metagas_saopaulo,METAGÁS BIOGÁS E ENERGIA S.A,SP,SAO PAULO,30000.0,60000.0,1754.0,3
2024-12-01,sp_metagas_saopaulo,METAGÁS BIOGÁS E ENERGIA S.A,SP,SAO PAULO,30000.0,60000.0,1062.0,2
2025-01-01,sp_metagas_saopaulo,METAGÁS BIOGÁS E ENERGIA S.A,SP,SAO PAULO,30000.0,60000.0,7574.0,13
2025-02-01,sp_metagas_saopaulo,METAGÁS BIOGÁS E ENERGIA S.A,SP,SAO PAULO,30000.0,60000.0,2723.0,5
2025-03-01,sp_metagas_saopaulo,METAGÁS BIOGÁS E ENERGIA S.A,SP,SAO PAULO,30000.0,60000.0,4705.0,8
2025-04-01,sp_metagas_saopaulo,METAGÁS BIOGÁS E ENERGIA S.A,SP,SAO PAULO,30000.0,60000.0,6987.0,12
2025-05-01,sp_metagas_saopaulo,METAGÁS BIOGÁS E ENERGIA S.A,SP,SAO PAULO,30000.0,60000.0,10762.0,18
2025-06-01,sp_metagas_saopaulo,METAGÁS BIOGÁS E ENERGIA S.A,SP,SAO PAULO,30000.0,60000.0,12418.0,21
2025-07-01,sp_metagas_saopaulo,METAGÁS BIOGÁS E ENERGIA S.A,SP,SAO PAULO,30000.0,60000.0,10886.0,18
2025-08-01,sp_metagas_saopaulo,METAGÁS BIOGÁS E ENERGIA S.A,SP,SAO PAULO,30000.0,60000.0,19251.0,32
2025-09-01,sp_metagas_saopaulo,METAGÁS BIOGÁS E ENERGIA S.A,SP,SAO PAULO,30000.0,60000.0,18078.0,30
2025-10-01,sp_metagas_saopaulo,METAGÁS BIOGÁS E ENERGIA S.A,SP,SAO PAULO,30000.0,60000.0,17079.0,28
2025-11-01,sp_metagas_saopaulo,METAGÁS BIOGÁS E ENERGIA S.A,SP,SAO PAULO,30000.0,60000.0,16851.0,28
2025-12-01,sp_metagas_saopaulo,METAGÁS BIOGÁS E ENERGIA S.A,SP,SAO PAULO,30000.0,60000.0,16206.0,27
2026-01-01,sp_metagas_saopaulo,METAGÁS BIOGÁS E ENERGIA S.A,SP,SAO PAULO,30000.0,60000.0,17341.0,29
2026-02-01,sp_metagas_saopaulo,METAGÁS BIOGÁS E ENERGIA S.A,SP,SAO PAULO,30000.0,60000.0,22397.0,37
2026-03-01,sp_metagas_saopaulo,METAGÁS BIOGÁS E ENERGIA S.A,SP,SAO PAULO,30000.0,60000.0,27347.0,46
2026-04-01,sp_metagas_saopaulo,METAGÁS BIOGÁS E ENERGIA S.A,SP,SAO PAULO,30000.0,60000.0,27902.0,47
2025-11-01,sp_onebio_paulinia,BIOMETANO VERDE PAULINIA S.A.,SP,PAULINIA,106867.0,240000.0,21.0,0
2025-12-01,sp_onebio_paulinia,BIOMETANO VERDE PAULINIA S.A.,SP,PAULINIA,106867.0,240000.0,18.0,0
2026-01-01,sp_onebio_paulinia,BIOMETANO VERDE PAULINIA S.A.,SP,PAULINIA,106867.0,240000.0,39.0,0
2026-02-01,sp_onebio_paulinia,BIOMETANO VERDE PAULINIA S.A.,SP,PAULINIA,106867.0,240000.0,113.0,0
2026-03-01,sp_onebio_paulinia,BIOMETANO VERDE PAULINIA S.A.,SP,PAULINIA,106867.0,240000.0,186.0,0
2026-04-01,sp_onebio_paulinia,BIOMETANO VERDE PAULINIA S.A.,SP,PAULINIA,106867.0,240000.0,208.0,0
2024-08-01,sp_raizen_costa_pinto,RAÍZEN-GEO BIOGÁS COSTA PINTO LTDA.,SP,PIRACICABA,130368.0,230016.0,0.0,0
2024-09-01,sp_raizen_costa_pinto,RAÍZEN-GEO BIOGÁS COSTA PINTO LTDA.,SP,PIRACICABA,130368.0,230016.0,11129.0,5
2024-10-01,sp_raizen_costa_pinto,RAÍZEN-GEO BIOGÁS COSTA PINTO LTDA.,SP,PIRACICABA,130368.0,230016.0,47775.0,21
2024-11-01,sp_raizen_costa_pinto,RAÍZEN-GEO BIOGÁS COSTA PINTO LTDA.,SP,PIRACICABA,130368.0,230016.0,41240.0,18
2024-12-01,sp_raizen_costa_pinto,RAÍZEN-GEO BIOGÁS COSTA PINTO LTDA.,SP,PIRACICABA,130368.0,230016.0,35124.0,15
2025-01-01,sp_raizen_costa_pinto,RAÍZEN-GEO BIOGÁS COSTA PINTO LTDA.,SP,PIRACICABA,130368.0,230016.0,20965.0,9
2025-02-01,sp_raizen_costa_pinto,RAÍZEN-GEO BIOGÁS COSTA PINTO LTDA.,SP,PIRACICABA,130368.0,230016.0,0.0,0
2025-03-01,sp_raizen_costa_pinto,RAÍZEN-GEO BIOGÁS COSTA PINTO LTDA.,SP,PIRACICABA,130368.0,230016.0,1929.0,1
2025-04-01,sp_raizen_costa_pinto,RAÍZEN-GEO BIOGÁS COSTA PINTO LTDA.,SP,PIRACICABA,130368.0,230016.0,18508.0,8
2025-05-01,sp_raizen_costa_pinto,RAÍZEN-GEO BIOGÁS COSTA PINTO LTDA.,SP,PIRACICABA,130368.0,230016.0,84672.0,37
2025-06-01,sp_raizen_costa_pinto,RAÍZEN-GEO BIOGÁS COSTA PINTO LTDA.,SP,PIRACICABA,130368.0,230016.0,98219.0,43
2025-07-01,sp_raizen_costa_pinto,RAÍZEN-GEO BIOGÁS COSTA PINTO LTDA.,SP,PIRACICABA,130368.0,230016.0,134176.0,58
2025-08-01,sp_raizen_costa_pinto,RAÍZEN-GEO BIOGÁS COSTA PINTO LTDA.,SP,PIRACICABA,130368.0,230016.0,128305.0,56
2025-09-01,sp_raizen_costa_pinto,RAÍZEN-GEO BIOGÁS COSTA PINTO LTDA.,SP,PIRACICABA,130368.0,230016.0,105.0,0
2025-10-01,sp_raizen_costa_pinto,RAÍZEN-GEO BIOGÁS COSTA PINTO LTDA.,SP,PIRACICABA,130368.0,230016.0,82334.0,36
2025-11-01,sp_raizen_costa_pinto,RAÍZEN-GEO BIOGÁS COSTA PINTO LTDA.,SP,PIRACICABA,130368.0,230016.0,73847.0,32
2025-12-01,sp_raizen_costa_pinto,RAÍZEN-GEO BIOGÁS COSTA PINTO LTDA.,SP,PIRACICABA,130368.0,230016.0,28084.0,12
2026-01-01,sp_raizen_costa_pinto,RAÍZEN-GEO BIOGÁS COSTA PINTO LTDA.,SP,PIRACICABA,130368.0,230016.0,18148.0,8
2026-02-01,sp_raizen_costa_pinto,RAÍZEN-GEO BIOGÁS COSTA PINTO LTDA.,SP,PIRACICABA,130368.0,230016.0,211.0,0
2026-03-01,sp_raizen_costa_pinto,RAÍZEN-GEO BIOGÁS COSTA PINTO LTDA.,SP,PIRACICABA,130368.0,230016.0,10928.0,5
2026-04-01,sp_raizen_costa_pinto,RAÍZEN-GEO BIOGÁS COSTA PINTO LTDA.,SP,PIRACICABA,130368.0,230016.0,31570.0,14
2023-03-01,sp_zeg_jambeiro,ENGEP AMBIENTAL LTDA,SP,JAMBEIRO,30000.0,84000.0,0.0,0
2023-04-01,sp_zeg_jambeiro,ENGEP AMBIENTAL LTDA,SP,JAMBEIRO,30000.0,84000.0,0.0,0
2023-05-01,sp_zeg_jambeiro,ENGEP AMBIENTAL LTDA,SP,JAMBEIRO,30000.0,84000.0,944.0,1
2023-06-01,sp_zeg_jambeiro,ENGEP AMBIENTAL LTDA,SP,JAMBEIRO,30000.0,84000.0,27857.0,33
2023-07-01,sp_zeg_jambeiro,ENGEP AMBIENTAL LTDA,SP,JAMBEIRO,30000.0,84000.0,26544.0,32
2023-08-01,sp_zeg_jambeiro,ENGEP AMBIENTAL LTDA,SP,JAMBEIRO,30000.0,84000.0,29549.0,35
2023-09-01,sp_zeg_jambeiro,ENGEP AMBIENTAL LTDA,SP,JAMBEIRO,30000.0,84000.0,23810.0,28
2023-10-01,sp_zeg_jambeiro,ENGEP AMBIENTAL LTDA,SP,JAMBEIRO,30000.0,84000.0,26740.0,32
2023-11-01,sp_zeg_jambeiro,ENGEP AMBIENTAL LTDA,SP,JAMBEIRO,30000.0,84000.0,23839.0,28
2023-12-01,sp_zeg_jambeiro,ENGEP AMBIENTAL LTDA,SP,JAMBEIRO,30000.0,84000.0,24113.0,29
2024-01-01,sp_zeg_jambeiro,ENGEP AMBIENTAL LTDA,SP,JAMBEIRO,30000.0,84000.0,41578.0,49
2024-02-01,sp_zeg_jambeiro,ENGEP AMBIENTAL LTDA,SP,JAMBEIRO,30000.0,84000.0,28541.0,34
2024-03-01,sp_zeg_jambeiro,ENGEP AMBIENTAL LTDA,SP,JAMBEIRO,30000.0,84000.0,33036.0,39
2024-04-01,sp_zeg_jambeiro,ENGEP AMBIENTAL LTDA,SP,JAMBEIRO,30000.0,84000.0,23571.0,28
2024-05-01,sp_zeg_jambeiro,ENGEP AMBIENTAL LTDA,SP,JAMBEIRO,30000.0,84000.0,32028.0,38
2024-06-01,sp_zeg_jambeiro,ENGEP AMBIENTAL LTDA,SP,JAMBEIRO,30000.0,84000.0,16131.0,19
2024-07-01,sp_zeg_jambeiro,ENGEP AMBIENTAL LTDA,SP,JAMBEIRO,30000.0,84000.0,20593.0,25
2024-08-01,sp_zeg_jambeiro,ENGEP AMBIENTAL LTDA,SP,JAMBEIRO,30000.0,84000.0,28053.0,33
2024-09-01,sp_zeg_jambeiro,ENGEP AMBIENTAL LTDA,SP,JAMBEIRO,30000.0,84000.0,25542.0,30
2024-10-01,sp_zeg_jambeiro,ENGEP AMBIENTAL LTDA,SP,JAMBEIRO,30000.0,84000.0,29983.0,36
2024-11-01,sp_zeg_jambeiro,ENGEP AMBIENTAL LTDA,SP,JAMBEIRO,30000.0,84000.0,16554.0,20
2024-12-01,sp_zeg_jambeiro,ENGEP AMBIENTAL LTDA,SP,JAMBEIRO,30000.0,84000.0,35109.0,42
2025-01-01,sp_zeg_jambeiro,ENGEP AMBIENTAL LTDA,SP,JAMBEIRO,30000.0,84000.0,30040.0,36
2025-02-01,sp_zeg_jambeiro,ENGEP AMBIENTAL LTDA,SP,JAMBEIRO,30000.0,84000.0,32342.0,39
2025-03-01,sp_zeg_jambeiro,ENGEP AMBIENTAL LTDA,SP,JAMBEIRO,30000.0,84000.0,7368.0,9
2025-04-01,sp_zeg_jambeiro,ENGEP AMBIENTAL LTDA,SP,JAMBEIRO,30000.0,84000.0,31378.0,37
2025-05-01,sp_zeg_jambeiro,ENGEP AMBIENTAL LTDA,SP,JAMBEIRO,30000.0,84000.0,28641.0,34
2025-06-01,sp_zeg_jambeiro,ENGEP AMBIENTAL LTDA,SP,JAMBEIRO,30000.0,84000.0,22476.0,27
2025-07-01,sp_zeg_jambeiro,ENGEP AMBIENTAL LTDA,SP,JAMBEIRO,30000.0,84000.0,24942.0,30
2025-08-01,sp_zeg_jambeiro,ENGEP AMBIENTAL LTDA,SP,JAMBEIRO,30000.0,84000.0,26187.0,31
2025-09-01,sp_zeg_jambeiro,ENGEP AMBIENTAL LTDA,SP,JAMBEIRO,30000.0,84000.0,36101.0,43
2025-10-01,sp_zeg_jambeiro,ENGEP AMBIENTAL LTDA,SP,JAMBEIRO,30000.0,84000.0,31077.0,37
2025-11-01,sp_zeg_jambeiro,ENGEP AMBIENTAL LTDA,SP,JAMBEIRO,30000.0,84000.0,26845.0,32
2025-12-01,sp_zeg_jambeiro,ENGEP AMBIENTAL LTDA,SP,JAMBEIRO,30000.0,84000.0,40899.0,49
2026-01-01,sp_zeg_jambeiro,ENGEP AMBIENTAL LTDA,SP,JAMBEIRO,30000.0,84000.0,21947.0,26
2026-02-01,sp_zeg_jambeiro,ENGEP AMBIENTAL LTDA,SP,JAMBEIRO,30000.0,84000.0,31786.0,38
2026-03-01,sp_zeg_jambeiro,ENGEP AMBIENTAL LTDA,SP,JAMBEIRO,30000.0,84000.0,27045.0,32
2026-04-01,sp_zeg_jambeiro,ENGEP AMBIENTAL LTDA,SP,JAMBEIRO,30000.0,84000.0,17440.0,21
