ibge_code,municipality_name,sugarcane_biomass_tons_year,soybean_biomass_tons_year,corn_biomass_tons_year,coffee_biomass_tons_year,citrus_biomass_tons_year,cattle_biomass_tons_year,swine_biomass_tons_year,poultry_biomass_tons_year,aquaculture_biomass_tons_year,rsu_biomass_tons_year,rpo_biomass_tons_year,agricultural_biomass_tons_year,livestock_biomass_tons_year,urban_biomass_tons_year,total_biomass_tons_year
3500105,Adamantina,454363.0,1205.3,1175.7,638.8,0.0,42748.5,1220.0,33450.0,0.0,0.0,0.0,457382.8,77418.5,0.0,534801.3
3500204,Adolfo,323071.9,4027.5,1243.9,0.0,50458.1,3707.6,259.0,660.0,0.0,0.0,0.0,378801.4,4626.6,0.0,383428.0
3500303,Aguaí,557370.0,14197.2,54172.0,763.9,261800.0,4519.0,2400.0,335000.0,0.0,0.0,0.0,888303.1,341919.0,0.0,1230222.1
3500402,Águas da Prata,0.0,241.5,3852.2,1361.8,0.0,13297.2,60.0,3500.0,0.0,0.0,0.0,5455.5,16857.2,0.0,22312.7
3500501,Águas de Lindóia,0.0,0.0,465.5,465.0,343.2,4694.5,40.0,63000.0,0.0,0.0,0.0,1273.7,67734.5,0.0,69008.2
3500550,Águas de Santa Bárbara,191420.0,51167.8,37318.5,77.5,235048.0,10026.9,11897.0,678886.0,0.0,0.0,0.0,515031.8,700809.9,0.0,1215841.7
3500600,Águas de São Pedro,0.0,0.0,0.0,0.0,0.0,0.0,0.0,0.0,0.0,0.0,0.0,0.0,0.0,0.0,0.0
3500709,Agudos,358631.0,8528.2,0.0,0.0,70196.5,31580.9,29000.0,223000.0,0.0,0.0,0.0,437355.7,283580.9,0.0,720936.6
3500758,Alambari,9008.0,8404.9,8266.2,0.0,15988.5,8689.9,19100.0,397873.0,0.0,0.0,0.0,41667.6,425662.9,0.0,467330.5
3500808,Alfredo Marcondes,0.0,0.0,655.4,0.0,0.0,25700.0,445.0,2050.0,0.0,0.0,0.0,655.4,28195.0,0.0,28850.4
3500907,Altair,720640.0,6654.9,4815.3,0.0,112604.8,40016.4,2320.0,5850.0,0.0,0.0,0.0,844715.0,48186.4,0.0,892901.4
3501004,Altinópolis,962892.1,10601.1,17571.8,21998.9,27819.0,18699.2,420.0,460000.0,0.0,0.0,0.0,1040882.9,479119.2,0.0,1520002.1
3501103,Alto Alegre,470532.9,1419.7,878.8,41.0,0.0,25328.1,357.0,4697.0,0.0,0.0,0.0,472872.4,30382.1,0.0,503254.5
3501152,Alumínio,0.0,0.0,2086.6,0.0,0.0,810.3,90.0,0.0,0.0,0.0,0.0,2086.6,900.3,0.0,2986.9
3501202,Álvares Florence,350467.5,7985.9,2768.8,5.5,7808.9,45920.1,850.0,1400000.0,0.0,0.0,0.0,369036.6,1446770.1,0.0,1815806.7
3501301,Álvares Machado,44416.8,216.9,3109.9,0.0,0.0,54692.1,1750.0,7300.0,0.0,0.0,0.0,47743.6,63742.1,0.0,111485.7
3501400,Álvaro de Carvalho,0.0,369.7,1672.0,913.4,0.0,11546.8,25.0,95.0,0.0,0.0,0.0,2955.1,11666.8,0.0,14621.9
3501509,Alvinlândia,0.0,369.7,722.3,1746.0,13009.7,6466.8,12.0,0.0,0.0,0.0,0.0,15847.7,6478.8,0.0,22326.5
3501608,Americana,10809.6,0.0,0.0,0.0,0.0,846.7,0.0,0.0,0.0,0.0,0.0,10809.6,846.7,0.0,11656.3
3501707,Américo Brasiliense,378336.0,0.0,294.3,13.3,5329.5,244.1,100.0,1075.0,0.0,0.0,0.0,383973.1,1419.1,0.0,385392.2
3501806,Américo de Campos,337800.0,1774.6,1605.1,16.6,8086.1,23848.8,500.0,300000.0,0.0,0.0,0.0,349282.4,324348.8,0.0,673631.2
3501905,Amparo,45265.2,1947.2,10545.5,1760.4,26136.0,28184.9,1700.0,4160000.0,0.0,0.0,0.0,85654.3,4189884.9,0.0,4275539.2
3502002,Analândia,382840.0,2765.5,3647.6,549.1,40590.0,11739.0,2500.0,294000.0,0.0,0.0,0.0,430392.2,308239.0,0.0,738631.2
3502101,Andradina,1588577.7,99.8,6340.1,0.0,0.0,54009.6,15500.0,8853.0,0.0,0.0,0.0,1595017.6,78362.6,0.0,1673380.2
3502200,Angatuba,0.0,38820.4,82582.2,13.3,229251.0,46089.4,4750.0,2293210.0,0.0,0.0,0.0,350666.9,2344049.4,0.0,2694716.3
3502309,Anhembi,598300.1,1294.0,3986.0,0.0,183441.5,33502.8,2000.0,60000.0,0.0,0.0,0.0,787021.6,95502.8,0.0,882524.4
3502408,Anhumas,364824.0,1784.5,5591.1,132.9,0.0,27970.9,680.0,12100.0,0.0,0.0,0.0,372332.5,40750.9,0.0,413083.4
3502507,Aparecida,0.0,0.0,0.0,0.0,0.0,4764.1,280.0,700.0,0.0,0.0,0.0,0.0,5744.1,0.0,5744.1
3502606,Aparecida d'Oeste,63168.6,133.1,536.4,0.0,7442.6,22958.5,556.0,2939.0,0.0,0.0,0.0,71280.7,26453.5,0.0,97734.2
3502705,Apiaí,0.0,5545.8,48152.9,0.0,165.0,6196.7,1000.0,25000.0,0.0,0.0,0.0,53863.7,32196.7,0.0,86060.4
3502754,Araçariguama,0.0,0.0,963.1,0.0,269.5,2077.7,110.0,0.0,0.0,0.0,0.0,1232.6,2187.7,0.0,3420.3
3502804,Araçatuba,1371866.0,26051.6,16481.7,66.4,0.0,64825.0,1100.0,56400.0,0.0,0.0,0.0,1414465.7,122325.0,0.0,1536790.7
3502903,Araçoiaba da Serra,15201.0,9243.0,8560.5,8.9,15400.0,4778.7,10000.0,78000.0,0.0,0.0,0.0,48413.4,92778.7,0.0,141192.1
3503000,Aramina,472077.8,8544.2,1305.5,0.0,0.0,1821.1,505.0,87305.0,0.0,0.0,0.0,481927.5,89631.1,0.0,571558.6
3503109,Arandu,1689.0,31056.3,7744.6,2192.1,70180.0,9823.3,16640.0,2480.0,0.0,0.0,0.0,112862.0,28943.3,0.0,141805.3
3503158,Arapeí,2159.1,0.0,144.5,0.0,126.5,7895.2,120.0,2100.0,0.0,0.0,0.0,2430.1,10115.2,0.0,12545.3
3503208,Araraquara,1756560.0,14788.7,5859.9,105.2,937.2,10364.6,839.0,565000.0,0.0,0.0,0.0,1778251.0,576203.6,0.0,2354454.6
3503307,Araras,1531360.0,15247.2,43476.7,324.4,26964.3,8302.5,2053.0,0.0,0.0,0.0,0.0,1617372.6,10355.5,0.0,1627728.1
3503356,Arco-Íris,51271.3,0.0,1504.8,7.8,0.0,21583.1,110.0,530.0,0.0,0.0,0.0,52783.9,22223.1,0.0,75007.0
3503406,Arealva,388470.0,8450.5,37.5,0.0,44220.0,39043.0,12000.0,510000.0,0.0,0.0,0.0,441178.0,561043.0,0.0,1002221.0
3503505,Areias,1013.4,0.0,354.5,0.0,0.0,17141.0,142.0,1500.0,0.0,0.0,0.0,1367.9,18783.0,0.0,20150.9
3503604,Areiópolis,333859.0,0.0,254.1,105.2,0.0,287.8,0.0,0.0,0.0,0.0,0.0,334218.3,287.8,0.0,334506.1
3503703,Ariranha,387344.0,2218.3,0.0,0.0,0.0,306.5,40.0,142500.0,0.0,0.0,0.0,389562.3,142846.5,0.0,532408.8
3503802,Artur Nogueira,180160.0,301.9,18538.9,0.0,36316.5,6972.7,1600.0,353000.0,0.0,0.0,0.0,235317.3,361572.7,0.0,596890.0
3503901,Arujá,0.0,0.0,0.0,0.0,0.0,233.7,0.0,280.0,0.0,0.0,0.0,0.0,513.7,0.0,513.7
3503950,Aspásia,53203.5,0.0,5.4,0.0,36329.7,7323.9,295.0,2378.0,0.0,0.0,0.0,89538.6,9996.9,0.0,99535.5
3504008,Assis,526405.0,39683.1,63120.4,5.5,0.0,17244.8,860.0,14000.0,0.0,0.0,0.0,629214.0,32104.8,0.0,661318.8
3504107,Atibaia,1970.5,7394.4,5417.2,1.1,0.0,12985.6,0.0,110000.0,0.0,0.0,0.0,14783.2,122985.6,0.0,137768.8
3504206,Auriflama,295575.0,554.6,2645.7,0.0,495.0,55933.6,420.0,3350.0,0.0,0.0,0.0,299270.3,59703.6,0.0,358973.9
3504305,Avaí,76568.0,0.0,232.7,53.1,131105.7,36939.3,250.0,31350.0,0.0,0.0,0.0,207959.5,68539.3,0.0,276498.8
3504404,Avanhandava,810900.2,1774.6,2568.2,0.0,0.0,9357.9,485.0,2197.0,0.0,0.0,0.0,815243.0,12039.9,0.0,827282.9
3504503,Avaré,450402.3,74526.6,81391.7,116.2,424230.4,35461.0,345.0,1636516.0,0.0,0.0,0.0,1030667.2,1672322.0,0.0,2702989.2
3504602,Bady Bassitt,152010.0,2846.8,4835.4,0.0,3469.4,10258.6,1380.0,298000.0,0.0,0.0,0.0,163161.6,309638.6,0.0,472800.2
3504701,Balbinos,227356.3,0.0,216.7,26.6,11220.0,2834.0,332.0,1210.0,0.0,0.0,0.0,238819.6,4376.0,0.0,243195.6
3504800,Bálsamo,304020.0,1220.1,1203.8,66.4,7406.3,10232.6,280.0,111000.0,0.0,0.0,0.0,313916.6,121512.6,0.0,435429.2
3504909,Bananal,2195.7,0.0,1417.8,0.0,82.5,32308.1,410.0,2900.0,0.0,0.0,0.0,3696.0,35618.1,0.0,39314.1
3505005,Barão de Antonina,0.0,7091.2,7383.4,24.4,198.0,10180.7,300.0,3000.0,0.0,0.0,0.0,14697.0,13480.7,0.0,28177.7
3505104,Barbosa,462110.4,1109.2,1155.7,0.0,0.0,9211.4,407.0,2593.0,0.0,0.0,0.0,464375.3,12211.4,0.0,476586.7
3505203,Bariri,844500.0,7345.1,1333.6,160.5,73150.0,17994.9,2170.0,970961.0,0.0,0.0,0.0,926489.2,991125.9,0.0,1917615.1
3505302,Barra Bonita,391397.6,284.7,128.4,0.0,0.0,416.6,40.0,1000.0,0.0,0.0,0.0,391810.7,1456.6,0.0,393267.3
3505351,Barra do Chapéu,281.5,184.9,6420.4,0.0,22.0,2324.9,600.0,16500.0,0.0,0.0,0.0,6908.8,19424.9,0.0,26333.7
3505401,Barra do Turvo,143.0,0.0,187.3,2.2,0.0,9006.8,410.0,2400.0,0.0,0.0,0.0,332.5,11816.8,0.0,12149.3
3505500,Barretos,3725681.2,30682.9,34654.0,0.0,203187.6,49637.1,475.0,13020.0,0.0,0.0,0.0,3994205.7,63132.1,0.0,4057337.8
3505609,Barrinha,502477.5,337.7,334.4,0.0,0.0,379.2,20.0,285.0,0.0,0.0,0.0,503149.6,684.2,0.0,503833.8
3505708,Barueri,0.0,0.0,0.0,0.0,0.0,0.0,0.0,0.0,0.0,0.0,0.0,0.0,0.0,0.0,0.0
3505807,Bastos,60149.8,0.0,305.0,0.0,495.0,20385.3,30.0,12550420.0,0.0,0.0,0.0,60949.8,12570835.3,0.0,12631785.1
3505906,Batatais,2163046.0,14831.9,13041.4,5281.1,1683.0,22854.6,5000.0,1100000.0,0.0,0.0,0.0,2197883.4,1127854.6,0.0,3325738.0
3506003,Bauru,60083.4,3253.5,2006.4,0.0,37629.9,43137.0,7600.0,279000.0,0.0,0.0,0.0,102973.2,329737.0,0.0,432710.2
3506102,Bebedouro,2021733.0,12323.9,4307.0,0.0,253817.3,13245.3,1100.0,283000.0,0.0,0.0,0.0,2292181.2,297345.3,0.0,2589526.5
3506201,Bento de Abreu,654487.5,3456.9,501.6,0.0,0.0,14405.7,300.0,3100.0,0.0,0.0,0.0,658446.0,17805.7,0.0,676251.7
3506300,Bernardino de Campos,211688.0,22593.5,23594.9,99.6,0.0,7912.9,1600.0,3500.0,0.0,0.0,0.0,257976.0,13012.9,0.0,270988.9
3506359,Bertioga,0.0,0.0,0.0,0.0,0.0,0.0,0.0,0.0,0.0,0.0,0.0,0.0,0.0,0.0,0.0
3506409,Bilac,225200.0,6051.1,0.0,186.0,0.0,13872.8,202.0,0.0,0.0,0.0,0.0,231437.1,14074.8,0.0,245511.9
3506508,Birigui,584394.0,53683.1,5698.1,100.8,0.0,44025.3,888.0,53254.0,0.0,0.0,0.0,643876.0,98167.3,0.0,742043.3
3506607,Biritiba Mirim,0.0,0.0,0.0,0.0,0.0,760.4,80.0,285827.0,0.0,0.0,0.0,0.0,286667.4,0.0,286667.4
3506706,Boa Esperança do Sul,1517285.0,8651.4,1420.5,14.4,214500.0,13460.3,480.0,232000.0,0.0,0.0,0.0,1741871.3,245940.3,0.0,1987811.6
3506805,Bocaina,641820.0,1062.3,1083.4,48.7,5456.0,13650.4,320.0,65600.0,0.0,0.0,0.0,649470.4,79570.4,0.0,729040.8
3506904,Bofete,1942.3,462.1,2006.4,49.8,99000.0,37450.4,0.0,900000.0,0.0,0.0,0.0,103460.6,937450.4,0.0,1040911.0
3507001,Boituva,309650.0,3882.0,3611.5,57.6,0.0,15063.3,12200.0,600000.0,0.0,0.0,0.0,317201.1,627263.3,0.0,944464.4
3507100,Bom Jesus dos Perdões,0.0,0.0,309.0,0.0,0.0,2493.2,0.0,900.0,0.0,0.0,0.0,309.0,3393.2,0.0,3702.2
3507159,Bom Sucesso de Itararé,0.0,0.0,1243.9,0.0,38.5,986.9,70.0,2000.0,0.0,0.0,0.0,1282.4,3056.9,0.0,4339.3
3507209,Borá,198587.0,0.0,0.0,0.0,0.0,6233.1,50.0,360.0,0.0,0.0,0.0,198587.0,6643.1,0.0,205230.1
3507308,Boracéia,270803.0,3956.0,433.4,66.4,0.0,2690.6,88.0,524500.0,0.0,0.0,0.0,275258.8,527278.6,0.0,802537.4
3507407,Borborema,1486657.8,3974.5,2407.6,59.8,49500.0,13401.1,1200.0,312500.0,0.0,0.0,0.0,1542599.7,327101.1,0.0,1869700.8
3507456,Borebi,189640.9,2177.6,449.4,0.0,51636.2,3418.8,500.0,1700.0,0.0,0.0,0.0,243904.1,5618.8,0.0,249522.9
3507506,Botucatu,900800.0,8318.7,42668.8,703.0,556600.0,37253.0,2200.0,7240000.0,0.0,0.0,0.0,1509090.5,7279453.0,0.0,8788543.5
3507605,Bragança Paulista,2252.0,6162.0,16051.0,664.3,825.0,30126.5,14000.0,755000.0,0.0,0.0,0.0,25954.3,799126.5,0.0,825080.8
3507704,Braúna,354104.5,2662.0,397.3,93.0,0.0,10578.6,560.0,2251.0,0.0,0.0,0.0,357256.8,13389.6,0.0,370646.4
3507753,Brejo Alegre,148350.5,10315.1,521.7,0.0,0.0,5208.8,150.0,0.0,0.0,0.0,0.0,159187.3,5358.8,0.0,164546.1
3507803,Brodowski,562761.9,1494.9,2621.7,2184.4,1035.1,14543.8,800.0,900000.0,0.0,0.0,0.0,570098.0,915343.8,0.0,1485441.8
3507902,Brotas,1112769.5,17594.9,4815.3,946.6,187550.0,25406.0,33000.0,700300.0,0.0,0.0,0.0,1323676.3,758706.0,0.0,2082382.3
3508009,Buri,0.0,190971.8,112558.7,0.0,316800.0,21266.2,300.0,150000.0,0.0,0.0,0.0,620330.5,171566.2,0.0,791896.7
3508108,Buritama,410933.7,2373.6,1067.4,0.0,0.0,29285.1,0.0,0.0,0.0,0.0,0.0,414374.7,29285.1,0.0,443659.8
3508207,Buritizal,480604.9,6505.8,2079.9,1281.0,0.0,11533.3,558.0,145639.0,0.0,0.0,0.0,490471.6,157730.3,0.0,648201.9
3508306,Cabrália Paulista,9092.4,295.8,0.0,94.1,37268.0,13453.1,310.0,496308.0,0.0,0.0,0.0,46750.3,510071.1,0.0,556821.4
3508405,Cabreúva,211.1,332.7,1324.2,15.5,0.0,7583.6,15.0,2958200.0,0.0,0.0,0.0,1883.5,2965798.6,0.0,2967682.1
3508504,Caçapava,101340.0,384.5,0.0,0.0,0.0,25971.2,0.0,0.0,0.0,0.0,0.0,101724.5,25971.2,0.0,127695.7
3508603,Cachoeira Paulista,3378.0,0.0,310.3,0.0,0.0,30349.9,340.0,2480.0,0.0,0.0,0.0,3688.3,33169.9,0.0,36858.2
3508702,Caconde,6491.4,3845.1,1979.6,14946.4,0.0,31684.8,1000.0,50000.0,0.0,0.0,0.0,27262.5,82684.8,0.0,109947.3
3508801,Cafelândia,1358100.1,8252.1,2712.6,457.2,74690.0,39078.3,2517.0,35100.0,0.0,0.0,0.0,1444212.0,76695.3,0.0,1520907.3
3508900,Caiabu,250461.8,0.0,2996.2,0.0,0.0,23282.6,290.0,7750.0,0.0,0.0,0.0,253458.0,31322.6,0.0,284780.6
3509007,Caieiras,1.1,0.0,0.0,2.2,0.0,13.5,9.0,0.0,0.0,0.0,0.0,3.3,22.5,0.0,25.8
3509106,Caiuá,72064.0,616.2,802.5,0.0,55.0,71730.2,1480.0,11900.0,0.0,0.0,0.0,73537.7,85110.2,0.0,158647.9
3509205,Cajamar,0.0,0.0,0.0,0.0,0.0,143.4,96.0,1347.0,0.0,0.0,0.0,0.0,1586.4,0.0,1586.4
3509254,Cajati,33.8,0.0,403.9,0.0,0.0,6440.8,1000.0,0.0,0.0,0.0,0.0,437.7,7440.8,0.0,7878.5
3509304,Cajobi,442180.2,1358.1,296.9,0.0,119379.7,3324.3,410.0,2200.0,0.0,0.0,0.0,563214.9,5934.3,0.0,569149.2
3509403,Cajuru,1035920.0,2484.5,3073.8,3454.3,5338.3,28048.8,1500.0,150000.0,0.0,0.0,0.0,1050270.9,179548.8,0.0,1229819.7
3509452,Campina do Monte Alegre,0.0,23292.3,55723.6,0.0,21945.0,4735.1,320.0,582827.0,0.0,0.0,0.0,100960.9,587882.1,0.0,688843.0
3509502,Campinas,56736.9,2548.6,2247.1,843.6,304.7,30126.5,950.0,250000.0,0.0,0.0,0.0,62680.9,281076.5,0.0,343757.4
3509601,Campo Limpo Paulista,0.0,0.0,0.0,0.0,0.0,269.1,60.0,1020.0,0.0,0.0,0.0,0.0,1349.1,0.0,1349.1
3509700,Campos do Jordão,0.0,0.0,0.0,0.0,0.0,621.2,0.0,415.0,0.0,0.0,0.0,0.0,1036.2,0.0,1036.2
3509809,Campos Novos Paulista,337800.0,55457.7,65808.9,39.9,24200.0,12673.9,980.0,5300.0,0.0,0.0,0.0,483306.5,18953.9,0.0,502260.4
3509908,Cananéia,28.1,0.0,14.7,2.2,0.0,810.3,100.0,2000.0,0.0,0.0,0.0,45.0,2910.3,0.0,2955.3
3509957,Canas,0.0,0.0,0.0,0.0,0.0,4027.6,45.0,900.0,0.0,0.0,0.0,0.0,4972.6,0.0,4972.6
3510005,Cândido Mota,1083831.3,130133.5,176038.9,27.7,0.0,4986.5,3000.0,200000.0,0.0,0.0,0.0,1390031.4,207986.5,0.0,1598017.9
3510104,Cândido Rodrigues,93063.9,1242.3,834.6,0.0,2557.5,556.8,490.0,95070.0,0.0,0.0,0.0,97698.3,96116.8,0.0,193815.1
3510153,Canitar,117104.0,7197.2,7222.9,0.0,0.0,1454.4,70.0,1000.0,0.0,0.0,0.0,131524.1,2524.4,0.0,134048.5
3510203,Capão Bonito,0.0,160827.5,98318.8,0.0,112200.0,22091.1,5537.0,100000.0,0.0,0.0,0.0,371346.3,127628.1,0.0,498974.4
3510302,Capela do Alto,25335.0,4929.6,7443.6,0.0,69115.2,9765.2,32000.0,1050000.0,0.0,0.0,0.0,106823.4,1091765.2,0.0,1198588.6
3510401,Capivari,839241.6,739.4,749.0,0.0,0.0,5430.0,40700.0,991100.0,0.0,0.0,0.0,840730.0,1037230.0,0.0,1877960.0
3510500,Caraguatatuba,0.0,0.0,0.0,0.0,0.0,7709.3,22.0,0.0,0.0,0.0,0.0,0.0,7731.3,0.0,7731.3
3510609,Carapicuíba,0.0,0.0,0.0,0.0,0.0,0.0,0.0,0.0,0.0,0.0,0.0,0.0,0.0,0.0,0.0
3510708,Cardoso,707015.4,10167.3,5387.8,0.0,25806.0,52923.0,60.0,250000.0,0.0,0.0,0.0,748376.5,302983.0,0.0,1051359.5
3510807,Casa Branca,895170.0,64700.7,113694.3,159.4,665500.0,15780.1,2500.0,850000.0,0.0,0.0,0.0,1739224.4,868280.1,0.0,2607504.5
3510906,Cássia dos Coqueiros,118230.0,2218.3,301.0,4483.9,13750.0,15582.7,1500.0,1000000.0,0.0,0.0,0.0,138983.2,1017082.7,0.0,1156065.9
3511003,Castilho,1418760.0,7098.6,3611.5,0.0,0.0,64463.5,600.0,11000.0,0.0,0.0,0.0,1429470.1,76063.5,0.0,1505533.6
3511102,Catanduva,781483.4,1774.6,80.3,0.0,5924.6,3345.1,250.0,6200.0,0.0,0.0,0.0,789262.9,9795.1,0.0,799058.0
3511201,Catiguá,358912.5,1478.9,1605.1,0.0,0.0,1059.6,107.0,38000.0,0.0,0.0,0.0,361996.5,39166.6,0.0,401163.1
3511300,Cedral,342022.5,4806.3,618.0,6.6,3219.7,14717.3,988.0,790000.0,0.0,0.0,0.0,350673.1,805705.3,0.0,1156378.4
3511409,Cerqueira César,397855.2,57090.7,71092.4,291.2,98816.3,19321.5,94295.0,6400.0,0.0,0.0,0.0,625145.8,120016.5,0.0,745162.3
3511508,Cerquilho,239275.0,1863.4,1444.6,0.0,0.0,9661.3,19.0,5000000.0,0.0,0.0,0.0,242583.0,5009680.3,0.0,5252263.3
3511607,Cesário Lange,594528.0,6388.7,5216.6,0.0,10391.7,10804.0,138.0,2000000.0,0.0,0.0,0.0,616525.0,2010942.0,0.0,2627467.0
3511706,Charqueada,347807.9,0.0,1210.5,0.0,0.0,7697.9,298.0,285700.0,0.0,0.0,0.0,349018.4,293695.9,0.0,642714.3
3511904,Clementina,249386.5,1072.2,280.9,49.8,0.0,18351.2,319.0,544.0,0.0,0.0,0.0,250789.4,19214.2,0.0,270003.6
3512001,Colina,1145024.3,6094.2,7489.1,0.0,27305.3,15257.5,15640.0,266500.0,0.0,0.0,0.0,1185912.9,297397.5,0.0,1483310.4
3512100,Colômbia,1599820.8,13212.5,7755.3,4.4,389188.8,13803.1,182.0,1272.0,0.0,0.0,0.0,2009981.8,15257.1,0.0,2025238.9
3512209,Conchal,138779.5,17783.5,8446.8,0.0,110469.7,2051.7,3500.0,339200.0,0.0,0.0,0.0,275479.5,344751.7,0.0,620231.2
3512308,Conchas,139061.0,1213.9,1859.2,0.0,36300.0,69581.9,1940.0,5000000.0,0.0,0.0,0.0,178434.1,5071521.9,0.0,5249956.0
3512407,Cordeirópolis,566743.9,3456.9,2905.2,55.4,163.9,797.8,3400.0,126090.0,0.0,0.0,0.0,573325.3,130287.8,0.0,703613.1
3512506,Coroados,523590.0,14419.0,2137.5,5.5,0.0,11946.7,0.0,0.0,0.0,0.0,0.0,540152.0,11946.7,0.0,552098.7
3512605,Coronel Macedo,0.0,50916.4,18793.0,589.0,8102.6,15478.8,21800.0,3500.0,0.0,0.0,0.0,78401.0,40778.8,0.0,119179.8
3512704,Corumbataí,173404.0,1408.6,167.2,50.9,3300.0,18543.4,278.0,1075085.0,0.0,0.0,0.0,178330.7,1093906.4,0.0,1272237.1
3512803,Cosmópolis,270673.5,459.7,4545.1,0.0,3117.4,1662.2,331.0,1100.0,0.0,0.0,0.0,278795.7,3093.2,0.0,281888.9
3512902,Cosmorama,765680.0,1331.0,1043.3,33.2,58905.0,29334.9,510.0,360000.0,0.0,0.0,0.0,826992.5,389844.9,0.0,1216837.4
3513009,Cotia,0.0,0.0,0.0,0.0,0.0,0.0,0.0,0.0,0.0,0.0,0.0,0.0,0.0,0.0,0.0
3513108,Cravinhos,870611.9,0.0,2126.8,157.2,1826.0,5194.2,40.0,40000.0,0.0,0.0,0.0,874721.9,45234.2,0.0,919956.1
3513207,Cristais Paulista,238712.0,3105.6,7945.2,12455.4,16362.5,22543.0,650.0,147000.0,0.0,0.0,0.0,278580.7,170193.0,0.0,448773.7
3513306,Cruzália,154391.5,29466.5,58511.1,0.0,0.0,883.0,160.0,860.0,0.0,0.0,0.0,242369.1,1903.0,0.0,244272.1
3513405,Cruzeiro,914.9,0.0,366.5,0.0,277.2,18517.4,260.0,825.0,0.0,0.0,0.0,1558.6,19602.4,0.0,21161.0
3513504,Cubatão,0.0,0.0,0.0,0.0,0.0,0.0,0.0,0.0,0.0,0.0,0.0,0.0,0.0,0.0,0.0
3513603,Cunha,0.0,0.0,3852.2,5.5,0.0,134746.7,4250.0,26250.0,0.0,0.0,0.0,3857.7,165246.7,0.0,169104.4
3513702,Descalvado,1351200.0,4436.6,7142.7,442.9,134699.4,26958.1,8500.0,2120000.0,0.0,0.0,0.0,1497921.6,2155458.1,0.0,3653379.7
3513801,Diadema,0.0,0.0,0.0,0.0,0.0,0.0,0.0,0.0,0.0,0.0,0.0,0.0,0.0,0.0,0.0
3513850,Dirce Reis,90643.0,0.0,125.7,0.0,838.2,11448.1,500.0,2210.0,0.0,0.0,0.0,91606.9,14158.1,0.0,105765.0
3513900,Divinolândia,0.0,0.0,1123.6,10462.5,0.0,24101.2,600.0,53000.0,0.0,0.0,0.0,11586.1,77701.2,0.0,89287.3
3514007,Dobrada,498086.1,686.4,272.9,0.0,0.0,763.6,201.0,805.0,0.0,0.0,0.0,499045.4,1769.6,0.0,500815.0
3514106,Dois Córregos,1301656.0,5046.7,2166.9,5272.2,1258.4,15198.3,300.0,874415.0,0.0,0.0,0.0,1315400.2,889913.3,0.0,2205313.5
3514205,Dolcinópolis,152010.0,0.0,24.1,0.0,12430.0,5589.0,170.0,1150.0,0.0,0.0,0.0,164464.1,6909.0,0.0,171373.1
3514304,Dourado,247720.0,947.7,6506.0,162.8,3575.0,11739.0,90.0,445000.0,0.0,0.0,0.0,258911.5,456829.0,0.0,715740.5
3514403,Dracena,590024.0,1848.6,1504.8,59.8,0.0,28048.8,850.0,5500.0,0.0,0.0,0.0,593437.2,34398.8,0.0,627836.0
3514502,Duartina,0.0,133.1,120.4,1228.9,50820.0,24412.9,150.0,113000.0,0.0,0.0,0.0,52302.4,137562.9,0.0,189865.3
3514601,Dumont,412270.8,1331.0,488.2,0.0,0.0,344.9,24.0,1116.0,0.0,0.0,0.0,414090.0,1484.9,0.0,415574.9
3514700,Echaporã,109785.0,11091.5,17254.8,93.0,7225.9,37398.5,315.0,9500.0,0.0,0.0,0.0,145450.2,47213.5,0.0,192663.7
3514809,Eldorado,0.0,0.0,151.1,0.0,19.8,11489.6,50.0,5000.0,0.0,0.0,0.0,170.9,16539.6,0.0,16710.5
3514908,Elias Fausto,315280.0,2218.3,6420.4,0.0,0.0,12985.6,30100.0,205000.0,0.0,0.0,0.0,323918.7,248085.6,0.0,572004.3
3514924,Elisiário,305537.8,0.0,0.0,0.0,0.0,1579.0,220.0,1550.0,0.0,0.0,0.0,305537.8,3349.0,0.0,308886.8
3514957,Embaúba,273843.2,73.9,56.2,0.0,9384.1,883.0,100.0,1750.0,0.0,0.0,0.0,283357.4,2733.0,0.0,286090.4
3515004,Embu das Artes,0.0,0.0,0.0,0.0,0.0,0.0,0.0,0.0,0.0,0.0,0.0,0.0,0.0,0.0,0.0
3515103,Embu-Guaçu,0.0,0.0,0.0,0.0,0.0,0.0,0.0,0.0,0.0,0.0,0.0,0.0,0.0,0.0,0.0
3515129,Emilianópolis,226650.9,4387.3,3022.9,0.0,0.0,27113.9,185.0,6910.0,0.0,0.0,0.0,234061.1,34208.9,0.0,268270.0
3515152,Engenheiro Coelho,126675.0,2599.1,13967.0,0.0,30294.0,4233.3,372.0,47400.0,0.0,0.0,0.0,173535.1,52005.3,0.0,225540.4
3515186,Espírito Santo do Pinhal,80227.5,184.9,8025.5,12372.3,16192.0,17141.0,420.0,1280000.0,0.0,0.0,0.0,117002.2,1297561.0,0.0,1414563.2
3515194,Espírito Santo do Turvo,112600.0,10697.2,3623.5,0.0,142560.0,15790.5,500.0,3600.0,0.0,0.0,0.0,269480.7,19890.5,0.0,289371.2
3515202,Estrela d'Oeste,390496.8,295.8,1284.1,7.8,52715.3,37702.8,715.0,28800.0,0.0,0.0,0.0,444799.8,67217.8,0.0,512017.6
3515301,Estrela do Norte,229883.6,301.9,464.1,0.0,0.0,12682.2,385.0,8750.0,0.0,0.0,0.0,230649.6,21817.2,0.0,252466.8
3515350,Euclides da Cunha Paulista,161201.5,3081.0,3971.3,0.0,0.0,57911.5,1075.0,12000.0,0.0,0.0,0.0,168253.8,70986.5,0.0,239240.3
3515400,Fartura,66997.0,19460.7,19027.1,4982.1,0.0,44006.6,31500.0,6500.0,0.0,0.0,0.0,110466.9,82006.6,0.0,192473.5
3515509,Fernandópolis,765680.0,591.5,3852.2,3.3,32538.0,44492.7,780.0,10200.0,0.0,0.0,0.0,802665.0,55472.7,0.0,858137.7
3515608,Fernando Prestes,430695.0,414.1,200.6,0.0,16493.4,3185.1,1058.0,280920.0,0.0,0.0,0.0,447803.1,285163.1,0.0,732966.2
3515657,Fernão,32.1,1478.9,4775.2,630.0,18229.2,6137.5,33.0,0.0,0.0,0.0,0.0,25145.4,6170.5,0.0,31315.9
3515707,Ferraz de Vasconcelos,0.0,0.0,0.0,0.0,0.0,68.6,0.0,0.0,0.0,0.0,0.0,0.0,68.6,0.0,68.6
3515806,Flora Rica,170338.5,1774.6,4011.4,0.0,28.6,22096.3,100.0,580.0,0.0,0.0,0.0,176153.1,22776.3,0.0,198929.4
3515905,Floreal,423094.5,507.7,1849.9,0.0,1193.5,19264.4,600.0,720000.0,0.0,0.0,0.0,426645.6,739864.4,0.0,1166510.0
3516002,Flórida Paulista,713321.0,792.4,3616.8,132.9,0.0,49724.4,470.0,106840.0,0.0,0.0,0.0,717863.1,157034.4,0.0,874897.5
3516101,Florínea,474732.9,29657.6,53931.2,0.0,0.0,654.5,200.0,1300.0,0.0,0.0,0.0,558321.7,2154.5,0.0,560476.2
3516200,Franca,276658.2,4436.6,3852.2,15743.6,25910.5,18907.0,2000.0,0.0,0.0,0.0,0.0,326601.1,20907.0,0.0,347508.1
3516309,Francisco Morato,0.0,0.0,0.0,0.0,0.0,124.7,137.0,596.0,0.0,0.0,0.0,0.0,857.7,0.0,857.7
3516408,Franco da Rocha,0.0,0.0,0.0,0.0,0.0,76.9,154.0,1348.0,0.0,0.0,0.0,0.0,1578.9,0.0,1578.9
3516507,Gabriel Monteiro,182412.0,798.6,1083.4,202.6,0.0,13166.3,0.0,0.0,0.0,0.0,0.0,184496.6,13166.3,0.0,197662.9
3516606,Gália,0.0,2772.9,4213.4,4045.5,42369.8,17192.9,27.0,0.0,0.0,0.0,0.0,53401.6,17219.9,0.0,70621.5
3516705,Garça,0.0,4066.9,9630.6,12981.2,3565.1,42624.9,192.0,102930.0,0.0,0.0,0.0,30243.8,145746.9,0.0,175990.7
3516804,Gastão Vidigal,276822.6,3863.6,2166.9,0.0,0.0,14693.4,1282.0,111700.0,0.0,0.0,0.0,282853.1,127675.4,0.0,410528.5
3516853,Gavião Peixoto,305033.4,5013.4,3472.4,11.1,75779.0,1880.3,65.0,150000.0,0.0,0.0,0.0,389309.3,151945.3,0.0,541254.6
3516903,General Salgado,475735.0,3549.3,3009.6,0.0,0.0,47016.1,780.0,5450.0,0.0,0.0,0.0,482293.9,53246.1,0.0,535540.0
3517000,Getulina,551740.0,3578.9,1765.6,89.7,47258.2,39696.4,455.0,0.0,0.0,0.0,0.0,604432.4,40151.4,0.0,644583.8
3517109,Glicério,476343.0,19964.8,7222.9,31.0,0.0,15578.5,323.0,1141.0,0.0,0.0,0.0,503561.7,17042.5,0.0,520604.2
3517208,Guaiçara,337800.0,4325.7,4414.0,1.1,30294.0,24872.1,215.0,1220.0,0.0,0.0,0.0,376834.8,26307.1,0.0,403141.9
3517307,Guaimbê,82761.0,665.5,468.2,116.2,29907.9,17794.4,127.0,3510.0,0.0,0.0,0.0,113918.8,21431.4,0.0,135350.2
3517406,Guaíra,3038792.5,129956.0,132376.2,0.0,0.0,22680.1,284.0,59000.0,0.0,0.0,0.0,3301124.7,81964.1,0.0,3383088.8
3517505,Guapiaçu,621552.0,4880.3,4068.9,0.0,42411.6,13453.1,980.0,1345000.0,0.0,0.0,0.0,672912.8,1359433.1,0.0,2032345.9
3517604,Guapiara,0.0,21529.9,16051.0,0.0,220.0,6977.9,1000.0,20000.0,0.0,0.0,0.0,37800.9,27977.9,0.0,65778.8
3517703,Guará,961885.5,15005.6,3465.7,66.4,0.0,3085.4,2053.0,202114.0,0.0,0.0,0.0,980423.2,207252.4,0.0,1187675.6
3517802,Guaraçaí,912060.0,0.0,1685.4,0.0,5923.5,46784.4,370.0,85000.0,0.0,0.0,0.0,919668.9,132154.4,0.0,1051823.3
3517901,Guaraci,1692286.8,7348.8,9615.9,0.0,47560.7,19711.1,115.0,90000.0,0.0,0.0,0.0,1756812.2,109826.1,0.0,1866638.3
3518008,Guarani d'Oeste,72064.0,894.7,1444.6,0.0,3096.5,10441.4,265.0,3750.0,0.0,0.0,0.0,77499.8,14456.4,0.0,91956.2
3518107,Guarantã,388470.0,887.3,3129.9,325.5,70012.8,39716.1,369.0,401365.0,0.0,0.0,0.0,462825.5,441450.1,0.0,904275.6
3518206,Guararapes,1717871.8,19718.3,13429.3,0.0,0.0,47975.0,350.0,2818560.0,0.0,0.0,0.0,1751019.4,2866885.0,0.0,4617904.4
3518305,Guararema,844.5,0.0,0.0,0.0,110.0,9682.0,70.0,40000.0,0.0,0.0,0.0,954.5,49752.0,0.0,50706.5
3518404,Guaratinguetá,99.7,9612.7,1011.2,0.0,0.0,60340.3,380.0,4700.0,0.0,0.0,0.0,10723.6,65420.3,0.0,76143.9
3518503,Guareí,18016.0,9464.8,24556.6,10.0,0.0,42823.3,1710.0,2572435.0,0.0,0.0,0.0,52047.4,2616968.3,0.0,2669015.7
3518602,Guariba,870147.5,7098.6,1484.7,0.0,0.0,734.5,700.0,310.0,0.0,0.0,0.0,878730.8,1744.5,0.0,880475.3
3518701,Guarujá,0.0,0.0,0.0,0.0,0.0,0.0,0.0,0.0,0.0,0.0,0.0,0.0,0.0,0.0,0.0
3518800,Guarulhos,0.0,0.0,0.0,0.0,0.0,0.0,17.0,0.0,0.0,0.0,0.0,0.0,17.0,0.0,17.0
3518859,Guatapará,1043558.8,765.3,1990.3,0.0,0.0,3947.6,400.0,1245000.0,0.0,0.0,0.0,1046314.4,1249347.6,0.0,2295662.0
3518909,Guzolândia,109447.2,3044.0,3531.2,0.0,4336.2,33531.9,235.0,2280.0,0.0,0.0,0.0,120358.6,36046.9,0.0,156405.5
3519006,Herculândia,426472.5,2218.3,1504.8,213.7,0.0,34267.4,330.0,137860.0,0.0,0.0,0.0,430409.3,172457.4,0.0,602866.7
3519055,Holambra,21957.0,3142.6,3210.2,28.8,9002.4,1340.1,12000.0,4150092.0,0.0,0.0,0.0,37341.0,4163432.1,0.0,4200773.1
3519071,Hortolândia,0.0,0.0,0.0,0.0,0.0,0.0,0.0,0.0,0.0,0.0,0.0,0.0,0.0,0.0,0.0
3519105,Iacanga,1058440.0,17746.5,1444.6,0.0,22275.0,17751.8,300.0,39000.0,0.0,0.0,0.0,1099906.1,57051.8,0.0,1156957.9
3519204,Iacri,177753.2,0.0,2909.2,53.1,280.5,27669.7,90.0,1306655.0,0.0,0.0,0.0,180996.0,1334414.7,0.0,1515410.7
3519253,Iaras,215347.5,20802.8,20358.0,2.2,363528.0,7446.4,54117.0,5980.0,0.0,0.0,0.0,620038.5,67543.4,0.0,687581.9
3519303,Ibaté,675600.0,739.4,555.1,0.0,27918.0,4882.6,150.0,165000.0,0.0,0.0,0.0,704812.5,170032.6,0.0,874845.1
3519402,Ibirá,656908.4,2662.0,6195.7,0.0,7981.6,14354.8,950.0,29800.0,0.0,0.0,0.0,673747.7,45104.8,0.0,718852.5
3519501,Ibirarema,406767.5,47447.2,62531.8,0.0,0.0,3843.7,766.0,2300.0,0.0,0.0,0.0,516746.5,6909.7,0.0,523656.2
3519600,Ibitinga,1745300.0,8318.7,5778.3,39.9,169400.0,11167.6,950.0,416000.0,0.0,0.0,0.0,1928836.9,428117.6,0.0,2356954.5
3519709,Ibiúna,0.0,1035.2,15485.2,0.0,215.6,2233.5,4500.0,17000.0,0.0,0.0,0.0,16736.0,23733.5,0.0,40469.5
3519808,Icém,506700.0,4436.6,1872.6,0.0,1449.8,9508.6,350.0,2180.0,0.0,0.0,0.0,514459.0,12038.6,0.0,526497.6
3519907,Iepê,779755.0,49223.1,61951.3,0.0,0.0,15074.7,2100.0,3050.0,0.0,0.0,0.0,890929.4,20224.7,0.0,911154.1
3520004,Igaraçu do Tietê,329355.0,1275.5,128.4,0.0,0.0,262.8,10.0,300.0,0.0,0.0,0.0,330758.9,572.8,0.0,331331.7
3520103,Igarapava,1110236.0,9070.4,2415.7,228.1,17255.7,9448.3,1487.0,43073.0,0.0,0.0,0.0,1139205.9,54008.3,0.0,1193214.2
3520202,Igaratá,0.0,0.0,0.0,0.0,0.0,9349.6,90.0,2000.0,0.0,0.0,0.0,0.0,11439.6,0.0,11439.6
3520301,Iguape,0.0,0.0,160.5,0.0,6897.0,4882.6,200.0,3000.0,0.0,0.0,0.0,7057.5,8082.6,0.0,15140.1
3520400,Ilhabela,0.0,0.0,0.0,0.0,0.0,32.2,0.0,0.0,0.0,0.0,0.0,0.0,32.2,0.0,32.2
3520426,Ilha Comprida,0.0,0.0,0.0,0.0,0.0,0.0,0.0,0.0,0.0,0.0,0.0,0.0,0.0,0.0,0.0
3520442,Ilha Solteira,844500.0,2894.9,549.7,0.0,0.0,21941.5,1150.0,12750.0,0.0,0.0,0.0,847944.6,35841.5,0.0,883786.1
3520509,Indaiatuba,88954.0,3604.8,5350.3,160.5,0.0,10159.9,30.0,135000.0,0.0,0.0,0.0,98069.6,145189.9,0.0,243259.5
3520608,Indiana,2982.8,517.6,535.0,0.0,304.7,16564.4,790.0,8150.0,0.0,0.0,0.0,4340.1,25504.4,0.0,29844.5
3520707,Indiaporã,270240.0,2957.7,1685.4,0.0,2692.8,28748.0,799.0,1580.0,0.0,0.0,0.0,277575.9,31127.0,0.0,308702.9
3520806,Inúbia Paulista,98287.4,607.6,8.0,37.6,0.0,10521.4,90.0,1580.0,0.0,0.0,0.0,98940.6,12191.4,0.0,111132.0
3520905,Ipaussu,739161.0,5792.3,6420.4,19.9,0.0,4674.8,950.0,3000.0,0.0,0.0,0.0,751393.6,8624.8,0.0,760018.4
3521002,Iperó,40536.0,322.9,4938.3,0.0,1320.0,5453.9,0.0,420000.0,0.0,0.0,0.0,47117.2,425453.9,0.0,472571.1
3521101,Ipeúna,219570.0,0.0,1070.1,0.0,0.0,13038.6,589.0,274997.0,0.0,0.0,0.0,220640.1,288624.6,0.0,509264.7
3521150,Ipiguá,111474.0,1109.2,1605.1,0.0,13436.5,10209.8,520.0,405320.0,0.0,0.0,0.0,127624.8,416049.8,0.0,543674.6
3521200,Iporanga,250.0,0.0,428.0,3.3,44.0,2181.6,300.0,4000.0,0.0,0.0,0.0,725.3,6481.6,0.0,7206.9
3521309,Ipuã,1143959.7,43221.3,14238.5,0.0,0.0,3530.0,815.0,63151.0,0.0,0.0,0.0,1201419.5,67496.0,0.0,1268915.5
3521408,Iracemápolis,335103.8,2032.2,109.7,0.0,931.7,34.3,29.0,208.0,0.0,0.0,0.0,338177.4,271.3,0.0,338448.7
3521507,Irapuã,559396.8,2218.3,7367.4,0.0,107949.6,13245.3,980.0,190000.0,0.0,0.0,0.0,676932.1,204225.3,0.0,881157.4
3521606,Irapuru,177345.0,820.8,794.5,430.7,287.1,22631.3,285.0,62840.0,0.0,0.0,0.0,179678.1,85756.3,0.0,265434.4
3521705,Itaberá,0.0,201450.9,128942.7,10.0,36575.0,22750.7,5125.0,13000.0,0.0,0.0,0.0,366978.6,40875.7,0.0,407854.3
3521804,Itaí,413805.0,114304.6,126735.7,1288.7,83502.1,20951.4,2362.0,804092.0,0.0,0.0,0.0,739636.1,827405.4,0.0,1567041.5
3521903,Itajobi,1317420.0,0.0,3745.2,13.3,57750.0,8601.6,1950.0,250000.0,0.0,0.0,0.0,1378928.5,260551.6,0.0,1639480.1
3522000,Itaju,320628.5,5431.2,2166.9,7.8,2591.6,11731.7,250.0,855425.0,0.0,0.0,0.0,330826.0,867406.7,0.0,1198232.7
3522109,Itanhaém,0.0,0.0,0.0,0.0,0.0,311.7,780.0,8000.0,0.0,0.0,0.0,0.0,9091.7,0.0,9091.7
3522158,Itaoca,844.5,0.0,515.0,4.4,19.8,8040.7,1000.0,18800.0,0.0,0.0,0.0,1383.7,27840.7,0.0,29224.4
3522208,Itapecerica da Serra,0.0,0.0,0.0,0.0,0.0,0.0,0.0,0.0,0.0,0.0,0.0,0.0,0.0,0.0,0.0
3522307,Itapetininga,225200.0,117077.5,96681.6,0.0,405101.4,58154.6,2790.0,2442073.0,0.0,0.0,0.0,844060.5,2503017.6,0.0,3347078.1
3522406,Itapeva,112600.0,424448.9,328470.8,0.0,48379.1,25707.3,10000.0,120000.0,0.0,0.0,0.0,913898.8,155707.3,0.0,1069606.1
3522505,Itapevi,0.0,0.0,0.0,0.0,0.0,0.0,0.0,0.0,0.0,0.0,0.0,0.0,0.0,0.0,0.0
3522604,Itapira,52781.2,11535.2,7303.2,1073.9,16156.8,37066.0,2550.0,892400.0,0.0,0.0,0.0,88850.3,932016.0,0.0,1020866.3
3522653,Itapirapuã Paulista,574.3,0.0,476.2,0.0,88.0,2542.1,1600.0,10000.0,0.0,0.0,0.0,1138.5,14142.1,0.0,15280.6
3522703,Itápolis,2215968.0,24647.9,20063.7,16.6,101750.0,29648.7,1980.0,277300.0,0.0,0.0,0.0,2362446.2,308928.7,0.0,2671374.9
3522802,Itaporanga,0.0,58751.9,13563.1,191.5,5280.0,27010.0,500.0,13500.0,0.0,0.0,0.0,77786.5,41010.0,0.0,118796.5
3522901,Itapuí,416169.6,467.1,1083.4,78.6,0.0,1357.8,400.0,368650.0,0.0,0.0,0.0,417798.7,370407.8,0.0,788206.5
3523008,Itapura,548925.0,7550.9,6538.1,0.0,0.0,11174.9,450.0,3850.0,0.0,0.0,0.0,563014.0,15474.9,0.0,578488.9
3523107,Itaquaquecetuba,0.0,0.0,0.0,0.0,0.0,498.6,50.0,2200.0,0.0,0.0,0.0,0.0,2748.6,0.0,2748.6
3523206,Itararé,822.0,102729.9,80602.5,0.0,3036.0,25192.0,22000.0,12000.0,0.0,0.0,0.0,187190.4,59192.0,0.0,246382.4
3523305,Itariri,0.0,0.0,0.0,0.0,0.0,392.7,20.0,0.0,0.0,0.0,0.0,0.0,412.7,0.0,412.7
3523404,Itatiba,3800.2,1112.9,16149.9,345.4,156.2,21940.4,2150.0,500000.0,0.0,0.0,0.0,21564.6,524090.4,0.0,545655.0
3523503,Itatinga,313591.0,6852.1,21033.4,33.2,146300.0,20049.7,0.0,700000.0,0.0,0.0,0.0,487809.7,720049.7,0.0,1207859.4
3523602,Itirapina,252460.5,961.3,2849.0,155.0,14850.0,22278.1,429.0,1280445.0,0.0,0.0,0.0,271275.8,1303152.1,0.0,1574427.9
3523701,Itirapuã,33780.0,443.7,1605.1,6393.8,0.0,9557.4,500.0,0.0,0.0,0.0,0.0,42222.6,10057.4,0.0,52280.0
3523800,Itobi,31930.5,5570.4,15449.0,179.4,896.5,16621.5,600.0,135000.0,0.0,0.0,0.0,54025.8,152221.5,0.0,206247.3
3523909,Itu,70825.4,1676.1,3678.3,90.8,0.0,31310.8,238500.0,675000.0,0.0,0.0,0.0,76270.6,944810.8,0.0,1021081.4
3524006,Itupeva,0.0,44.4,6118.1,6.6,668.8,9308.1,146.0,5780.0,0.0,0.0,0.0,6837.9,15234.1,0.0,22072.0
3524105,Ituverava,1985522.0,44919.5,15229.7,709.7,0.0,17552.3,1300.0,1631520.0,0.0,0.0,0.0,2046380.9,1650372.3,0.0,3696753.2
3524204,Jaborandi,809643.0,9675.5,3710.4,0.0,1838.1,2335.3,71.0,85000.0,0.0,0.0,0.0,824867.0,87406.3,0.0,912273.3
3524303,Jaboticabal,2916058.5,16415.5,4815.3,0.0,1320.0,5486.1,750.0,2350.0,0.0,0.0,0.0,2938609.3,8586.1,0.0,2947195.4
3524402,Jacareí,112.6,0.0,8.0,0.0,0.0,21535.3,180.0,74000.0,0.0,0.0,0.0,120.6,95715.3,0.0,95835.9
3524501,Jaci,316090.7,1478.9,1484.7,24.4,0.0,8290.0,4950.0,568000.0,0.0,0.0,0.0,319078.7,581240.0,0.0,900318.7
3524600,Jacupiranga,16.9,0.0,187.3,0.0,0.0,7271.9,700.0,6000.0,0.0,0.0,0.0,204.2,13971.9,0.0,14176.1
3524709,Jaguariúna,112600.0,532.4,3089.8,0.0,23829.3,3428.2,0.0,90000.0,0.0,0.0,0.0,140051.5,93428.2,0.0,233479.7
3524808,Jales,283752.0,443.7,1056.7,6.6,44085.8,41761.6,2358.0,27918.0,0.0,0.0,0.0,329344.8,72037.6,0.0,401382.4
3524907,Jambeiro,67.6,0.0,0.0,0.0,0.0,15199.4,40000.0,8000.0,0.0,0.0,0.0,67.6,63199.4,0.0,63267.0
3525003,Jandira,0.0,0.0,0.0,0.0,0.0,0.0,0.0,0.0,0.0,0.0,0.0,0.0,0.0,0.0,0.0
3525102,Jardinópolis,1621440.0,8873.2,4654.8,50.9,113.3,8310.8,1400.0,120000.0,0.0,0.0,0.0,1635132.2,129710.8,0.0,1764843.0
3525201,Jarinu,731.9,0.0,2942.7,0.0,127.6,4820.2,1320.0,15850.0,0.0,0.0,0.0,3802.2,21990.2,0.0,25792.4
3525300,Jaú,1914200.0,21147.9,2536.1,1140.4,29.7,10465.3,570.0,294400.0,0.0,0.0,0.0,1939054.1,305435.3,0.0,2244489.4
3525409,Jeriquara,238712.0,2218.3,1083.4,14348.6,990.0,1558.3,470.0,193000.0,0.0,0.0,0.0,257352.3,195028.3,0.0,452380.6
3525508,Joanópolis,0.0,0.0,802.5,19.9,82.5,21815.8,1200.0,13000.0,0.0,0.0,0.0,904.9,36015.8,0.0,36920.7
3525607,João Ramalho,561045.8,9249.1,664.8,0.0,0.0,18812.5,742.0,670460.0,0.0,0.0,0.0,570959.7,690014.5,0.0,1260974.2
3525706,José Bonifácio,1824120.0,19964.8,17335.0,10.0,22440.0,65966.7,4650.0,1290300.0,0.0,0.0,0.0,1883869.8,1360916.7,0.0,3244786.5
3525805,Júlio Mesquita,0.0,0.0,1043.3,100.8,18449.2,9984.4,0.0,48.0,0.0,0.0,0.0,19593.3,10032.4,0.0,29625.7
3525854,Jumirim,24772.0,532.4,572.5,0.0,0.0,10388.5,0.0,1700000.0,0.0,0.0,0.0,25876.9,1710388.5,0.0,1736265.4
3525904,Jundiaí,0.0,0.0,1043.3,56.5,759.0,3864.5,1380.0,96500.0,0.0,0.0,0.0,1858.8,101744.5,0.0,103603.3
3526001,Junqueirópolis,964869.4,1515.8,1364.3,11.1,0.0,34281.9,650.0,6900.0,0.0,0.0,0.0,967760.6,41831.9,0.0,1009592.5
3526100,Juquiá,0.0,0.0,16.1,3.3,0.0,7012.2,300.0,5900.0,0.0,0.0,0.0,19.4,13212.2,0.0,13231.6
3526209,Juquitiba,0.0,0.0,0.0,0.0,0.0,0.0,0.0,0.0,0.0,0.0,0.0,0.0,0.0,0.0,0.0
3526308,Lagoinha,394.1,0.0,1391.1,0.0,0.0,22906.6,620.0,14075.0,0.0,0.0,0.0,1785.2,37601.6,0.0,39386.8
3526407,Laranjal Paulista,25335.0,405.5,31858.5,17.7,0.0,43083.0,5100.0,797011.0,0.0,0.0,0.0,57616.7,845194.0,0.0,902810.7
3526506,Lavínia,1024660.0,739.4,1444.6,0.0,0.0,49641.3,480.0,11000.0,0.0,0.0,0.0,1026844.0,61121.3,0.0,1087965.3
3526605,Lavrinhas,0.0,0.0,123.1,0.0,0.0,11011.8,250.0,1400.0,0.0,0.0,0.0,123.1,12661.8,0.0,12784.9
3526704,Leme,1013400.0,17746.5,29614.0,841.4,36168.0,2493.2,28550.0,77000.0,0.0,0.0,0.0,1097769.9,108043.2,0.0,1205813.1
3526803,Lençóis Paulista,1621440.0,31241.2,622.0,763.9,46992.0,4674.8,200.0,44700.0,0.0,0.0,0.0,1701059.1,49574.8,0.0,1750633.9
3526902,Limeira,536575.0,4066.9,46499.6,44.3,45524.6,13041.7,9000.0,42474.0,0.0,0.0,0.0,632710.4,64515.7,0.0,697226.1
3527009,Lindóia,957.1,0.0,267.5,188.2,0.0,3627.7,277.0,144343.0,0.0,0.0,0.0,1412.8,148247.7,0.0,149660.5
3527108,Lins,821980.0,3993.0,4898.2,70.9,754.6,20829.9,274.0,1205.0,0.0,0.0,0.0,831696.7,22308.9,0.0,854005.6
3527207,Lorena,0.0,73.9,321.0,0.0,0.0,32243.7,450.0,643078.0,0.0,0.0,0.0,394.9,675771.7,0.0,676166.6
3527256,Lourdes,13151.7,4111.3,1447.3,0.0,0.0,8062.5,0.0,112400.0,0.0,0.0,0.0,18710.3,120462.5,0.0,139172.8
3527306,Louveira,464.5,0.0,160.5,0.0,0.0,1246.6,200.0,190000.0,0.0,0.0,0.0,625.0,191446.6,0.0,192071.6
3527405,Lucélia,307878.8,1889.3,523.0,73.1,0.0,33689.8,365.0,255290.0,0.0,0.0,0.0,310364.2,289344.8,0.0,599709.0
3527504,Lucianópolis,16045.5,4559.9,321.0,155.0,179520.0,9141.8,25.0,1000.0,0.0,0.0,0.0,200601.4,10166.8,0.0,210768.2
3527603,Luís Antônio,1674925.0,4436.6,1960.9,75.3,52470.0,8310.8,300.0,5000.0,0.0,0.0,0.0,1733867.8,13610.8,0.0,1747478.6
3527702,Luiziânia,215246.2,665.5,401.3,42.1,0.0,11009.7,400.0,1873.0,0.0,0.0,0.0,216355.1,13282.7,0.0,229637.8
3527801,Lupércio,0.0,4610.4,1163.7,1162.5,15027.1,11881.3,23.0,0.0,0.0,0.0,0.0,21963.7,11904.3,0.0,33868.0
3527900,Lutécia,323162.0,12940.1,15890.4,0.0,0.0,36879.0,300.0,2450.0,0.0,0.0,0.0,351992.5,39629.0,0.0,391621.5
3528007,Macatuba,674372.7,6266.7,738.3,281.2,0.0,858.1,195.0,1900.0,0.0,0.0,0.0,681658.9,2953.1,0.0,684612.0
3528106,Macaubal,225200.0,1331.0,2648.4,0.0,0.0,27612.5,3860.0,1120000.0,0.0,0.0,0.0,229179.4,1151472.5,0.0,1380651.9
3528205,Macedônia,256728.0,1138.7,963.1,46.5,6866.2,35053.8,1940.0,59200.0,0.0,0.0,0.0,265742.5,96193.8,0.0,361936.3
3528304,Magda,629152.5,8873.2,2001.0,0.0,1386.0,12985.6,385.0,2850.0,0.0,0.0,0.0,641412.7,16220.6,0.0,657633.3
3528403,Mairinque,0.0,1331.0,2407.6,0.0,0.0,3272.4,810.0,252712.0,0.0,0.0,0.0,3738.6,256794.4,0.0,260533.0
3528502,Mairiporã,0.0,0.0,0.0,0.0,0.0,194.3,40.0,1179.0,0.0,0.0,0.0,0.0,1413.3,0.0,1413.3
3528601,Manduri,198176.0,8158.5,18419.8,3361.3,11535.7,8540.4,410.0,3649.0,0.0,0.0,0.0,239651.3,12599.4,0.0,252250.7
3528700,Marabá Paulista,551740.0,1848.6,4815.3,0.0,44.0,105300.6,1680.0,18300.0,0.0,0.0,0.0,558447.9,125280.6,0.0,683728.5
3528809,Maracaí,773915.0,104433.1,190685.4,0.0,0.0,6648.6,1200.0,10200.0,0.0,0.0,0.0,1069033.5,18048.6,0.0,1087082.1
3528858,Marapoama,313951.3,493.0,936.3,0.0,2392.5,2036.1,250.0,135000.0,0.0,0.0,0.0,317773.1,137286.1,0.0,455059.2
3528908,Mariápolis,31922.1,119.5,561.8,182.7,0.0,33089.3,475.0,6500.0,0.0,0.0,0.0,32786.1,40064.3,0.0,72850.4
3529005,Marília,180160.0,3364.4,19261.1,1241.1,43084.8,117402.1,176.0,312950.0,0.0,0.0,0.0,247111.4,430528.1,0.0,677639.5
3529104,Marinópolis,16749.2,665.5,204.6,0.0,6919.0,14180.2,220.0,1150.0,0.0,0.0,0.0,24538.3,15550.2,0.0,40088.5
3529203,Martinópolis,1756812.2,13171.8,18636.5,227.0,0.0,87211.1,1550.0,8575.0,0.0,0.0,0.0,1788847.5,97336.1,0.0,1886183.6
3529302,Matão,844500.0,13420.8,5169.7,110.7,148879.5,5152.7,725.0,418000.0,0.0,0.0,0.0,1012080.7,423877.7,0.0,1435958.4
3529401,Mauá,0.0,0.0,0.0,0.0,0.0,46.7,40.0,90.0,0.0,0.0,0.0,0.0,176.7,0.0,176.7
3529500,Mendonça,450400.0,739.4,3531.2,6.6,2689.5,9027.6,350.0,12900.0,0.0,0.0,0.0,457366.7,22277.6,0.0,479644.3
3529609,Meridiano,333296.0,1663.7,6661.1,0.0,13464.0,15926.6,61.0,149200.0,0.0,0.0,0.0,355084.8,165187.6,0.0,520272.4
3529658,Mesópolis,273212.6,2563.4,240.8,0.0,5335.0,6929.1,403.0,2230.0,0.0,0.0,0.0,281351.8,9562.1,0.0,290913.9
3529708,Miguelópolis,1480127.0,76931.0,83085.1,0.0,0.0,4963.6,7538.0,235815.0,0.0,0.0,0.0,1640143.1,248316.6,0.0,1888459.7
3529807,Mineiros do Tietê,467008.5,4294.9,1372.4,136.2,134.2,4052.5,150.0,78820.0,0.0,0.0,0.0,472946.2,83022.5,0.0,555968.7
3529906,Miracatu,0.0,0.0,0.0,0.0,0.0,3324.3,56.0,1400.0,0.0,0.0,0.0,0.0,4780.3,0.0,4780.3
3530003,Mira Estrela,33731.6,460.9,727.6,0.0,144.1,22516.0,104.0,130000.0,0.0,0.0,0.0,35064.2,152620.0,0.0,187684.2
3530102,Mirandópolis,997073.0,1774.6,6281.3,14.4,123.2,79292.0,950.0,463000.0,0.0,0.0,0.0,1005266.5,543242.0,0.0,1548508.5
3530201,Mirante do Paranapanema,844500.0,11091.5,43337.6,0.0,0.0,140737.7,3100.0,18818.0,0.0,0.0,0.0,898929.1,162655.7,0.0,1061584.8
3530300,Mirassol,380025.0,3726.8,4494.3,0.0,37968.7,18335.6,1320.0,172000.0,0.0,0.0,0.0,426214.8,191655.6,0.0,617870.4
3530409,Mirassolândia,184945.5,3697.2,802.5,0.0,3291.2,10991.0,165.0,1590580.0,0.0,0.0,0.0,192736.4,1601736.0,0.0,1794472.4
3530508,Mococa,900334.4,19718.3,61154.1,1771.4,286000.0,54020.0,10000.0,5350000.0,0.0,0.0,0.0,1268978.2,5414020.0,0.0,6682998.2
3530607,Mogi das Cruzes,0.0,0.0,0.0,0.0,0.0,4155.4,240.0,356956.0,0.0,0.0,0.0,0.0,361351.4,0.0,361351.4
3530706,Mogi Guaçu,514019.0,18116.2,29132.5,531.4,517383.9,15982.6,7500.0,232100.0,0.0,0.0,0.0,1079183.0,255582.6,0.0,1334765.6
3530805,Mogi Mirim,317996.5,16822.2,15649.7,0.0,207857.1,17743.5,20700.0,449040.0,0.0,0.0,0.0,558325.5,487483.5,0.0,1045809.0
3530904,Mombuca,300101.5,369.7,347.8,0.0,0.0,2926.4,16150.0,790700.0,0.0,0.0,0.0,300819.0,809776.4,0.0,1110595.4
3531001,Monções,80929.0,2390.8,478.9,0.0,880.0,6949.9,0.0,0.0,0.0,0.0,0.0,84678.7,6949.9,0.0,91628.6
3531100,Mongaguá,0.0,0.0,0.0,0.0,0.0,13.5,20.0,973.0,0.0,0.0,0.0,0.0,1006.5,0.0,1006.5
3531209,Monte Alegre do Sul,2533.5,0.0,1043.3,799.4,0.0,5001.0,0.0,1200000.0,0.0,0.0,0.0,4376.2,1205001.0,0.0,1209377.2
3531308,Monte Alto,445445.6,3105.6,3852.2,18.8,3449.6,15935.9,734.0,163520.0,0.0,0.0,0.0,455871.8,180189.9,0.0,636061.7
3531407,Monte Aprazível,720640.0,4103.9,2795.5,19.9,5639.7,34067.9,5800.0,355000.0,0.0,0.0,0.0,733199.0,394867.9,0.0,1128066.9
3531506,Monte Azul Paulista,684045.0,4806.3,1203.8,286.8,147574.9,6918.7,6800.0,361000.0,0.0,0.0,0.0,837916.8,374718.7,0.0,1212635.5
3531605,Monte Castelo,351312.0,813.4,301.0,0.0,0.0,11863.6,270.0,21500.0,0.0,0.0,0.0,352426.4,33633.6,0.0,386060.0
3531704,Monteiro Lobato,0.0,0.0,0.0,0.0,0.0,14229.1,460.0,6000.0,0.0,0.0,0.0,0.0,20689.1,0.0,20689.1
3531803,Monte Mor,376762.4,1195.4,1605.1,25.5,0.0,8830.2,3400.0,550000.0,0.0,0.0,0.0,379588.4,562230.2,0.0,941818.6
3531902,Morro Agudo,3759714.0,54958.6,11233.0,0.0,0.0,12769.5,1008.0,168751.0,0.0,0.0,0.0,3825905.6,182528.5,0.0,4008434.1
3532009,Morungaba,101.3,739.4,7687.1,79.7,623.7,7838.1,0.0,1100000.0,0.0,0.0,0.0,9231.2,1107838.1,0.0,1117069.3
3532058,Motuca,542379.0,2883.8,394.6,4.4,28184.2,1036.8,335.0,95000.0,0.0,0.0,0.0,573846.0,96371.8,0.0,670217.8
3532108,Murutinga do Sul,225200.0,236.6,1023.2,0.0,0.0,29931.2,930.0,4752.0,0.0,0.0,0.0,226459.8,35613.2,0.0,262073.0
3532157,Nantes,267341.1,30249.1,32208.9,276.8,0.0,7650.1,150.0,2250.0,0.0,0.0,0.0,330075.9,10050.1,0.0,340126.0
3532207,Narandiba,808374.0,513.9,2407.6,0.0,0.0,7038.2,850.0,8985.0,0.0,0.0,0.0,811295.5,16873.2,0.0,828168.7
3532306,Natividade da Serra,0.0,0.0,267.5,0.0,0.0,23800.0,405.0,88240.0,0.0,0.0,0.0,267.5,112445.0,0.0,112712.5
3532405,Nazaré Paulista,1604.5,0.0,1685.4,27.7,245.3,5817.5,1550.0,15300.0,0.0,0.0,0.0,3562.9,22667.5,0.0,26230.4
3532504,Neves Paulista,405360.0,4880.3,1926.1,26.6,4524.3,17328.0,3200.0,235000.0,0.0,0.0,0.0,416717.3,255528.0,0.0,672245.3
3532603,Nhandeara,577638.0,5323.9,3611.5,0.0,2109.8,36561.2,370.0,340000.0,0.0,0.0,0.0,588683.2,376931.2,0.0,965614.4
3532702,Nipoã,260950.5,709.9,1805.7,0.0,27139.2,7059.0,465.0,215000.0,0.0,0.0,0.0,290605.3,222524.0,0.0,513129.3
3532801,Nova Aliança,472920.0,0.0,200.6,3.3,6635.2,11998.7,510.0,790000.0,0.0,0.0,0.0,479759.1,802508.7,0.0,1282267.8
3532827,Nova Campina,84.4,1371.7,1899.4,0.0,4128.3,2033.0,100.0,6720.0,0.0,0.0,0.0,7483.8,8853.0,0.0,16336.8
3532843,Nova Canaã Paulista,71782.5,0.0,1096.8,0.0,149.6,17785.0,320.0,2600.0,0.0,0.0,0.0,73028.9,20705.0,0.0,93733.9
3532868,Nova Castilho,283752.0,4214.8,2166.9,0.0,19.8,16711.9,445.0,93700.0,0.0,0.0,0.0,290153.5,110856.9,0.0,401010.4
3532900,Nova Europa,353564.6,4053.3,2568.2,11.1,15180.0,860.2,145.0,158000.0,0.0,0.0,0.0,375377.2,159005.2,0.0,534382.4
3533007,Nova Granada,743160.0,7209.5,11556.7,0.0,131514.9,41439.6,2810.0,362580.0,0.0,0.0,0.0,893441.1,406829.6,0.0,1300270.7
3533106,Nova Guataporanga,48339.2,0.0,160.5,2.2,0.0,3947.6,300.0,1500.0,0.0,0.0,0.0,48501.9,5747.6,0.0,54249.5
3533205,Nova Independência,443362.5,0.0,0.0,0.0,0.0,10268.0,275.0,3521.0,0.0,0.0,0.0,443362.5,14064.0,0.0,457426.5
3533254,Novais,225200.0,1663.7,601.9,2.2,660.0,1153.1,195.0,3200.0,0.0,0.0,0.0,228127.8,4548.1,0.0,232675.9
3533304,Nova Luzitânia,91431.2,905.8,1056.7,0.0,0.0,10629.5,580.0,940.0,0.0,0.0,0.0,93393.7,12149.5,0.0,105543.2
3533403,Nova Odessa,0.0,756.7,2414.3,0.0,0.0,290.9,161.0,400.0,0.0,0.0,0.0,3171.0,851.9,0.0,4022.9
3533502,Novo Horizonte,2632025.0,5176.1,3477.7,60.9,36960.0,22283.2,1500.0,12500.0,0.0,0.0,0.0,2677699.7,36283.2,0.0,2713982.9
3533601,Nuporanga,971175.0,17846.3,8667.5,1898.8,0.0,3679.6,700.0,1983223.0,0.0,0.0,0.0,999587.6,1987602.6,0.0,2987190.2
3533700,Ocauçu,82549.9,3937.5,517.6,1007.5,23054.9,22481.7,140.0,0.0,0.0,0.0,0.0,111067.4,22621.7,0.0,133689.1
3533809,Óleo,211688.0,25143.3,10011.8,90.8,0.0,8721.1,300.0,5353.0,0.0,0.0,0.0,246933.9,14374.1,0.0,261308.0
3533908,Olímpia,1849455.0,2210.9,4434.1,5.5,77044.0,17014.2,431.0,218000.0,0.0,0.0,0.0,1933149.5,235445.2,0.0,2168594.7
3534005,Onda Verde,468979.0,1109.2,4872.8,0.0,107902.3,5038.4,158.0,399052.0,0.0,0.0,0.0,582863.3,404248.4,0.0,987111.7
3534104,Oriente,112600.0,0.0,722.3,162.8,0.0,15155.7,65.0,88.0,0.0,0.0,0.0,113485.1,15308.7,0.0,128793.8
3534203,Orindiúva,574260.0,31121.7,1130.3,0.0,17958.6,6180.1,189.0,2058.0,0.0,0.0,0.0,624470.6,8427.1,0.0,632897.7
3534302,Orlândia,751605.0,8787.0,1043.3,1095.0,0.0,4715.3,1085.0,191861.0,0.0,0.0,0.0,762530.3,197661.3,0.0,960191.6
3534401,Osasco,0.0,0.0,0.0,0.0,0.0,0.0,0.0,0.0,0.0,0.0,0.0,0.0,0.0,0.0,0.0
3534500,Oscar Bressane,59466.9,722.2,1351.0,155.0,0.0,30392.5,111.0,2026.0,0.0,0.0,0.0,61695.1,32529.5,0.0,94224.6
3534609,Osvaldo Cruz,112318.5,534.9,1888.7,1535.6,0.0,31939.3,497.0,285850.0,0.0,0.0,0.0,116277.7,318286.3,0.0,434564.0
3534708,Ourinhos,749916.0,17746.5,23675.2,41.0,0.0,6648.6,1600.0,208940.0,0.0,0.0,0.0,791378.7,217188.6,0.0,1008567.3
3534757,Ouroeste,320910.0,2588.0,3089.8,0.0,5412.0,17402.8,368.0,5600.0,0.0,0.0,0.0,331999.8,23370.8,0.0,355370.6
3534807,Ouro Verde,438577.0,172.5,144.5,36.5,44.0,17660.4,220.0,1780.0,0.0,0.0,0.0,438974.5,19660.4,0.0,458634.9
3534906,Pacaembu,256165.0,777.6,2485.2,431.8,52.8,44647.5,590.0,36200.0,0.0,0.0,0.0,259912.4,81437.5,0.0,341349.9
3535002,Palestina,1494765.0,10679.9,9296.2,0.0,46377.1,38814.4,1580.0,275564.0,0.0,0.0,0.0,1561118.2,315958.4,0.0,1877076.6
3535101,Palmares Paulista,405765.4,6654.9,123.1,0.0,66.0,72.7,55.0,1050.0,0.0,0.0,0.0,412609.4,1177.7,0.0,413787.1
3535200,Palmeira d'Oeste,23871.2,798.6,111.0,0.0,5460.4,54258.9,2145.0,3485.0,0.0,0.0,0.0,30241.2,59888.9,0.0,90130.1
3535309,Palmital,1150969.0,132985.2,164074.2,0.0,0.0,4155.4,2540.0,168500.0,0.0,0.0,0.0,1448028.4,175195.4,0.0,1623223.8
3535408,Panorama,363135.0,0.0,133.8,0.0,0.0,14751.6,370.0,1500.0,0.0,0.0,0.0,363268.8,16621.6,0.0,379890.4
3535507,Paraguaçu Paulista,1900125.0,27026.4,11998.1,7.8,0.0,33866.4,910.0,303629.0,0.0,0.0,0.0,1939157.3,338405.4,0.0,2277562.7
3535606,Paraibuna,45.0,0.0,80.3,0.0,0.0,33305.4,800.0,8000.0,0.0,0.0,0.0,125.3,42105.4,0.0,42230.7
3535705,Paraíso,382840.0,2218.3,1203.8,1.1,18150.0,1308.9,420.0,3500.0,0.0,0.0,0.0,404413.2,5228.9,0.0,409642.1
3535804,Paranapanema,104783.3,103151.4,97493.5,0.0,86027.7,30692.7,6064.0,130723.0,0.0,0.0,0.0,391455.9,167479.7,0.0,558935.6
3535903,Paranapuã,264497.4,3118.0,347.8,0.0,6682.5,8003.3,320.0,1290.0,0.0,0.0,0.0,274645.7,9613.3,0.0,284259.0
3536000,Parapuã,460210.3,6470.1,3009.6,1687.3,0.0,31413.7,115.0,1541198.0,0.0,0.0,0.0,471377.3,1572726.7,0.0,2044104.0
3536109,Pardinho,0.0,12151.4,7737.9,680.9,30800.0,11401.3,0.0,155000.0,0.0,0.0,0.0,51370.2,166401.3,0.0,217771.5
3536208,Pariquera-Açu,140.8,0.0,468.2,2.2,0.0,2441.3,100.0,6000.0,0.0,0.0,0.0,611.2,8541.3,0.0,9152.5
3536257,Parisi,31105.7,610.0,4654.8,0.0,6732.0,11380.6,130.0,45000.0,0.0,0.0,0.0,43102.5,56510.6,0.0,99613.1
3536307,Patrocínio Paulista,810720.0,5323.9,6019.1,6111.4,88000.0,23893.5,7000.0,105000.0,0.0,0.0,0.0,916174.4,135893.5,0.0,1052067.9
3536406,Paulicéia,529276.3,1478.9,168.5,0.0,44.0,12985.6,350.0,3700.0,0.0,0.0,0.0,530967.7,17035.6,0.0,548003.3
3536505,Paulínia,172933.3,0.0,399.9,0.0,325.6,332.4,90.0,20100.0,0.0,0.0,0.0,173658.8,20522.4,0.0,194181.2
3536570,Paulistânia,2561.6,2680.5,200.6,0.0,36756.5,7271.9,285.0,31010.0,0.0,0.0,0.0,42199.2,38566.9,0.0,80766.1
3536604,Paulo de Faria,1722780.0,10845.1,8747.8,0.0,17421.8,30697.9,1280.0,58980.0,0.0,0.0,0.0,1759794.7,90957.9,0.0,1850752.6
3536703,Pederneiras,1642383.6,22327.3,24164.7,15.5,32947.2,27583.4,2842.0,442000.0,0.0,0.0,0.0,1721838.3,472425.4,0.0,2194263.7
3536802,Pedra Bela,713.3,1109.2,11235.7,100.8,0.0,12466.2,5000.0,250000.0,0.0,0.0,0.0,13159.0,267466.2,0.0,280625.2
3536901,Pedranópolis,306272.0,443.7,120.4,0.0,30559.1,44881.3,62.0,552320.0,0.0,0.0,0.0,337395.2,597263.3,0.0,934658.5
3537008,Pedregulho,281049.6,5767.6,18458.6,27401.8,77000.0,8310.8,1450.0,131000.0,0.0,0.0,0.0,409677.6,140760.8,0.0,550438.4
3537107,Pedreira,0.0,0.0,133.8,15.5,0.0,4155.4,200.0,100000.0,0.0,0.0,0.0,149.3,104355.4,0.0,104504.7
3537156,Pedrinhas Paulista,152010.0,35596.5,63872.1,0.0,0.0,1350.5,190.0,755.0,0.0,0.0,0.0,251478.6,2295.5,0.0,253774.1
3537206,Pedro de Toledo,0.0,0.0,0.0,0.0,0.0,1225.8,50.0,0.0,0.0,0.0,0.0,0.0,1275.8,0.0,1275.8
3537305,Penápolis,1164193.9,19521.1,2889.2,59.8,0.0,24667.4,1575.0,3981.0,0.0,0.0,0.0,1186664.0,30223.4,0.0,1216887.4
3537404,Pereira Barreto,1368090.0,6977.8,2715.3,0.0,14850.0,45189.8,1280.0,346700.0,0.0,0.0,0.0,1392633.1,393169.8,0.0,1785802.9
3537503,Pereiras,23083.0,61.6,3044.3,0.0,0.0,40276.1,9000.0,4000000.0,0.0,0.0,0.0,26188.9,4049276.1,0.0,4075465.0
3537602,Peruíbe,0.0,0.0,0.0,0.0,0.0,311.7,0.0,2400.0,0.0,0.0,0.0,0.0,2711.7,0.0,2711.7
3537701,Piacatu,333296.0,2883.8,529.7,16.6,0.0,22872.3,0.0,0.0,0.0,0.0,0.0,336726.1,22872.3,0.0,359598.4
3537800,Piedade,0.0,616.2,8025.5,0.0,99.0,10388.5,2350.0,4800.0,0.0,0.0,0.0,8740.7,17538.5,0.0,26279.2
3537909,Pilar do Sul,0.0,41260.6,77044.6,0.0,174.9,13384.5,1210.0,71280.0,0.0,0.0,0.0,118480.1,85874.5,0.0,204354.6
3538006,Pindamonhangaba,0.0,4344.2,6687.9,0.0,260.7,62046.1,475.0,252800.0,0.0,0.0,0.0,11292.8,315321.1,0.0,326613.9
3538105,Pindorama,456030.0,2772.9,802.5,0.0,154.0,8601.6,420.0,6200.0,0.0,0.0,0.0,459759.4,15221.6,0.0,474981.0
3538204,Pinhalzinho,337.8,2957.7,1003.2,116.2,0.0,8726.3,205.0,430000.0,0.0,0.0,0.0,4414.9,438931.3,0.0,443346.2
3538303,Piquerobi,140339.0,3946.1,10679.2,0.0,48.4,70586.5,987.0,11300.0,0.0,0.0,0.0,155012.7,82873.5,0.0,237886.2
3538501,Piquete,0.0,0.0,52.2,0.0,0.0,8607.9,200.0,3750.0,0.0,0.0,0.0,52.2,12557.9,0.0,12610.1
3538600,Piracaia,1407.5,0.0,802.5,1.1,165.0,16621.5,405.0,66000.0,0.0,0.0,0.0,2376.1,83026.5,0.0,85402.6
3538709,Piracicaba,1756560.0,4436.6,17591.8,0.0,82066.6,53780.0,2010.0,3270500.0,0.0,0.0,0.0,1860655.0,3326290.0,0.0,5186945.0
3538808,Piraju,180160.0,72188.7,56980.9,2590.7,8976.0,24766.1,1750.0,7200.0,0.0,0.0,0.0,320896.3,33716.1,0.0,354612.4
3538907,Pirajuí,756672.0,10573.9,8667.5,438.4,150796.8,57095.0,810.0,6200.0,0.0,0.0,0.0,927148.6,64105.0,0.0,991253.6
3539004,Pirangi,540480.0,1441.9,96.3,16.6,38831.1,1869.9,500.0,507000.0,0.0,0.0,0.0,580865.9,509369.9,0.0,1090235.8
3539103,Pirapora do Bom Jesus,0.0,0.0,0.0,0.0,0.0,0.0,0.0,0.0,0.0,0.0,0.0,0.0,0.0,0.0,0.0
3539202,Pirapozinho,472075.5,2372.4,1910.1,34.3,0.0,31305.6,1730.0,15500.0,0.0,0.0,0.0,476392.3,48535.6,0.0,524927.9
3539301,Pirassununga,990880.0,24401.4,70142.7,0.0,93404.3,8882.1,3000.0,210000.0,0.0,0.0,0.0,1178828.4,221882.1,0.0,1400710.5
3539400,Piratininga,78425.9,1608.3,301.0,239.1,53126.7,30121.3,410.0,86000.0,0.0,0.0,0.0,133701.0,116531.3,0.0,250232.3
3539509,Pitangueiras,1606576.8,3660.2,1043.3,4.4,627.0,5511.1,243.0,370000.0,0.0,0.0,0.0,1611911.7,375754.1,0.0,1987665.8
3539608,Planalto,653643.0,4473.6,3049.7,0.0,0.0,9848.3,220.0,145000.0,0.0,0.0,0.0,661166.3,155068.3,0.0,816234.6
3539707,Platina,342022.5,35825.7,51788.4,0.0,0.0,8622.4,1350.0,1500.0,0.0,0.0,0.0,429636.6,11472.4,0.0,441109.0
3539806,Poá,0.0,0.0,0.0,0.0,0.0,43.6,0.0,0.0,0.0,0.0,0.0,0.0,43.6,0.0,43.6
3539905,Poloni,343430.0,369.7,3772.0,0.0,3587.1,15692.8,5200.0,550000.0,0.0,0.0,0.0,351158.8,570892.8,0.0,922051.6
3540002,Pompéia,540480.0,4190.1,3611.5,260.2,0.0,69750.2,257.0,63956.0,0.0,0.0,0.0,548541.8,133963.2,0.0,682505.0
3540101,Pongaí,287130.0,887.3,3511.1,19.9,3850.0,19466.9,172.0,702.0,0.0,0.0,0.0,295398.3,20340.9,0.0,315739.2
3540200,Pontal,1251886.8,3993.0,1297.5,0.0,0.0,382.3,66.0,306.0,0.0,0.0,0.0,1257177.3,754.3,0.0,1257931.6
3540259,Pontalinda,360320.0,862.7,4012.7,0.0,14105.3,18709.6,716.0,15700.0,0.0,0.0,0.0,379300.7,35125.6,0.0,414426.3
3540309,Pontes Gestal,354690.0,1725.4,240.8,6.6,645.7,9853.5,205.0,3100.0,0.0,0.0,0.0,357308.5,13158.5,0.0,370467.0
3540408,Populina,478550.0,1232.4,64.2,3.3,9960.5,18595.3,755.0,7080.0,0.0,0.0,0.0,489810.4,26430.3,0.0,516240.7
3540507,Porangaba,24331.7,639.6,2568.2,0.0,192.5,34988.3,500.0,6508000.0,0.0,0.0,0.0,27732.0,6543488.3,0.0,6571220.3
3540606,Porto Feliz,612262.5,1478.9,4414.0,34.3,12540.0,21504.1,63900.0,1876170.0,0.0,0.0,0.0,630729.7,1961574.1,0.0,2592303.8
3540705,Porto Ferreira,473764.5,12940.1,11556.7,0.0,18849.6,3542.5,50.0,53500.0,0.0,0.0,0.0,517110.9,57092.5,0.0,574203.4
3540754,Potim,0.0,1848.6,2728.7,0.0,0.0,5868.4,80.0,525.0,0.0,0.0,0.0,4577.3,6473.4,0.0,11050.7
3540804,Potirendaba,675600.0,3253.5,7865.0,16.6,32138.7,39659.0,1050.0,115800.0,0.0,0.0,0.0,718873.8,156509.0,0.0,875382.8
3540853,Pracinha,29557.5,433.8,176.6,0.0,0.0,7516.1,135.0,1280.0,0.0,0.0,0.0,30167.9,8931.1,0.0,39099.0
3540903,Pradópolis,484743.0,8300.2,3865.6,1.1,171.6,326.2,418.0,532.0,0.0,0.0,0.0,497081.5,1276.2,0.0,498357.7
3541000,Praia Grande,0.0,0.0,0.0,0.0,0.0,0.0,0.0,0.0,0.0,0.0,0.0,0.0,0.0,0.0,0.0
3541059,Pratânia,306835.0,511.4,2675.2,304.5,201025.0,4285.2,1500.0,590000.0,0.0,0.0,0.0,511351.1,595785.2,0.0,1107136.3
3541109,Presidente Alves,3121.3,0.0,113.7,33.2,28270.0,21604.9,114.0,168700.0,0.0,0.0,0.0,31538.2,190418.9,0.0,221957.1
3541208,Presidente Bernardes,76370.9,9011.3,16552.5,0.0,0.0,148651.6,2400.0,23740.0,0.0,0.0,0.0,101934.7,174791.6,0.0,276726.3
3541307,Presidente Epitácio,571445.0,98.6,1444.6,0.0,1430.0,95078.3,1595.0,12120.0,0.0,0.0,0.0,574418.2,108793.3,0.0,683211.5
3541406,Presidente Prudente,233374.8,0.0,1009.9,0.0,0.0,64760.6,1115.0,13000.0,0.0,0.0,0.0,234384.7,78875.6,0.0,313260.3
3541505,Presidente Venceslau,118230.0,0.0,4815.3,0.0,110.0,107366.8,778.0,16750.0,0.0,0.0,0.0,123155.3,124894.8,0.0,248050.1
3541604,Promissão,1069249.6,9243.0,4173.2,29.9,0.0,54138.4,2487.0,126000.0,0.0,0.0,0.0,1082695.7,182625.4,0.0,1265321.1
3541653,Quadra,253350.0,7271.1,17392.5,0.0,0.0,9349.6,150.0,2000000.0,0.0,0.0,0.0,278013.6,2009499.6,0.0,2287513.2
3541703,Quatá,1061255.0,10647.9,2494.6,83.0,775.5,26453.2,415.0,1357100.0,0.0,0.0,0.0,1075256.0,1383968.2,0.0,2459224.2
3541802,Queiroz,427351.9,1220.1,0.0,0.0,0.0,10177.6,52.0,2177550.0,0.0,0.0,0.0,428572.0,2187779.6,0.0,2616351.6
3541901,Queluz,755.5,0.0,91.0,0.0,151.8,11635.1,345.0,1300.0,0.0,0.0,0.0,998.3,13280.1,0.0,14278.4
3542008,Quintana,190969.6,9973.8,902.9,44.3,0.0,31994.4,157.0,680.0,0.0,0.0,0.0,201890.6,32831.4,0.0,234722.0
3542107,Rafard,264610.0,110.9,668.8,0.0,0.0,4089.9,10100.0,521700.0,0.0,0.0,0.0,265389.7,535889.9,0.0,801279.6
3542206,Rancharia,2587372.3,77133.1,88673.5,0.0,0.0,98638.4,750.0,1547300.0,0.0,0.0,0.0,2753178.9,1646688.4,0.0,4399867.3
3542305,Redenção da Serra,157.6,0.0,46.8,0.0,0.0,16912.4,670.0,97386.0,0.0,0.0,0.0,204.4,114968.4,0.0,115172.8
3542404,Regente Feijó,181604.1,4257.9,2379.6,97.4,0.0,29917.7,420.0,840750.0,0.0,0.0,0.0,188339.0,871087.7,0.0,1059426.7
3542503,Reginópolis,360320.0,5545.8,6029.8,0.0,60765.1,21551.9,600.0,4300.0,0.0,0.0,0.0,432660.7,26451.9,0.0,459112.6
3542602,Registro,494.9,0.0,76.2,6.6,18.7,10907.9,100.0,9500.0,0.0,0.0,0.0,596.4,20507.9,0.0,21104.3
3542701,Restinga,526968.0,2218.3,1605.1,5002.1,0.0,6648.6,574.0,0.0,0.0,0.0,0.0,535793.5,7222.6,0.0,543016.1
3542800,Ribeira,3378.0,0.0,1123.6,0.0,180.4,4832.7,800.0,14850.0,0.0,0.0,0.0,4682.0,20482.7,0.0,25164.7
3542909,Ribeirão Bonito,760050.0,862.7,802.5,90.8,91657.5,11946.7,1700.0,795000.0,0.0,0.0,0.0,853463.5,808646.7,0.0,1662110.2
3543006,Ribeirão Branco,0.0,11978.9,81859.9,0.0,225.5,10763.5,1000.0,19490.0,0.0,0.0,0.0,94064.3,31253.5,0.0,125317.8
3543105,Ribeirão Corrente,119806.4,887.3,1324.2,12555.0,0.0,3843.7,1200.0,330000.0,0.0,0.0,0.0,134572.9,335043.7,0.0,469616.6
3543204,Ribeirão do Sul,181849.0,62852.1,90955.4,747.3,0.0,4072.3,410.0,3200.0,0.0,0.0,0.0,336403.8,7682.3,0.0,344086.1
3543238,Ribeirão dos Índios,80002.3,3846.3,0.0,0.0,0.0,25088.1,1075.0,5400.0,0.0,0.0,0.0,83848.6,31563.1,0.0,115411.7
3543253,Ribeirão Grande,67.6,13309.9,19381.5,0.0,144.1,4166.8,1240.0,16500.0,0.0,0.0,0.0,32903.1,21906.8,0.0,54809.9
3543303,Ribeirão Pires,0.0,0.0,0.0,0.0,0.0,41.6,0.0,2000.0,0.0,0.0,0.0,0.0,2041.6,0.0,2041.6
3543402,Ribeirão Preto,1659528.6,1811.6,5136.3,107.4,0.0,3739.8,250.0,15000.0,0.0,0.0,0.0,1666583.9,18989.8,0.0,1685573.7
3543501,Riversul,2702.4,22799.3,10673.9,0.0,0.0,26989.2,250.0,8000.0,0.0,0.0,0.0,36175.6,35239.2,0.0,71414.8
3543600,Rifaina,90572.6,2218.3,0.0,23.2,0.0,6960.3,310.0,120000.0,0.0,0.0,0.0,92814.1,127270.3,0.0,220084.4
3543709,Rincão,833240.0,8873.2,597.9,0.0,55284.9,5100.7,280.0,293000.0,0.0,0.0,0.0,897996.0,298380.7,0.0,1196376.7
3543808,Rinópolis,164677.5,3943.7,2407.6,99.6,0.0,42631.1,125.0,1940500.0,0.0,0.0,0.0,171128.4,1983256.1,0.0,2154384.5
3543907,Rio Claro,459022.9,554.6,6453.8,32.1,17226.0,18446.8,1927.0,1175558.0,0.0,0.0,0.0,483289.4,1195931.8,0.0,1679221.2
3544004,Rio das Pedras,541509.7,2536.3,1404.5,0.0,0.0,2278.2,188.0,140700.0,0.0,0.0,0.0,545450.5,143166.2,0.0,688616.7
3544103,Rio Grande da Serra,0.0,0.0,0.0,0.0,0.0,31.2,0.0,300.0,0.0,0.0,0.0,0.0,331.2,0.0,331.2
3544202,Riolândia,871524.0,6913.7,4815.3,0.0,14686.1,39777.4,210.0,290000.0,0.0,0.0,0.0,897939.1,329987.4,0.0,1227926.5
3544251,Rosana,0.0,14172.5,30496.8,11.1,0.0,65122.1,1100.0,13200.0,0.0,0.0,0.0,44680.4,79422.1,0.0,124102.5
3544301,Roseira,0.0,1663.7,3651.6,0.0,0.0,8100.9,290.0,500.0,0.0,0.0,0.0,5315.3,8890.9,0.0,14206.2
3544400,Rubiácea,426191.0,757.9,791.8,0.0,0.0,20247.1,840.0,5120.0,0.0,0.0,0.0,427740.7,26207.1,0.0,453947.8
3544509,Rubinéia,99088.0,3549.3,738.3,0.0,74.8,19442.0,376.0,1640.0,0.0,0.0,0.0,103450.4,21458.0,0.0,124908.4
3544608,Sabino,358913.6,17746.5,3107.2,3.3,0.0,10493.4,280.0,4680.0,0.0,0.0,0.0,379770.6,15453.4,0.0,395224.0
3544707,Sagres,142625.9,266.2,109.7,163.9,0.0,12570.0,235.0,1500.0,0.0,0.0,0.0,143165.7,14305.0,0.0,157470.7
3544806,Sales,698120.0,2218.3,3852.2,0.0,6282.1,27529.4,475.0,43000.0,0.0,0.0,0.0,710472.6,71004.4,0.0,781477.0
3544905,Sales Oliveira,515601.0,9952.8,1785.7,620.0,0.0,5560.9,826.0,1398207.0,0.0,0.0,0.0,527959.5,1404593.9,0.0,1932553.4
3545001,Salesópolis,0.0,0.0,0.0,0.0,0.0,4799.5,66.0,0.0,0.0,0.0,0.0,0.0,4865.5,0.0,4865.5
3545100,Salmourão,211177.4,740.7,2005.0,148.4,0.0,14491.9,183.0,1700.0,0.0,0.0,0.0,214071.5,16374.9,0.0,230446.4
3545159,Saltinho,129401.0,147.9,695.5,0.0,0.0,6921.8,197.0,611750.0,0.0,0.0,0.0,130244.4,618868.8,0.0,749113.2
3545209,Salto,56074.8,862.7,1618.5,0.0,0.0,3906.1,90.0,200000.0,0.0,0.0,0.0,58556.0,203996.1,0.0,262552.1
3545308,Salto de Pirapora,0.0,3327.5,6821.7,0.0,1795.2,7583.6,346.0,957.0,0.0,0.0,0.0,11944.4,8886.6,0.0,20831.0
3545407,Salto Grande,56300.0,54126.8,96862.2,0.0,0.0,4415.1,4500.0,7000.0,0.0,0.0,0.0,207289.0,15915.1,0.0,223204.1
3545506,Sandovalina,1486461.9,3121.7,4086.3,0.0,0.0,22659.3,370.0,6300.0,0.0,0.0,0.0,1493669.9,29329.3,0.0,1522999.2
3545605,Santa Adélia,1100665.0,2723.6,325.0,0.0,14593.7,3812.6,450.0,375000.0,0.0,0.0,0.0,1118307.3,379262.6,0.0,1497569.9
3545704,Santa Albertina,339291.9,0.0,335.7,0.0,1496.0,25773.8,1208.0,5711.0,0.0,0.0,0.0,341123.6,32692.8,0.0,373816.4
3545803,Santa Bárbara d'Oeste,689112.0,3943.7,3654.3,37.6,0.0,1802.4,275.0,445000.0,0.0,0.0,0.0,696747.6,447077.4,0.0,1143825.0
3546009,Santa Branca,28.1,0.0,4.0,0.0,0.0,11583.1,180.0,1000.0,0.0,0.0,0.0,32.1,12763.1,0.0,12795.2
3546108,Santa Clara d'Oeste,0.0,1042.6,462.8,0.0,7480.0,19197.9,430.0,2810.0,0.0,0.0,0.0,8985.4,22437.9,0.0,31423.3
3546207,Santa Cruz da Conceição,180005.2,3105.6,1324.2,0.0,224.4,7614.7,0.0,187000.0,0.0,0.0,0.0,184659.4,194614.7,0.0,379274.1
3546256,Santa Cruz da Esperança,332710.5,443.7,1201.1,298.9,0.0,1662.2,350.0,2000.0,0.0,0.0,0.0,334654.2,4012.2,0.0,338666.4
3546306,Santa Cruz das Palmeiras,751167.0,3105.6,8757.1,730.7,23876.6,1340.1,200.0,22000.0,0.0,0.0,0.0,787637.0,23540.1,0.0,811177.1
3546405,Santa Cruz do Rio Pardo,1266750.0,183380.3,191859.7,212.6,465430.9,47786.9,15800.0,8500.0,0.0,0.0,0.0,2107633.5,72086.9,0.0,2179720.4
3546504,Santa Ernestina,360010.3,916.9,192.6,0.0,0.0,406.2,167.0,942.0,0.0,0.0,0.0,361119.8,1515.2,0.0,362635.0
3546603,Santa Fé do Sul,5675.0,177.5,761.1,1.1,12716.0,27941.8,2250.0,8370.0,0.0,0.0,0.0,19330.7,38561.8,0.0,57892.5
3546702,Santa Gertrudes,211257.3,320.4,583.2,0.0,0.0,567.2,53.0,485.0,0.0,0.0,0.0,212160.9,1105.2,0.0,213266.1
3546801,Santa Isabel,0.0,0.0,0.0,0.0,0.0,6752.5,35.0,1580.0,0.0,0.0,0.0,0.0,8367.5,0.0,8367.5
3546900,Santa Lúcia,582705.0,1331.0,2487.9,286.8,0.0,492.4,295.0,144000.0,0.0,0.0,0.0,586810.7,144787.4,0.0,731598.1
3547007,Santa Maria da Serra,184748.4,6470.1,1417.8,0.0,16500.0,12974.1,219.0,244700.0,0.0,0.0,0.0,209136.3,257893.1,0.0,467029.4
3547106,Santa Mercedes,310776.0,1368.0,0.0,0.0,0.0,9349.6,165.0,1580.0,0.0,0.0,0.0,312144.0,11094.6,0.0,323238.6
3547205,Santana da Ponte Pensa,45040.0,1885.6,301.0,0.0,7928.8,19706.9,642.0,2640.0,0.0,0.0,0.0,55155.4,22988.9,0.0,78144.3
3547304,Santana de Parnaíba,0.0,0.0,0.0,0.0,0.0,1246.6,450.0,3200.0,0.0,0.0,0.0,0.0,4896.6,0.0,4896.6
3547403,Santa Rita d'Oeste,230154.4,3549.3,1159.7,0.0,11220.0,21717.1,595.0,9412.0,0.0,0.0,0.0,246083.4,31724.1,0.0,277807.5
3547502,Santa Rita do Passa Quatro,740908.0,1404.9,6685.2,358.7,31416.0,24360.9,500.0,687000.0,0.0,0.0,0.0,780772.8,711860.9,0.0,1492633.7
3547601,Santa Rosa de Viterbo,567504.0,7690.1,1404.5,173.8,21362.0,9245.7,500.0,190000.0,0.0,0.0,0.0,598134.4,199745.7,0.0,797880.1
3547650,Santa Salete,8445.0,0.0,140.4,0.0,32459.9,11744.2,470.0,4790.0,0.0,0.0,0.0,41045.3,17004.2,0.0,58049.5
3547700,Santo Anastácio,39410.0,7394.4,9229.3,0.0,0.0,85685.1,890.0,7800.0,0.0,0.0,0.0,56033.7,94375.1,0.0,150408.8
3547809,Santo André,0.0,0.0,0.0,0.0,0.0,0.0,0.0,0.0,0.0,0.0,0.0,0.0,0.0,0.0,0.0
3547908,Santo Antônio da Alegria,90080.0,10598.6,29293.0,3985.7,80782.9,23893.5,2000.0,140000.0,0.0,0.0,0.0,214740.2,165893.5,0.0,380633.7
3548005,Santo Antônio de Posse,144128.0,1552.8,7704.5,99.6,58671.8,4593.8,1700.0,185600.0,0.0,0.0,0.0,212156.7,191893.8,0.0,404050.5
3548054,Santo Antônio do Aracanguá,1100484.8,26619.7,6227.8,0.0,33000.0,99316.8,1890.0,183800.0,0.0,0.0,0.0,1166332.3,285006.8,0.0,1451339.1
3548104,Santo Antônio do Jardim,0.0,197.2,963.1,6393.8,0.0,6025.3,680.0,700000.0,0.0,0.0,0.0,7554.1,706705.3,0.0,714259.4
3548203,Santo Antônio do Pinhal,0.0,0.0,56.2,0.0,0.0,4125.3,361.0,2400.0,0.0,0.0,0.0,56.2,6886.3,0.0,6942.5
3548302,Santo Expedito,43083.6,0.0,494.9,0.0,0.0,13599.5,250.0,5500.0,0.0,0.0,0.0,43578.5,19349.5,0.0,62928.0
3548401,Santópolis do Aguapeí,121517.9,0.0,192.6,2.2,0.0,7338.4,79.0,321.0,0.0,0.0,0.0,121712.7,7738.4,0.0,129451.1
3548500,Santos,0.0,0.0,0.0,0.0,0.0,0.0,0.0,0.0,0.0,0.0,0.0,0.0,0.0,0.0,0.0
3548609,São Bento do Sapucaí,0.0,0.0,601.9,0.0,0.0,12974.1,875.0,2700.0,0.0,0.0,0.0,601.9,16549.1,0.0,17151.0
3548708,São Bernardo do Campo,0.0,0.0,0.0,0.0,0.0,0.0,0.0,0.0,0.0,0.0,0.0,0.0,0.0,0.0,0.0
3548807,São Caetano do Sul,0.0,0.0,0.0,0.0,0.0,0.0,0.0,0.0,0.0,0.0,0.0,0.0,0.0,0.0,0.0
3548906,São Carlos,1576400.0,8873.2,15355.4,658.8,44880.0,39787.8,2100.0,1650000.0,0.0,0.0,0.0,1646167.4,1691887.8,0.0,3338055.2
3549003,São Francisco,77018.4,0.0,76.2,0.0,2784.1,13715.9,550.0,3980.0,0.0,0.0,0.0,79878.7,18245.9,0.0,98124.6
3549102,São João da Boa Vista,315280.0,7394.4,40662.4,5420.6,16940.0,45501.5,620.0,180000.0,0.0,0.0,0.0,385697.4,226121.5,0.0,611818.9
3549201,São João das Duas Pontes,189168.0,0.0,493.6,2.2,3590.4,10549.5,182.0,1045.0,0.0,0.0,0.0,193254.2,11776.5,0.0,205030.7
3549250,São João de Iracema,234208.0,256.3,882.8,0.0,2145.0,7957.6,285.0,2950.0,0.0,0.0,0.0,237492.1,11192.6,0.0,248684.7
3549300,São João do Pau d'Alho,204977.0,0.0,0.0,1.1,0.0,3324.3,440.0,7600.0,0.0,0.0,0.0,204978.1,11364.3,0.0,216342.4
3549409,São Joaquim da Barra,1013400.0,13275.4,1741.5,0.0,0.0,4553.3,522.0,272092.0,0.0,0.0,0.0,1028416.9,277167.3,0.0,1305584.2
3549508,São José da Bela Vista,1096442.5,12385.6,3183.4,2457.9,0.0,5298.1,1100.0,620000.0,0.0,0.0,0.0,1114469.4,626398.1,0.0,1740867.5
3549607,São José do Barreiro,1486.3,0.0,296.9,0.0,0.0,15374.9,290.0,1350.0,0.0,0.0,0.0,1783.2,17014.9,0.0,18798.1
3549706,São José do Rio Pardo,13512.0,10475.4,9496.8,2546.4,0.0,41553.8,17520.0,2200000.0,0.0,0.0,0.0,36030.6,2259073.8,0.0,2295104.4
3549805,São José do Rio Preto,202680.0,2588.0,1203.8,0.0,10154.1,30024.7,1020.0,184000.0,0.0,0.0,0.0,216625.9,215044.7,0.0,431670.6
3549904,São José dos Campos,0.0,0.0,0.0,0.0,0.0,86224.2,5000.0,51000.0,0.0,0.0,0.0,0.0,142224.2,0.0,142224.2
3549953,São Lourenço da Serra,0.0,0.0,0.0,0.0,0.0,0.0,0.0,0.0,0.0,0.0,0.0,0.0,0.0,0.0,0.0
3550001,São Luiz do Paraitinga,506.7,0.0,2166.9,0.0,0.0,43360.4,522.0,26100.0,0.0,0.0,0.0,2673.6,69982.4,0.0,72656.0
3550100,São Manuel,1703075.0,3697.2,682.2,1096.1,104967.5,9282.1,4100.0,1250000.0,0.0,0.0,0.0,1813518.0,1263382.1,0.0,3076900.1
3550209,São Miguel Arcanjo,0.0,65070.4,83598.7,0.0,17785.9,15928.6,3030.0,80846.0,0.0,0.0,0.0,166455.0,99804.6,0.0,266259.6
3550308,São Paulo,123.9,0.0,212.7,1.1,0.0,483.1,2500.0,0.0,0.0,0.0,0.0,337.7,2983.1,0.0,3320.8
3550407,São Pedro,439140.0,665.5,3089.8,36.5,71500.0,36572.6,277.0,1795700.0,0.0,0.0,0.0,514431.8,1832549.6,0.0,2346981.4
3550506,São Pedro do Turvo,369494.6,64164.6,78601.5,453.9,143616.0,31996.5,500.0,18500.0,0.0,0.0,0.0,656330.6,50996.5,0.0,707327.1
3550605,São Roque,0.0,295.8,3611.5,0.0,0.0,2285.5,265.0,0.0,0.0,0.0,0.0,3907.3,2550.5,0.0,6457.8
3550704,São Sebastião,0.0,0.0,0.0,0.0,0.0,32.2,0.0,0.0,0.0,0.0,0.0,0.0,32.2,0.0,32.2
3550803,São Sebastião da Grama,0.0,1109.2,1123.6,9844.7,0.0,16725.4,21000.0,15000.0,0.0,0.0,0.0,12077.5,52725.4,0.0,64802.9
3550902,São Simão,945840.0,0.0,337.1,38.8,6685.8,9141.8,500.0,210000.0,0.0,0.0,0.0,952901.7,219641.8,0.0,1172543.5
3551009,São Vicente,0.0,0.0,0.0,0.0,0.0,0.0,0.0,0.0,0.0,0.0,0.0,0.0,0.0,0.0,0.0
3551108,Sarapuí,0.0,8355.6,9363.1,0.0,3643.2,17619.9,230.0,597323.0,0.0,0.0,0.0,21361.9,615172.9,0.0,636534.8
3551207,Sarutaiá,50670.0,14493.0,10933.4,3387.9,0.0,3992.3,800.0,31000.0,0.0,0.0,0.0,79484.3,35792.3,0.0,115276.6
3551306,Sebastianópolis do Sul,225200.0,887.3,3611.5,0.0,0.0,10448.7,200.0,600000.0,0.0,0.0,0.0,229698.8,610648.7,0.0,840347.5
3551405,Serra Azul,711633.7,2859.2,38.8,0.0,0.0,2493.2,140.0,154000.0,0.0,0.0,0.0,714531.7,156633.2,0.0,871164.9
3551504,Serrana,299633.1,591.5,1155.7,128.4,0.0,1610.2,20.0,0.0,0.0,0.0,0.0,301508.7,1630.2,0.0,303138.9
3551603,Serra Negra,1351.2,924.3,4719.0,4358.8,6483.4,10323.0,600.0,197000.0,0.0,0.0,0.0,17836.7,207923.0,0.0,225759.7
3551702,Sertãozinho,1316012.5,2662.0,1605.1,0.0,0.0,11912.4,605.0,1600.0,0.0,0.0,0.0,1320279.6,14117.4,0.0,1334397.0
3551801,Sete Barras,45.0,0.0,200.6,2.2,0.0,7271.9,500.0,5500.0,0.0,0.0,0.0,247.8,13271.9,0.0,13519.7
3551900,Severínia,349341.5,1682.2,1605.1,0.0,45976.7,1818.0,80.0,1900.0,0.0,0.0,0.0,398605.5,3798.0,0.0,402403.5
3552007,Silveiras,365.9,0.0,109.7,0.0,495.0,22335.2,700.0,2600.0,0.0,0.0,0.0,970.6,25635.2,0.0,26605.8
3552106,Socorro,13512.0,7394.4,18458.6,4483.9,7700.0,44670.4,7000.0,1000000.0,0.0,0.0,0.0,51548.9,1051670.4,0.0,1103219.3
3552205,Sorocaba,11260.0,2218.3,4412.7,0.0,23364.0,8830.2,266.0,0.0,0.0,0.0,0.0,41255.0,9096.2,0.0,50351.2
3552304,Sud Mennucci,527812.5,10073.6,10106.8,0.0,91509.0,44155.1,620.0,3900.0,0.0,0.0,0.0,639501.9,48675.1,0.0,688177.0
3552403,Sumaré,38534.5,1725.4,2774.1,0.0,0.0,2597.1,2600.0,1056677.0,0.0,0.0,0.0,43034.0,1061874.1,0.0,1104908.1
3552502,Suzano,0.0,0.0,0.0,0.0,0.0,1143.8,1263.0,1146475.0,0.0,0.0,0.0,0.0,1148881.8,0.0,1148881.8
3552551,Suzanápolis,464475.0,2065.5,866.8,0.0,0.0,28038.5,775.0,8500.0,0.0,0.0,0.0,467407.3,37313.5,0.0,504720.8
3552601,Tabapuã,976309.6,1774.6,200.6,0.0,51700.0,5900.6,2400.0,119000.0,0.0,0.0,0.0,1029984.8,127300.6,0.0,1157285.4
3552700,Tabatinga,866682.2,6637.7,2652.4,49.8,39685.8,7356.1,200.0,1005000.0,0.0,0.0,0.0,915707.9,1012556.1,0.0,1928264.0
3552809,Taboão da Serra,0.0,0.0,0.0,0.0,0.0,0.0,0.0,0.0,0.0,0.0,0.0,0.0,0.0,0.0,0.0
3552908,Taciba,801319.0,33791.0,33961.1,0.0,0.0,26773.1,275.0,8950.0,0.0,0.0,0.0,869071.1,35998.1,0.0,905069.2
3553005,Taguaí,0.0,13815.1,27279.9,2823.2,0.0,16666.2,42000.0,9200.0,0.0,0.0,0.0,43918.2,67866.2,0.0,111784.4
3553104,Taiaçu,369891.0,1020.4,1136.9,0.0,15731.1,1714.1,300.0,27500.0,0.0,0.0,0.0,387779.4,29514.1,0.0,417293.5
3553203,Taiúva,390159.0,587.9,1227.9,0.0,18071.9,706.4,190.0,1400.0,0.0,0.0,0.0,410046.7,2296.4,0.0,412343.1
3553302,Tambaú,855760.0,2588.0,4594.6,531.4,80755.4,9588.5,300.0,315000.0,0.0,0.0,0.0,944229.4,324888.5,0.0,1269117.9
3553401,Tanabi,1126000.0,7985.9,8507.0,23.2,21517.1,43132.9,2200.0,452000.0,0.0,0.0,0.0,1164033.2,497332.9,0.0,1661366.1
3553500,Tapiraí,0.0,0.0,0.0,0.0,0.0,1158.3,600.0,0.0,0.0,0.0,0.0,0.0,1758.3,0.0,1758.3
3553609,Tapiratiba,91206.0,3105.6,2006.4,3321.4,0.0,17868.2,850.0,70000.0,0.0,0.0,0.0,99639.4,88718.2,0.0,188357.6
3553658,Taquaral,99088.0,369.7,192.6,0.0,95049.9,41.6,0.0,220.0,0.0,0.0,0.0,194700.2,261.6,0.0,194961.8
3553708,Taquaritinga,1454229.0,8022.9,4815.3,0.0,38346.0,5616.0,1137.0,245600.0,0.0,0.0,0.0,1505413.2,252353.0,0.0,1757766.2
3553807,Taquarituba,8552.0,118032.6,46193.3,1162.5,14645.4,19101.3,5426.0,15760.0,0.0,0.0,0.0,188585.8,40287.3,0.0,228873.1
3553856,Taquarivaí,0.0,68890.8,52427.8,0.0,20133.3,2561.8,200.0,270000.0,0.0,0.0,0.0,141451.9,272761.8,0.0,414213.7
3553906,Tarabai,144043.5,358.6,599.2,0.0,0.0,22098.3,480.0,81100.0,0.0,0.0,0.0,145001.3,103678.3,0.0,248679.6
3553955,Tarumã,957663.0,41297.5,81913.4,0.0,0.0,3532.1,120.0,136000.0,0.0,0.0,0.0,1080873.9,139652.1,0.0,1220526.0
3554003,Tatuí,443644.0,18485.9,24829.5,0.0,46576.2,18699.2,492.0,3200000.0,0.0,0.0,0.0,533535.6,3219191.2,0.0,3752726.8
3554102,Taubaté,0.0,2033.5,976.4,0.0,0.0,41605.8,322.0,12310.0,0.0,0.0,0.0,3009.9,54237.8,0.0,57247.7
3554201,Tejupá,0.0,19743.0,32035.0,15472.3,0.0,12063.1,620.0,4000.0,0.0,0.0,0.0,67250.3,16683.1,0.0,83933.4
3554300,Teodoro Sampaio,1321591.8,2464.8,3919.1,22.1,0.0,81648.1,1328.0,14800.0,0.0,0.0,0.0,1327997.8,97776.1,0.0,1425773.9
3554409,Terra Roxa,717825.0,7209.5,802.5,0.0,4510.0,1454.4,40.0,600.0,0.0,0.0,0.0,730347.0,2094.4,0.0,732441.4
3554508,Tietê,616485.0,591.5,18458.6,0.0,0.0,31788.7,4700.0,1400000.0,0.0,0.0,0.0,635535.1,1436488.7,0.0,2072023.8
3554607,Timburi,4222.5,9623.8,4414.0,1174.7,0.0,11393.0,1400.0,3000.0,0.0,0.0,0.0,19435.0,15793.0,0.0,35228.0
3554656,Torre de Pedra,341.2,0.0,49.5,0.0,0.0,7895.2,50.0,50000.0,0.0,0.0,0.0,390.7,57945.2,0.0,58335.9
3554706,Torrinha,198626.4,8170.8,6225.1,2740.2,8108.1,21546.7,3200.0,963500.0,0.0,0.0,0.0,223870.6,988246.7,0.0,1212117.3
3554755,Trabiju,103119.6,0.0,96.3,564.6,1738.0,1940.6,510.0,56000.0,0.0,0.0,0.0,105518.5,58450.6,0.0,163969.1
3554805,Tremembé,0.0,3943.7,1672.0,0.0,0.0,8612.0,131.0,6672.0,0.0,0.0,0.0,5615.7,15415.0,0.0,21030.7
3554904,Três Fronteiras,58552.0,209.5,1123.6,0.0,5909.2,21961.2,754.0,6141.0,0.0,0.0,0.0,65794.3,28856.2,0.0,94650.5
3554953,Tuiuti,0.0,0.0,17789.8,70.9,0.0,10907.9,4000.0,800000.0,0.0,0.0,0.0,17860.7,814907.9,0.0,832768.6
3555000,Tupã,422250.0,7394.4,11436.3,170.5,0.0,52567.7,2505.0,3740050.0,0.0,0.0,0.0,441251.2,3795122.7,0.0,4236373.9
3555109,Tupi Paulista,405360.0,739.4,180.6,53.1,0.0,15063.3,4300.0,21500.0,0.0,0.0,0.0,406333.1,40863.3,0.0,447196.4
3555208,Turiúba,288819.0,3039.1,1570.3,0.0,0.0,15259.6,180.0,0.0,0.0,0.0,0.0,293428.4,15439.6,0.0,308868.0
3555307,Turmalina,226607.5,0.0,2033.1,10.0,23574.1,12351.9,600.0,8910.0,0.0,0.0,0.0,252224.7,21861.9,0.0,274086.6
3555356,Ubarana,633375.0,2188.7,2407.6,0.0,36586.0,3584.0,150.0,230000.0,0.0,0.0,0.0,674557.3,233734.0,0.0,908291.3
3555406,Ubatuba,0.0,0.0,0.0,0.0,0.0,126.7,200.0,2000.0,0.0,0.0,0.0,0.0,2326.7,0.0,2326.7
3555505,Ubirajara,0.0,10265.8,331.7,276.8,176000.0,15894.3,250.0,300.0,0.0,0.0,0.0,186874.3,16444.3,0.0,203318.6
3555604,Uchoa,699752.7,1183.1,1504.8,0.0,959.2,9505.4,445.0,235890.0,0.0,0.0,0.0,703399.8,245840.4,0.0,949240.2
3555703,União Paulista,163270.0,3179.6,4911.6,0.0,0.0,3168.5,530.0,220000.0,0.0,0.0,0.0,171361.2,223698.5,0.0,395059.7
3555802,Urânia,174530.0,0.0,1213.2,3.3,50869.5,24807.6,950.0,8130.0,0.0,0.0,0.0,226616.0,33887.6,0.0,260503.6
3555901,Uru,217881.0,0.0,115.0,57.6,99.0,9995.8,131.0,1351.0,0.0,0.0,0.0,218152.6,11477.8,0.0,229630.4
3556008,Urupês,962730.0,2772.9,2768.8,0.0,19250.0,9526.2,1200.0,800000.0,0.0,0.0,0.0,987521.7,810726.2,0.0,1798247.9
3556107,Valentim Gentil,180160.0,1996.5,441.4,0.0,931.7,14693.4,550.0,160000.0,0.0,0.0,0.0,183529.6,175243.4,0.0,358773.0
3556206,Valinhos,0.0,0.0,180.6,0.0,0.0,2129.6,1150.0,285000.0,0.0,0.0,0.0,180.6,288279.6,0.0,288460.2
3556305,Valparaíso,2336450.0,1478.9,3451.0,0.0,0.0,29900.1,680.0,2550.0,0.0,0.0,0.0,2341379.9,33130.1,0.0,2374510.0
3556354,Vargem,0.0,1560.2,8025.5,8.9,0.0,7271.9,410.0,1200.0,0.0,0.0,0.0,9594.6,8881.9,0.0,18476.5
3556404,Vargem Grande do Sul,242090.0,12940.1,23407.6,705.2,14520.0,21171.7,1680.0,65000.0,0.0,0.0,0.0,293662.9,87851.7,0.0,381514.6
3556453,Vargem Grande Paulista,0.0,0.0,0.0,0.0,0.0,0.0,0.0,0.0,0.0,0.0,0.0,0.0,0.0,0.0,0.0
3556503,Várzea Paulista,0.0,0.0,0.0,0.0,0.0,101.8,63.0,52570.0,0.0,0.0,0.0,0.0,52734.8,0.0,52734.8
3556602,Vera Cruz,0.0,0.0,1738.9,3100.0,0.0,23842.6,120.0,78.0,0.0,0.0,0.0,4838.9,24040.6,0.0,28879.5
3556701,Vinhedo,0.0,0.0,144.5,0.0,0.0,2285.5,180.0,250000.0,0.0,0.0,0.0,144.5,252465.5,0.0,252610.0
3556800,Viradouro,708254.0,7209.5,601.9,0.0,6322.8,1464.8,250.0,950.0,0.0,0.0,0.0,722388.2,2664.8,0.0,725053.0
3556909,Vista Alegre do Alto,185440.9,2156.7,38.8,0.0,9432.5,868.5,358.0,128450.0,0.0,0.0,0.0,197068.9,129676.5,0.0,326745.4
3556958,Vitória Brasil,14919.5,554.6,494.9,0.0,22491.7,3843.7,374.0,1783.0,0.0,0.0,0.0,38460.7,6000.7,0.0,44461.4
3557006,Votorantim,0.0,369.7,5778.3,0.0,0.0,1807.6,290.0,0.0,0.0,0.0,0.0,6148.0,2097.6,0.0,8245.6
3557105,Votuporanga,394100.0,1016.7,609.9,6.6,11075.9,34592.5,630.0,1120000.0,0.0,0.0,0.0,406809.1,1155222.5,0.0,1562031.6
3557154,Zacarias,450400.0,2662.0,6259.9,0.0,7249.0,13096.7,300.0,0.0,0.0,0.0,0.0,466570.9,13396.7,0.0,479967.6
3557204,Chavantes,447398.6,12015.8,14646.5,0.0,0.0,1973.8,350.0,1000.0,0.0,0.0,0.0,474060.9,3323.8,0.0,477384.7
3557303,Estiva Gerbi,33498.5,2070.4,1504.8,3.3,68147.2,2368.6,2800.0,40500.0,0.0,0.0,0.0,105224.2,45668.6,0.0,150892.8
