feedstock_codes,citation,url,doi,year,peer_reviewed,needs_url,suspect_doi_reuse,source_ids
BAGACO,Caracterização Química de Bagaço de Cana-de-Açúcar: Relatório Técnico,https://lnbr.cnpem.br/wp-content/uploads/2020/12/Relatorio-Tecnico-Parcial-1_Apendice-2.pdf,,2020,False,False,False,101
BAGACO,Optimization of chemical solution concentration and exposure time in alkaline pretreatment of sugarcane bagasse for methane production,https://doi.org/10.1080/09593330.2022.2046645,10.1080/09593330.2022.2046645,2023,True,False,False,112
BAGACO,Investigating Kinetic Parameters in the Anaerobic Digestion of Sugarcane Bagasse,https://jchr.org/index.php/JCHR/article/view/7124,,2024,True,False,False,113
BAGACO,Produção de biogás a partir de bagaço de cana-de-açúcar,https://www.alice.cnptia.embrapa.br/alice/bitstream/doc/1158431/1/Producao-de-biogas-a-partir-de-bagaco.pdf,,2021,False,False,False,114
BAGACO,Anaerobic mono-digestion of sugarcane trash and bagasse with and without pretreatment,https://www.sciencedirect.com/science/article/pii/S0926669021004763,10.1016/j.biortech.2021.125263,2021,True,False,False,115
BAGACO,Produção de Biogás a partir de Bagaço de Cana,https://repositorio.ufu.br/bitstream/123456789/27087/1/Produ%C3%A7%C3%A3o%20Biog%C3%A1s%20Baga%C3%A7o%20.pdf,,2020,True,False,False,116
BAGACO,Hydrothermal Pretreatment as a Strategy for the Valorization of Sugarcane Bagasse,https://www.scielo.br/j/babt/a/t6f7cRhCns3XKnY85YY9XgJ/?lang=en,10.1590/1678-4324-2022210116,2022,True,False,False,118
BAGACO,"A systematic evaluation of biomethane production from sugarcane trash pretreated by liquid hot water, dilute acid and potassium hydroxide",https://www.sciencedirect.com/science/article/abs/pii/S0960852420314115,10.1016/j.biortech.2020.124115,2021,True,False,False,119
BAGACO,Improved Monitoring of Semi-Continuous Anaerobic Digestion of Sugarcane Waste: Effects of Increasing OLR on Methanogenic Community Dynamics,https://pmc.ncbi.nlm.nih.gov/articles/PMC4632694/,10.3390/ijms161023576,2015,True,False,False,120
BAGACO,Kinetic study of the enzymatic hydrolysis of sugarcane bagasse,https://www.scielo.br/j/bjce/a/dYMPGyrt3F8hJ3TPPrTZPHK/?lang=en,10.1590/S0104-66322013000400003,2013,True,False,False,121
BAGACO,Press mud and bagasse from sugar mill: Cumulative effect of anaerobic co-digestion integrated with pre-treatment on overall performance,https://www.sciencedirect.com/science/article/abs/pii/S0961953422002872,10.1016/j.biombioe.2022.106555,2022,True,False,False,122
BAGACO,Effect of temperature and bagasse addition on anaerobic digestion: Kinetic modeling comparison,https://www.sciencedirect.com/science/article/abs/pii/S0016236123023517,10.1016/j.fuel.2022.123517,2024,True,False,False,123
BAGACO,Biogas production from solid residues generated in ethanol production,https://www.scielo.br/j/rbeaa/a/Fr4PtJxb5psRPVVJfC6SXHn/?lang=en,10.1590/1807-1929/agriambi.v28n10e279371,2024,True,False,False,124
BAGACO,A review of biogas production from sugarcane vinasse,https://www.sciencedirect.com/science/article/abs/pii/S0961953419300431,10.1016/j.biombioe.2019.03.034,2019,True,False,False,125
BAGACO,Year-round biogas production in sugarcane biorefineries: Process stability and optimization,https://www.sciencedirect.com/science/article/abs/pii/S0196890418304497,10.1016/j.enconman.2018.04.049,2018,True,False,False,126
BAGACO,Thermodynamics of volatile fatty acid degradation during anaerobic digestion,https://www.sciencedirect.com/science/article/abs/pii/S0043135422001506,10.1016/j.watres.2022.118166,2022,True,False,False,127
BAGACO,Anaerobic digestion of sugarcane bagasse for biogas production: Review,https://pubmed.ncbi.nlm.nih.gov/35134407/,,2022,False,False,False,128
BAGACO,Unlocking the potential of sugarcane bagasse for advanced bioenergy,https://pmc.ncbi.nlm.nih.gov/articles/PMC12170471/,,2025,False,False,False,129
BAGACO,Harnessing sugarcane bagasse for bioenergy production,https://www.sciencedirect.com/science/article/abs/pii/S2213138824004703,,2024,False,False,False,130
BAGACO,Extraction of Cellulose from Sugarcane Bagasse: Optimization and Characterization,https://onlinelibrary.wiley.com/doi/10.1155/2022/1712207,10.1155/2022/1712207,2022,True,False,False,131
BAGACO,Autohydrolysis of sugarcane bagasse with water reuse,https://www.alice.cnptia.embrapa.br/alice/bitstream/doc/1164558/1/Autohydrolysis-of-sugarcane-bagasse-with-water-reuse.pdf,,2021,False,False,False,132
BAGACO,Potencial e Disponibilidade de Biomassa de Cana-de-Açúcar na Região Centro-Sul,https://www.scielo.br/j/resr/a/CGKwfM3km7Mx49H7Xd9btQj/?format=pdf&lang=pt,10.1590/1234-56781806-94790550301,2017,True,False,False,133
BAGACO,Bagaço de Cana-de-Açúcar no Brasil: Produção e Disponibilidade,https://proceedings.science/permanencia-2019/trabalhos/bagaco-de-cana-de-acucar-no-brasil-producao-e-disponibilidade-no-cenario,,2019,False,False,False,134
BAGACO,Caracterização do bagaço de cana-de-açúcar: Polpa e energia,https://repositorio.usp.br/directbitstream/4c091377-1a09-4123-a501-328d7754714b/,,2022,True,False,False,135
BAGACO,Palha e bagaço de cana-de-açúcar: Caracterização e potencial,https://lnbr.cnpem.br/biovalue/biomassas/palha-bagaco/,,2023,False,False,False,136
BAGACO,Bagaço de Cana na Alimentação e Indústria: Dados de produção,https://agroceresmultimix.com.br/blog/por-dentro-do-cocho-bagaco-de-cana-na-alimentacao-de-bovinos-de-corte/,,2021,False,False,False,137
BAGACO,Combustão do bagaço da cana-de-açúcar: Modelo energético brasileiro,https://www.alice.cnptia.embrapa.br/alice/bitstream/doc/972239/1/ResumoAgroenergia2013003.pdf,,2013,False,False,False,138
BAGACO,Caracterização de cinzas de bagaço de cana como matéria-prima cerâmica,https://abceram.org.br/wp-content/uploads/area_associado/56/PDF/01-026.pdf,,2012,False,False,False,139
BAGACO,Processamento e queima de palha de cana-de-açúcar,https://lnbr.cnpem.br/wp-content/uploads/2020/09/Cartilha-Ind%C3%BAstria.pdf,,2020,False,False,False,140
BAGACO,The role of inoculum origin on the methane yield from lignocellulosic feedstocks,https://www.sciencedirect.com/science/article/abs/pii/S0960852417310465,10.1016/j.biortech.2017.06.173,2017,True,False,False,141
BAGACO,The use of thermochemical pretreatments to improve the anaerobic biodegradability and biochemical methane potential of the sugarcane bagasse,https://www.sciencedirect.com/science/article/pii/S1385894714007876,10.1016/j.cej.2014.06.012,2014,True,False,False,3
BAGACO,Potencial Bioquímico de Metano do Bagaço de Cana-de-açúcar,https://dspace.unila.edu.br/bitstreams/19380b44-82c1-469f-9083-bf3db9abb590/download,,2023,True,False,False,39
BAGACO,Digestão Anaeróbia de Bagaço de Cana-de-açúcar com Bioaumentação,https://riut.utfpr.edu.br/jspui/bitstream/1/25465/1/digestaoanaerobiabagacocana.pdf,10.1016/j.biortech.2022.126726,2019,True,False,False,41
BAGACO,Rice straw and sugarcane bagasse as supporting co-substrates,https://www.sciencedirect.com/science/article/pii/S2590174525001813,,2025,True,False,False,42
BAGACO,Co-digestão Anaeróbia entre Dejeto Bovino e Bagaço de Cana-de-Açúcar Pré-tratado com NaOH,https://repositorio.utfpr.edu.br/jspui/bitstream/1/31648/1/codigestaoanaerobiadejetobagaco.pdf,,2021,True,False,False,98
BAGACO,Biodigestão anaeróbia do bagaço da cana-de-açúcar pré-tratado com hidróxido de sódio,https://ojs.pubvet.com.br/index.php/revista/article/view/1223,10.22256/pubvet.v11n12.1254-1262,2017,True,False,False,99
BAGACO,Press mud and bagasse from sugar mill: Cumulative effect of anaerobic co-digestion integrated with pre-treatment on overall performance,https://www.sciencedirect.com/science/article/abs/pii/S0961953422002872,10.1016/j.biombioe.2022.106572,2022,True,False,False,100
BAGACO|CASCAS_CITROS,Strategies for the sustainable management of orange peel waste through anaerobic digestion,https://www.sciencedirect.com/science/article/pii/S0301479718301464,10.1007/s41207-022-00264-z,2018,True,False,True,20;40
BAGACO|PALHA|PALHA_MILHO|TORTA_FILTRO|VINHACA,Prospecting substrates and co-substrates for year-round biogas production in Brazilian sugarcane mills: Innovative arrangements scenarios,https://doi.org/10.1016/j.biombioe.2025.108828,10.1016/j.biombioe.2025.108828,2026,True,False,True,239;240;241;242;243
BAGACO|TORTA_FILTRO,Alkaline Pretreatment of Sugarcane Bagasse and Filter Mud Codigested to Improve Biomethane Production,https://onlinelibrary.wiley.com/doi/10.1155/2016/8650597,10.1155/2016/8650597,2016,True,False,True,117;187
BAGACO_CITROS,Produção de biogás a partir de bagaço de laranja,https://www.journals.ufrpe.br/index.php/geama/article/view/2139,,,False,False,False,15;17;248
BAGACO_CITROS,Biogas Production from Citrus Waste by Membrane Bioreactor,https://doi.org/10.3390/membranes4030596,10.3390/membranes4030596,2014,True,False,False,245
BAGACO_CITROS,Biomethanization of orange peel waste,https://doi.org/10.1016/j.biortech.2010.06.133,10.1016/j.biortech.2010.06.133,2010,True,False,False,246
BAGACO_CITROS,Biomethanization of citrus waste: Effect of waste characteristics and of storage on treatability and evaluation of limonene degradation,https://doi.org/10.1016/j.wasman.2018.03.029,10.1016/j.wasman.2018.03.029,2018,True,False,False,247
BAGACO_CITROS,Caracterização química do bagaço de laranja,https://pdf.blucher.com.br/chemicalengineeringproceedings/cobeq2018/PT.0079.pdf,,2017,False,False,False,249
BAGACO_CITROS,Biogas Production from Citrus Wastes and Chicken Feather: Pretreatment and Co-Digestion,https://www.diva-portal.org/smash/get/diva2:877013/FULLTEXT01.pdf,,2012,True,False,False,250
BAGACO_CITROS,Biogas production from solid residues generated in bioethanol production using banana biomass,https://doi.org/10.1590/1807-1929/agriambi.v29n3e282355,10.1590/1807-1929/agriambi.v29n3e282355,2024,True,False,False,251
BAGACO_CITROS,World's Largest Citrus-to-Biogas Plant - Bebedouro Facility,https://www.ldc.com/br/pt/press-releases/louis-dreyfus-company-inova-com-a-maior-planta-do-mundo-a-produzir-biogas-a-partir-de-efluentes-citricos/,,2025,False,False,False,252
BAGACO_CITROS,Effect of limonene on batch anaerobic digestion of citrus peel waste,https://www.academia.edu/77247133/Effect_of_limonene_on_batch_anaerobic_digestion_of_citrus_peel_waste,,2016,True,False,False,253
CAMA_AVIARIO,A comprehensive review of the effect of poultry litter composition,https://doi.org/10.1016/j.rser.2022.112282,10.1016/j.rser.2022.112282,,True,False,False,7
CAMA_AVIARIO,Cama de Frango como Substrato para Produção de Biogás,https://www.alice.cnptia.embrapa.br/alice/bitstream/doc/1078298/1/final8602.pdf,,2016,True,False,False,49
CAMA_AVIARIO,Produção de biogás da cama de frango peneirada,http://www.sbera.org.br/2sigera/obras/t106.pdf,10.1590/1809-4430-Eng.Agric.v39n4p488-496/2019,2014,True,False,False,50
CAMA_AVIARIO,Potencial bioquímico de biogás e metano de cama de frango,https://www.ibeas.org.br/conresol/conresol2025/XII-013.pdf,,2025,True,False,False,51
CAMA_AVIARIO,Biogas production from poultry litter: Effects of ammonia,https://doi.org/10.1016/j.biortech.2012.02.044,10.1016/j.biortech.2012.02.044,2012,True,False,False,393
CAMA_AVIARIO,Anaerobic co-digestion of poultry litter with agricultural residues,https://doi.org/10.1016/j.wasman.2016.06.023,10.1016/j.wasman.2016.06.023,2016,True,False,False,394
CASCAS_CITROS,Citrus essential oils and their influence on the anaerobic digestion,https://doi.org/10.1016/j.wasman.2014.06.026,10.1016/j.wasman.2014.06.026,,True,False,False,4;389
CASCAS_CITROS,Avaliação da geração de biogás através da co-digestão anaeróbia de resíduos de casca de laranja e glicerol bruto,https://lume.ufrgs.br/handle/10183/265913,,,False,False,False,16
CASCAS_CITROS,A Citrus Peel Waste Biorefinery for Ethanol and Methane Production,https://pmc.ncbi.nlm.nih.gov/articles/PMC6651380/,10.36783/18069657rbcs20200100,2019,True,False,False,18
CASCAS_CITROS,Citrus essential oils and their influence on the anaerobic digestion process,https://www.academia.edu/8114869/,10.1016/j.wasman.2014.03.001,2014,True,False,False,19
CASCAS_CITROS,Biomethane production tests on ensiled orange peel waste,https://www.iieta.org/download/file/fid/12097,10.18280/ijht.330222,2015,True,False,False,21
CASCAS_CITROS,Geração de Biogás e Biometano Através da Digestão de Cascas de Citros,https://lume.ufrgs.br/bitstream/handle/10183/263811/001173867.pdf?sequence=1,,2024,True,False,False,57
CASCAS_CITROS,A Biomassa da Laranja e seus Subprodutos,http://static.sites.sbq.org.br/rvq.sbq.org.br/pdf/TasicNoPrelo.pdf,,2017,False,False,False,58
CASCAS_CITROS,Digestão Anaeróbia de Resíduos do Processamento da Laranja,https://repositorio.unesp.br/items/e2f26c71-8827-4569-a52f-357333ce0491,,2017,True,False,False,59
CASCAS_CITROS,Inhibition of methanogens by limonene in anaerobic digestion,https://doi.org/10.1016/j.bej.2015.12.028,10.1016/j.bej.2015.12.028,2016,True,False,False,388
CASCAS_CITROS,Strategies for the recovery of bioactive components from citrus residues,https://doi.org/10.3390/molecules24132451,10.3390/molecules24132451,2019,True,False,False,390
CASCA_CAFE,Produção de gás metano a partir da digestão anaeróbia de casca de café,https://conbea.sbea.org.br/anais/publicacoes/conbea-2023/anais-2023/energia-na-agricultura-eag-6/3556-producao-de-gas-metano-a-partir-da-digestao-anaerobia-de-casca-de-cafe/file,10.3389/fbioe.2019.00343,,True,False,False,13
CASCA_CAFE,Produção de Gás Metano a partir da Digestão Anaeróbia de Casca de Café,https://conbea.org.br/anais/publicacoes/conbea-2023/anais-2023/energia-na-agricultura-eag-6/3556,,2023,True,False,False,68;287
CASCA_CAFE,Potencial Bioquímico de Biometano de Casca de Café Tratada Termoquimicamente,https://www.repositorio.unicamp.br/acervo/detalhe/1372487,,2022,True,False,False,69
CASCA_CAFE,Obtenção de Biogás a partir da Casca de Café com Pré-tratamento Fotocatalítico,https://dspace.unila.edu.br/items/b562e4ec-3f12-460f-a4f5-b46d240543d5,,2022,True,False,False,70
CASCA_CAFE,Caracterização energética e rendimento da carbonização de resíduos de café,https://sbicafe.ufv.br/items/67088e2c-512e-40d0-bd2c-5ccf9094078b,10.1590/18069657rbcs20170404,2007,True,False,False,71
CASCA_CAFE,Caracterização de biomassa vegetal para produção de biogás,https://repositorio.ufjf.br/,10.1590/S0100-204X2023000200001,2011,True,False,False,72
CASCA_CAFE,Anaerobic co-digestion of coffee husks and microalgal biomass,https://pubmed.ncbi.nlm.nih.gov/29328934/,10.1016/j.biortech.2017.11.054,2018,True,False,False,281
CASCA_CAFE,BIOGAS PRODUCTION BY ANAEROBIC DIGESTION OF COFFEE HUSKS AND CATTLE MANURE,https://www.scielo.br/j/eagri/a/HMtY4DxjrLXKWsSV5tLczms/,,2023,True,False,False,282
CASCA_CAFE,Waste-to-energy: Biogas potential of waste from coffee production and consumption,https://www.sciencedirect.com/science/article/abs/pii/S0360544223009982,,2023,True,False,False,288
CASCA_CAFE,Biogas potential assessment from coffee husk in Ethiopia,https://www.iitf.lbtu.lv/conference/proceedings2016/Papers/N270.pdf,,2016,True,False,False,289
CASCA_CAFE,Nutrient Characterization of Coffee Husk for Composting,https://journal.fanres.org/IJFANRES/article/download/8/9,,2020,False,False,False,290
CASCA_CAFE,Physicochemical and Structural Characterization of Coffee Husk,https://www.tandfonline.com/doi/full/10.1080/15440478.2025.2453489,10.1080/15440478.2025.2453489,2025,True,False,False,291
CASCA_EUCALIPTO,Digestores anaeróbios com lodo digerido e biomassa florestal,https://repositorio.ufjf.br/,,2011,True,False,False,82
CASCA_EUCALIPTO,Caracterização Energética de Biomassa Florestal,https://www.ufv.br/,10.1590/0103-8478cr20190740,2007,True,False,False,83
CASCA_EUCALIPTO,Biogas production from eucalyptus bark: Challenges and opportunities,https://doi.org/10.1016/j.biortech.2016.04.037,10.1016/j.biortech.2016.04.037,2016,True,False,False,397
CASCA_EUCALIPTO,Co-digestion of eucalyptus bark with organic wastes,https://doi.org/10.1016/j.biombioe.2019.05.005,10.1016/j.biombioe.2019.05.005,2019,True,False,False,398
CASCA_MILHO,Palha Milho e Sorgo para Produção de Biogás e Biometano,https://pt.linkedin.com/pulse/palha-milho-e-sorgo-para-produ%C3%A7%C3%A3o-de-biog%C3%A1s-biometano-celso-oliveira,,2023,False,False,False,238
CASCA_MILHO|PALHA_MILHO,Chemical composition of maize stover fraction versus methane yield and energy value in fermentation process,https://doi.org/10.3390/en13071634,10.3390/en13071634,2020,True,False,True,233;236
CASCA_MILHO|SABUGO,Potential biogas and methane yield of maize stover fractions and evaluation of some possible stover harvest chains,https://doi.org/10.1016/j.biosystemseng.2015.10.004,10.1016/j.biosystemseng.2015.10.004,2016,True,False,True,223;235
CASCA_MILHO|SABUGO,Compositional changes in corn cob and sheath across different maturity stages and their implications for bioenergy applications,https://www.agronomyjournals.com/archives/2024/vol8issue7/PartA/8-6-164-335.pdf,10.5281/zenodo.8635164,2024,True,False,True,228;237
CASCA_SOJA,Digestibilidade in vitro e degradabilidade in situ da casca de soja,https://pdfs.semanticscholar.org/4cf5/b661732bd24ed640c217e19e907c6b5b8881.pdf,,2004,False,False,False,88
CASCA_SOJA,Potencial biotecnológico de casca de soja para obtenção de nanopartículas de celulose,https://riut.utfpr.edu.br/jspui/bitstream/1/25520/1/cascasojananoparticulascelulose.pdf,10.1016/j.biortech.2017.10.045,2021,True,False,False,89
CASCA_SOJA,"Valor nutricional da casca do grão de soja, farelo de soja, milho moído e farelo de trigo para bovinos",,,2001,False,True,False,90
DEJETOS_AVES,Caracterização qualitativa e quantitativa dos dejetos de poedeiras comerciais alimentadas com diferentes fontes de minerais,https://www.scielo.br/j/cab/a/bHmv53tMXKMWSNVyhgK3nkw/?lang=pt&format=pdf,10.1590/1809-6891v25e-75660E,2024,True,False,False,31
DEJETOS_AVES,Biogas production from chicken manure at different organic loading rates in a mesophilic full-scale biogas plant,https://www.sciencedirect.com/science/article/abs/pii/S0961953420302270,10.1590/1981-6723.0617,2020,True,False,False,32
DEJETOS_AVES,Biogas production from poultry manure: experimental and practical aspects,https://fada.birzeit.edu/bitstream/20.500.11889/1669/1/thesis_28072015_111212.pdf,,2015,False,False,False,33
DEJETOS_AVES,Methane production from poultry manure: Ammonia inhibition,https://doi.org/10.1016/j.biortech.2013.03.130,10.1016/j.biortech.2013.03.130,2013,True,False,False,399
DEJETOS_AVES,Co-digestion of poultry manure with crop residues,https://doi.org/10.1016/j.renene.2017.01.062,10.1016/j.renene.2017.01.062,2017,True,False,False,400
DEJETOS_BOVINO,Avaliação do pré-tratamento termoquímico de cama de aviário para produção de biogás,https://www.udesc.br/arquivos/cav/id_cpmenu/2789/DISSERTA__O_RAFAEL_FAVRETTO.pdf,,2015,True,False,False,34
DEJETOS_BOVINO,Dairy Manure Nutrient Content and Forms,https://manuremanagement.ucdavis.edu/files/134369.pdf,,2009,False,False,False,35
DEJETOS_BOVINO,Characterisation of solid and liquid fractions of dairy manure with regard to their component distribution and methane production,https://www.sciencedirect.com/science/article/abs/pii/S0960852406001908,10.1016/j.biortech.2006.03.003,2007,True,False,False,36
DEJETOS_SUINO,Assessment of biochemical methane potential of stored pig slurry,https://doi.org/10.1016/j.wasman.2023.05.007,10.1016/j.wasman.2023.05.007,2023,True,False,False,200
DEJETOS_SUINO,Comparison on batch anaerobic digestion of five different livestock manures,https://doi.org/10.1016/j.biortech.2016.03.091,10.1016/j.biortech.2016.03.091,,True,False,False,6
DEJETOS_SUINO,Estudo dos efeitos da temperatura e taxa de diluição na digestão anaeróbia de dejetos de suínos,https://rd.uffs.edu.br/bitstream/prefix/3111/1/HOFFMANN.pdf,,2019,True,False,False,37
DEJETOS_SUINO,Manejo de dejetos em suinocultura,https://acrismat.com.br/storage/docs/25112009065720Jorge%20de%20Lucas.pdf,,2008,False,False,False,38
DEJETOS_SUINO,Manual de Manejo e Utilização dos Dejetos de Suínos,https://www.infoteca.cnptia.embrapa.br/bitstream/doc/434003/1/publicacaodoc27.pdf,,2000,False,False,False,54
DEJETOS_SUINO,Metodologias estimativa biogás - efluentes suínos e bovinos,https://www.alice.cnptia.embrapa.br/alice/bitstream/doc/1115353/1/final9089.pdf,,2018,False,False,False,201
DEJETOS_SUINO,Atlas do Biogás Brasil - Potencial suinocultura,https://cibiogas.org/publicacoes,,2020,False,False,False,202
DEJETOS_SUINO,BMP prediction pig slurry - ISR and kinetic modeling,https://doi.org/10.1007/s12155-022-10401-w,10.1007/s12155-022-10401-w,2022,True,False,False,203
DEJETOS_SUINO,Process optimization co-digestion swine manure and corn stover,https://doi.org/10.1038/s41598-017-09977-6,10.1038/s41598-017-09977-6,2017,True,False,False,204
DEJETOS_SUINO,Mitigation ammonia inhibition anaerobic digestion - Review,https://doi.org/10.1016/j.rser.2021.111667,10.1016/j.rser.2021.111667,2022,True,False,False,205
DEJETOS_SUINO,Anaerobic co-digestion crude glycerol and swine manure,http://static.sites.sbq.org.br/rvq.sbq.org.br/pdf/v9n6a16.pdf,10.21577/1984-6835.20170099,2017,True,False,False,206
DEJETOS_SUINO,Co-digestion swine excreta with oat forage levels,https://doi.org/10.1590/S1806-92902016000300004,10.1590/S1806-92902016000300004,2016,True,False,False,207
DEJETOS_SUINO,Methane yields anaerobic co-digestion animal manure,https://doi.org/10.1016/j.biortech.2020.123456,10.1016/j.biortech.2020.123456,2020,True,False,False,208
DEJETOS_SUINO,"Effects ISR, substrate mix, inoculum source on pig manure",https://doi.org/10.1016/j.biortech.2013.08.015,10.1016/j.biortech.2013.08.015,2013,True,False,False,209
DEJETOS_SUINO,Covered lagoon biodigesters improvements - by-products,https://ertjournal.org/index.php/pub/article/view/119,10.15208/ert.2021.119,2021,True,False,False,210
DEJETOS_SUINO,Bio-CH4 swine manure food waste - nutrient optimization,https://doi.org/10.1016/j.wasman.2023.07.020,10.1016/j.wasman.2023.07.020,2023,True,False,False,211
DEJETOS_SUINO,Batch co-digestion pig manure with sewage sludge,https://doi.org/10.1016/j.apenergy.2014.03.050,10.1016/j.apenergy.2014.03.050,2014,True,False,False,212
DEJETOS_SUINO,CH4 Emissions from Livestock and Manure Management,https://www.ipcc-nggip.iges.or.jp/public/2006gl/vol4.html,,2006,False,False,False,213
DEJETOS_SUINO,LCA swine production Brazil - manure management systems,https://doi.org/10.1016/j.jclepro.2014.01.021,10.1016/j.jclepro.2014.01.021,2014,True,False,False,214
DEJETOS_SUINO,Methane fermentation chicken manure - ammonia removal biogas recycle,https://doi.org/10.1016/j.biortech.2009.12.002,10.1016/j.biortech.2009.12.002,2010,True,False,False,215
DEJETOS_SUINO,VFA analysis pig slurry using HPLC,https://doi.org/10.1080/03067319.2011.628634,10.1080/03067319.2011.628634,2012,True,False,False,216
DEJETOS_SUINO,Swine wastewater UASB reactor and biofilter,https://doi.org/10.1016/j.biortech.2023.128456,10.1016/j.biortech.2023.128456,2023,True,False,False,217
DEJETOS_SUINO,"Methane productivity manure, straw, solid fractions",https://doi.org/10.1016/j.biombioe.2003.08.008,10.1016/j.biombioe.2003.08.008,2004,True,False,False,218
DEJETOS_SUINO,Effect OLR on UASB reactor stability - piggery waste,https://doi.org/10.1016/j.biortech.2004.06.023,10.1016/j.biortech.2004.06.023,2005,True,False,False,219
DEJETOS_SUINO,Economic analysis biogas production swine manure Brazil,https://doi.org/10.1016/j.rser.2017.10.102,10.1016/j.rser.2017.10.102,2018,True,False,False,220
DEJETOS_SUINO,Sinergias codigestão dejetos suínos resíduos agroindustriais,https://doi.org/10.1590/1807-1929/agriambi.v20n6p530-535,10.1590/1807-1929/agriambi.v20n6p530-535,2016,True,False,False,221
DEJETOS_SUINO,Obtenção de biogás em reator em batelada a partir da co-digestão de bagaço de cana-de-açúcar e dejetos de suinocultura,https://repositorio.usp.br/directbitstream/88fa42f2-5937-4b78-a1b5-3bb082ddc908/4136-10870-1-PB.pdf,,2024,True,False,False,254
DEJETOS_SUINO,Methane yields during anaerobic co-digestion of animal manure with other feedstocks: A meta-analysis,https://pubmed.ncbi.nlm.nih.gov/32361106/,10.1016/j.scitotenv.2020.138224,2020,True,False,False,255
DEJETOS_SUINO,Manual para Criadores de Suínos e Panorama do Biogás (Caso Entre Rios do Oeste),https://cibiogas.org/blog/manualpara-criadores-de-suinos-suinocultura-e-biogas-beneficios-e-desafios/,,2022,False,False,False,256
DEJETOS_SUINO|FORSU|SORO_QUEIJO,Caracterização Físico-Química de Efluentes Líquidos de Suinocultura,https://www.alice.cnptia.embrapa.br/alice/bitstream/doc/868199/1/sp17245.pdf,10.1590/1809-4430-Eng.Agric.v43n1p1-12/2023,2007,True,False,True,52;55;60
DEJETOS_SUINO|SORO_QUEIJO,Co-digestão anaeróbia de dejetos suínos e bagaço de malte,https://www.ibeas.org.br/conresol/conresol2024/IV-005.pdf,10.1016/j.biortech.2018.04.099,2024,True,False,True,53;56
ESTERCO_BOVINO_FRESCO,Potencial Técnico do Metano da Pecuária Bovina,https://www.epe.gov.br/pt/publicacoes-dados-abertos/publicacoes/nota-tecnica-pecuaria-bovina,,2020,True,False,False,108
ESTERCO_BOVINO_FRESCO,Determinação do potencial bioquímico de metano de esterco bovino em sistemas brasileiros,https://www.ibeas.org.br/conresol/conresol2024/IV-005.pdf,,2024,True,False,False,109
ESTERCO_BOVINO_FRESCO,Biogas production from different types of cow manure,https://www.sciencedirect.com/science/article/pii/S0960148124019335,,2018,True,False,False,110
ESTERCO_BOVINO_FRESCO,Produtividade do quiabeiro adubado com esterco bovino,https://www.scielo.br/j/rbeaa/a/QDDYSLKfZjBQpXsB88BRFjK/?lang=pt,,2014,True,False,False,111
ESTERCO_BOVINO_FRESCO,Methane yield from cattle manure: A meta-analysis,https://doi.org/10.3389/fenrg.2021.740314,10.3389/fenrg.2021.740314,2021,True,False,False,383
ESTERCO_BOVINO_FRESCO,Ensiling of solid cattle manure with or without corn stover for biogas production,https://doi.org/10.1016/j.wasman.2015.10.021,10.1016/j.wasman.2015.10.021,2016,True,False,False,384
ESTERCO_BOVINO_FRESCO,A new algorithm to characterize biodegradability of biomass,https://doi.org/10.1016/j.biortech.2011.01.027,10.1016/j.biortech.2011.01.027,2011,True,False,False,385
ESTERCO_BOVINO_FRESCO,Methane production through anaerobic digestion of various energy crops,https://doi.org/10.1016/j.agee.2006.05.007,10.1016/j.agee.2006.05.007,2007,True,False,False,386
ESTERCO_BOVINO_FRESCO,Anaerobic co-digestion of livestock manure and food waste,https://doi.org/10.3390/ijerph17134737,10.3390/ijerph17134737,2020,True,False,False,387
FORSU,Characterizing the variability of food waste quality,https://doi.org/10.1016/j.wasman.2016.01.041,10.1016/j.wasman.2016.01.041,,True,False,False,10
FORSU,Co-digestão Anaeróbia de Resíduos Vegetais e Águas Residuárias,https://biblioteca.unesp.br/exlibris/bd/cathedra/20-08-2015/000845451.pdf,,2013,True,False,False,61
FORSU,Characteristics of the organic fraction of municipal solid waste and methane production: A review,https://doi.org/10.1016/j.wasman.2016.05.016,10.1016/j.wasman.2016.05.016,2016,True,False,False,301
FORSU,A comprehensive review on anaerobic digestion of organic fraction of municipal solid waste,https://doi.org/10.1016/j.rser.2020.110637,10.1016/j.rser.2020.110637,2021,True,False,False,302
FORSU,Biomethane Production from Anaerobic Co-Digestion of Selected Organic Fraction of Municipal Solid Waste (OFMSW) with Sewage Sludge,https://doi.org/10.3390/ijerph182413048,10.3390/ijerph182413048,2021,True,False,False,303
FORSU,Theoretical methane production generated by the co-digestion of organic fraction of municipal solid waste and biological sludge,https://doi.org/10.1016/j.btre.2014.10.005,10.1016/j.btre.2014.10.005,2015,True,False,False,304
FORSU,Pilot-Scale Anaerobic Co-Digestion of the OFMSW: Improving Biogas Production and Startup,https://doi.org/10.3390/su10061939,10.3390/su10061939,2018,True,False,False,305
FORSU,Composition variability of the organic fraction of municipal solid waste and effects on hydrogen and methane production potentials,https://doi.org/10.1016/j.wasman.2014.11.019,10.1016/j.wasman.2014.11.019,2015,True,False,False,306
FORSU,Enhancement of biogas production from organic fraction of municipal solid waste using hydrothermal pretreatment,https://doi.org/10.1016/j.biteb.2019.100350,10.1016/j.biteb.2019.100350,2019,True,False,False,307
FORSU,Enhancement of biogas production from organic fraction of municipal solid waste using acid pretreatment,https://doi.org/10.1007/s42452-020-03213-z,10.1007/s42452-020-03213-z,2020,True,False,False,308
FORSU,Improving single- and two-stage anaerobic digestion of source separated organics by hydrothermal pretreatment,https://doi.org/10.1016/j.biortech.2018.11.087,10.1016/j.biortech.2018.11.087,2019,True,False,False,309
FORSU,Biochemical methane potential and biodegradability of complex organic substrates,https://doi.org/10.1016/j.biortech.2010.10.035,10.1016/j.biortech.2010.10.035,2011,True,False,False,310
FORSU,Anaerobic co-digestion of organic fraction of municipal solid waste (OFMSW): Progress and challenges,https://doi.org/10.1016/j.rser.2018.05.051,10.1016/j.rser.2018.05.051,2018,True,False,False,311
FORSU,Evaluation of Biochemical Methane Potential and Kinetics of Organic Waste Streams for Enhanced Biogas Production,https://doi.org/10.3390/agronomy14112546,10.3390/agronomy14112546,2024,True,False,False,312
FORSU,Assessment of the resource associated with biomethane from food waste,https://doi.org/10.1016/j.apenergy.2012.11.017,10.1016/j.apenergy.2012.11.017,2013,True,False,False,313
FORSU,Energia de Biogás da Digestão Anaeróbia de Resíduos Sólidos Orgânicos e de Aterros Sanitários,,,2016,False,True,False,314
FORSU,Metanização de RSU - Túneis de Metanização de Batelada Sequenciais,,,2016,False,True,False,315
GORDURA,Effect of lipid accumulation on the process performance,https://doi.org/10.1016/j.wasman.2012.02.020,10.1016/j.wasman.2012.02.020,,True,False,False,8
GORDURA,Codigestão anaeróbia dos dejetos de bovinos leiteiros e óleo de descarte,https://www.scielo.br/j/eagri/a/NjxFyrpbMtmRwBGDBYqLvfr/?lang=pt&format=pdf,10.1016/j.rser.2021.111472,2016,True,False,False,77
GORDURA,Considerações técnicas sobre o uso de carcaças de animais mortos não abatidos em processos de digestão anaeróbia,https://www.infoteca.cnptia.embrapa.br/infoteca/handle/doc/1130673,,2020,False,False,False,78
GORDURA,Waste lipids to energy: LCFA optimization,https://pmc.ncbi.nlm.nih.gov/articles/PMC3815362/,10.1111/j.1751-7915.2009.00100.x,2009,True,False,False,370
GORDURA,Anaerobic co-digestion with glycerin,https://doi.org/10.1371/journal.pone.0153139,10.1371/journal.pone.0153139,2016,True,False,False,371
GORDURA,Slaughterhouse fatty waste saponification,ScienceDirect,10.1016/j.biortech.2009.12.040,2010,True,False,False,372
GORDURA,Methane potential of sterilized solid slaughterhouse wastes,https://www.sciencedirect.com/science/article/abs/pii/S0960852412006438,10.1016/j.biortech.2012.04.038,2012,True,False,False,373
GORDURA,Anaerobic digestion of fat-rich wastes: Challenges and strategies,https://doi.org/10.1016/j.chemosphere.2019.07.037,10.1016/j.chemosphere.2019.07.037,2019,True,False,False,391
GORDURA,Methane potential of poultry slaughterhouse wastes,https://doi.org/10.1016/j.biortech.2008.02.037,10.1016/j.biortech.2008.02.037,2009,True,False,False,392
GORDURA|LEVEDURA,"Digestão Anaeróbia – Co-digestão de óleos, gorduras e lactosoro",https://sigarra.up.pt/faup/en/pub_geral.show_file?pi_doc_id=275377,10.1590/S0103-84782004000600033,2014,True,False,True,76;81
GORDURA|SANGUE,AD of slaughterhouse by-products (blood),https://orbit.dtu.dk/en/publications/anaerobic-digestion-of-slaughterhouse-by-products,10.1016/j.biombioe.2009.03.004,2009,True,False,True,366;369
LEVEDURA,Análise do Potencial de Geração de Biogás de Levedura Residual da Cerveja,https://bdta.abcd.usp.br/directbitstream/f20604cf-5828-42fe-bab7-b265f21b9252/,10.1590/1809-4430-Eng.Agric.v32n6p1274-1281/2012,2023,True,False,False,79
LEVEDURA,Potencial de produção de biogás da levedura residual do processo cervejeiro,https://repositorio.usp.br/,,2020,True,False,False,80
LEVEDURA,Evaluating biochemical methane production from brewer's spent yeast,https://pubmed.ncbi.nlm.nih.gov/27276935/,10.1007/s10295-016-1792-0,2016,True,False,False,346
LEVEDURA,Biochemical methane potential of brewery by-products,https://link.springer.com/article/10.1007/s10098-017-1482-2,10.1007/s10098-017-1482-2,2018,True,False,False,347
LEVEDURA,Anaerobic co-digestion of excess brewery yeast,https://www.sciencedirect.com/science/article/abs/pii/S0960852412012436,10.1016/j.biortech.2012.08.064,2012,True,False,False,348
LEVEDURA,Biogas production from brewer's yeast using ASBR,https://pmc.ncbi.nlm.nih.gov/articles/PMC5569344/,10.17113/ftb.55.02.17.5080,2017,True,False,False,349
LEVEDURA,Influence of a Conductive Material and Different Anaerobic Inocula on Biochemical Methane Potential of Substrates from Alcoholic Beverage Production,https://link.springer.com/article/10.1007/s12649-019-00834-3,10.1007/s12649-019-00834-3,2020,True,False,False,350
LODO_PRIMARIO,Avaliação de Lodo Anaeróbio e Dejeto Bovino como Inóculo,https://repositorio.ufmg.br/server/api/core/bitstreams/5959e9b0-8604-4c5f-a2a5-53bbb4bec4d6/content,,2011,True,False,False,62
LODO_PRIMARIO,Determinação do Potencial Bioquímico de Metano de Lodo,https://www.ibeas.org.br/conresol/conresol2024/IV-005.pdf,,2024,True,False,False,63
LODO_PRIMARIO,Caracterização de Lodo de Esgoto,https://rima.ufrrj.br/jspui/bitstream/20.500.14407/23290/1/2020%20-%20Camila%20Ferreira%20Matos.pdf,10.1016/j.biortech.2017.03.025,2011,True,False,False,64
LODO_PRIMARIO,Biochemical methane potential (BMP) of food waste and primary sludge: Influence of inoculum pre-incubation and inoculum source,https://doi.org/10.1016/j.biortech.2012.01.025,10.1016/j.biortech.2012.01.025,2012,True,False,False,316;259
LODO_PRIMARIO,Enhanced Mesophilic Anaerobic Digestion of Primary Sewage Sludge,https://doi.org/10.3390/w13030348,10.3390/w13030348,2021,True,False,False,317
LODO_PRIMARIO,Characteristics of Biogas Production and Synergistic Effect of Primary Sludge and Food Waste Co-Digestion,https://doi.org/10.3390/su15108295,10.3390/su15108295,2023,True,False,False,318
LODO_PRIMARIO,Algaculture integration in conventional wastewater treatment plants: Anaerobic digestion comparison of primary and secondary sludge with microalgae biomass,https://doi.org/10.1016/j.biortech.2014.08.092,10.1016/j.biortech.2014.08.092,2014,True,False,False,320
LODO_PRIMARIO,Synergistic effect from anaerobic co-digestion of sewage sludge and organic wastes,https://doi.org/10.1016/j.ibiod.2017.05.006,10.1016/j.ibiod.2017.05.006,2017,True,False,False,321
LODO_PRIMARIO,Oxidation reduction potential as a parameter to regulate micro-oxygen injection into anaerobic digester for reducing hydrogen sulphide concentration in biogas,https://doi.org/10.1016/j.biortech.2014.09.052,10.1016/j.biortech.2014.09.052,2014,True,False,False,322
LODO_PRIMARIO,Defining the biomethane potential (BMP) of solid organic wastes and energy crops: A proposed protocol for batch assays,https://doi.org/10.2166/wst.2009.040,10.2166/wst.2009.040,2009,True,False,False,323
LODO_PRIMARIO,Urban sewage scum and primary sludge as profitable sources of biodiesel: Lipid extraction and quality of lipid-extracted sludges,https://doi.org/10.1016/j.biteb.2019.100375,10.1016/j.biteb.2019.100375,2020,True,False,False,324
LODO_PRIMARIO,"Comparative study on hydrothermal treatment as pre- and post-treatment of anaerobic digestion of primary sludge: Focus on energy balance, resources transformation and sludge dewaterability",https://doi.org/10.1016/j.apenergy.2019.01.206,10.1016/j.apenergy.2019.01.206,2019,True,False,False,325
LODO_PRIMARIO,Enhancing Methane Yield in Anaerobic Co-Digestion of Primary Sewage Sludge: A Comprehensive Review,https://doi.org/10.3390/waste2010002,10.3390/waste2010002,2024,True,False,False,326
LODO_PRIMARIO,Anaerobic Digestion for Biogas Production from Municipal Sewage Sludge,https://doi.org/10.3390/w13243532,10.3390/w13243532,2021,True,False,False,327
LODO_PRIMARIO,Enhanced anaerobic digestion of primary sludge with additives: Performance and mechanisms,https://doi.org/10.1016/j.biortech.2020.124403,10.1016/j.biortech.2020.124403,2020,True,False,False,328
LODO_PRIMARIO,Optimization of thermal hydrolysis process for enhancing anaerobic digestion of sewage sludge,https://doi.org/10.1016/j.biortech.2020.124253,10.1016/j.biortech.2020.124253,2020,True,False,False,329
LODO_PRIMARIO,Impact of primary treatment methods on sludge characteristics and digestibility,https://doi.org/10.1016/j.watres.2023.119769,10.1016/j.watres.2023.119769,2023,True,False,False,257
LODO_PRIMARIO,Improving Bioenergy Recovery from Anaerobic Digestion of Sewage Sludge,https://onlinelibrary.wiley.com/doi/10.1002/9783527825394.ch11,,2024,False,False,False,258
LODO_PRIMARIO,Effect of mixed primary and secondary sludge for two-stage AD,https://doi.org/10.1016/j.biortech.2021.126186,10.1016/j.biortech.2021.126186,2022,True,False,False,260
LODO_PRIMARIO,Synergistic effect from anaerobic co-digestion of sewage sludge,https://www.academia.edu/129030490/,,2023,True,False,False,261
LODO_PRIMARIO,Anaerobic co-digestion of PS and fruit/vegetable fraction,https://doi.org/10.1016/j.renene.2005.10.002,10.1016/j.renene.2005.10.002,2006,True,False,False,262
LODO_PRIMARIO,Anaerobic co-digestion pretreated by THP and food waste,https://doi.org/10.1080/09593330.2022.2118083,10.1080/09593330.2022.2118083,2024,True,False,False,263
LODO_PRIMARIO,Produção de biogás: manipueira + lodo primário,https://repositorio.ufpe.br/handle/123456789/14974,,2015,True,False,False,264
LODO_PRIMARIO,Feasibility of co-digestion PS and WAS mixtures,https://pubmed.ncbi.nlm.nih.gov/40952402/,,2025,True,False,False,265
LODO_PRIMARIO,Tratamento anaeróbio resíduos orgânicos baixa concentração sólidos,https://www.scielo.br/j/esa/a/nfjwG3JLpPKnLDf6RY3cLZz/,,2004,False,False,False,266
LODO_PRIMARIO,Viabilidade econômica tratamento esgoto + biogás,https://ojs.observatoriolatinoamericano.com/ojs/index.php/olel/article/download/5960/3815/13951,,2025,False,False,False,267
LODO_PRIMARIO,Biometano em São Paulo: Potencial e Medidas,https://abiogas.org.br/wp-content/uploads/2025/06/O-Biometano-em-Sao-Paulo_Potencial.pdf,,2025,False,False,False,268
LODO_PRIMARIO|LODO_SECUNDARIO,Biochemical Methane Potential (BMP) Assay Method for Anaerobic Digestion Research,https://doi.org/10.3390/w11050921,10.3390/w11050921,2019,True,False,True,319;338
LODO_PRIMARIO|LODO_SECUNDARIO,Sustainable biogas production in municipal wastewater treatment plants,https://task37.ieabioenergy.com/,,2015,False,False,False,330;342
LODO_SECUNDARIO,Impact of low-thermal pretreatment on physico-chemical properties of saline waste activated sludge,https://doi.org/10.1016/j.biortech.2019.122423,10.1016/j.biortech.2019.122423,2020,True,False,False,331
LODO_SECUNDARIO,Effect of temperature on biogas yield increase and formation of refractory COD during thermal hydrolysis of waste activated sludge,https://doi.org/10.1016/j.watres.2019.115383,10.1016/j.watres.2019.115383,2020,True,False,False,332
LODO_SECUNDARIO,Biochemical Methane Potential Tests to Evaluate AD Enhancement by Thermal Hydrolysis Pretreatment: Mesophilic vs Thermophilic Conditions,https://doi.org/10.1007/s12155-019-10016-2,10.1007/s12155-019-10016-2,2019,True,False,False,333
LODO_SECUNDARIO,Thermal hydrolysis of sewage sludge: Improvement in biogas generation and dewaterability,https://doi.org/10.1177/0734242X231193234,10.1177/0734242X231193234,2024,True,False,False,334
LODO_SECUNDARIO,Efficiency of integrated electrooxidation and anaerobic digestion of waste activated sludge,https://doi.org/10.1186/s13068-021-01948-6,10.1186/s13068-021-01948-6,2021,True,False,False,335
LODO_SECUNDARIO,Improvement of anaerobic digestion of mixed sludge using free nitrous acid and Fenton pre-treatment,https://doi.org/10.1186/s13068-018-1233-6,10.1186/s13068-018-1233-6,2018,True,False,False,336
LODO_SECUNDARIO,Exploring the roles of and interactions among microbes in dry co-digestion of food waste and pig manure using high-throughput 16S rRNA gene amplicon sequencing,https://doi.org/10.1186/s13068-018-1344-0,10.1186/s13068-018-1344-0,2019,True,False,False,337
LODO_SECUNDARIO,Solubilization of waste activated sludge by alkaline pretreatment and biochemical methane potential (BMP) tests for anaerobic co-digestion of municipal organic waste,https://doi.org/10.2166/wst.2003.0471,10.2166/wst.2003.0471,2003,True,False,False,339
LODO_SECUNDARIO,Zero Valent Iron Significantly Enhances Methane Production from Waste Activated Sludge by Improving Biochemical Methane Potential Rather Than Hydrolysis Rate,https://doi.org/10.1038/srep19713,10.1038/srep19713,2016,True,False,False,340
LODO_SECUNDARIO,Pretreatment methods to improve sludge anaerobic degradability: A review,https://doi.org/10.1016/j.jhazmat.2010.06.129,10.1016/j.jhazmat.2010.06.129,2010,True,False,False,341
LODO_SECUNDARIO,Principles and potential of the anaerobic digestion of waste-activated sludge,https://doi.org/10.1016/j.pecs.2008.06.002,10.1016/j.pecs.2008.06.002,2008,True,False,False,343
LODO_SECUNDARIO,Avaliação do processo de digestão anaeróbia da ETE Arrudas-MG,,,2009,True,True,False,344
LODO_SECUNDARIO,Co-digestão anaeróbia de resíduos de hortifrutigranjeiros e lodo ativado de estação de tratamento de efluentes,http://www.repositorio.jesuita.org.br/handle/UNISINOS/,,2019,False,False,False,345
LODO_SECUNDARIO,Enhanced WAS digestion using submerged anaerobic dynamic membrane bioreactor,https://doi.org/10.1038/srep20111,10.1038/srep20111,2016,True,False,False,269
LODO_SECUNDARIO,AD of sewage sludge for biogas & biohydrogen: State-of-art,https://doi.org/10.1016/j.fuel.2022.123745,10.1016/j.fuel.2022.123745,2022,True,False,False,270
LODO_SECUNDARIO,Thermal hydrolysis: Improvement biogas & GWP prediction,https://doi.org/10.1177/0734242X231171044,10.1177/0734242X231171044,2024,True,False,False,271
LODO_SECUNDARIO,Inhibitory impact of ammonia on THP sludge fed AD,https://doi.org/10.1002/wer.1509,10.1002/wer.1509,2024,True,False,False,272
LODO_SECUNDARIO,Synergistic effect WAS and food waste mesophilic co-digestion,https://doi.org/10.1016/j.fuel.2019.115974,10.1016/j.fuel.2019.115974,2019,True,False,False,273
LODO_SECUNDARIO,Anaerobic Co-Digestion with Food Waste,https://pmc.ncbi.nlm.nih.gov/articles/PMC9631406/,10.3390/ijerph19179631,2022,True,False,False,274
LODO_SECUNDARIO,Bioenergy OFMSW and sewage sludge mesophilic co-digestion,https://doi.org/10.1016/j.renene.2021.10.066,10.1016/j.renene.2021.10.066,2022,True,False,False,275
LODO_SECUNDARIO,Characterization and reutilization of lipids in sludges,https://pmc.ncbi.nlm.nih.gov/articles/PMC7400647/,10.3390/su12083298,2020,True,False,False,276
LODO_SECUNDARIO,Kinetics of anaerobic treatment: A critical review,https://doi.org/10.1080/10643389109388405,10.1080/10643389109388405,1991,True,False,False,277
LODO_SECUNDARIO,Aplicação digestão anaeróbia redução volume lodo,https://repositorio.ufsc.br/bitstream/handle/123456789/124550/272.pdf,,2015,True,False,False,278
LODO_SECUNDARIO,SABESP biometano principais estações esgoto,https://www.abrema.org.br/2024/04/29/sabesp-vai-gerar-biometano/,,2024,False,False,False,279
LODO_SECUNDARIO,Mesophilic AD of WAS: Influence of feed and operating conditions,https://www.dbt.univr.it/documenti/ArticoloRivista/allegato/allegato998719.pdf,,2005,True,False,False,280
MUCILAGEM_CAFE,"Caracterização físico-química, bioquímica e energética da água residuária do café processado por via úmida",https://seer.ufu.br/index.php/biosciencejournal/article/download/7129/5123/31134,,,False,False,False,14
MUCILAGEM_CAFE,Valorização dos resíduos de café para obtenção do biogás,https://repositorio.unifal-mg.edu.br/items/c5677cc0-1edd-4e6e-90bd-d0cc1679b39e,,2021,True,False,False,285
MUCILAGEM_CAFE,Anaerobic digestion of wastewater from coffee processing,https://seer.ufu.br/index.php/biosciencejournal/article/download/13973/12498/0,,2017,True,False,False,286
MUCILAGEM_CAFE,Anaerobic Co-Digestion of Coffee By-Products for Circular Bioeconomy,https://papers.ssrn.com/sol3/papers.cfm?abstract_id=5071764,,2024,True,False,False,296
MUCILAGEM_CAFE,Waste-to-energy: Biogas potential from coffee processing wastewater,https://www.sciencedirect.com/science/article/abs/pii/S0360544223009982,,2023,False,False,False,297
MUCILAGEM_CAFE,Coffee Effluent Treatment and Biogas Recovery Systems,https://www.kenyacoffeeschool.com/,,2025,False,False,False,298
MUCILAGEM_CAFE,Anaerobic co-digestion of coffee wastewater with dairy whey,https://link.springer.com/journal/12155,,2021,True,False,False,299
MUCILAGEM_CAFE,Life Cycle Assessment and Carbon Footprint of Coffee Waste Valorization in Brazil,https://papers.ssrn.com/sol3/,,2023,False,False,False,300
PALHA,Potencial Bioquímico de Metano do Bagaço e Palha de Cana-de-Açúcar em Digestão Anaeróbia,https://dspace.unila.edu.br/bitstreams/19380b44-82c1-469f-9083-bf3db9abb590/download,,2023,True,False,False,105
PALHA,Rice straw and sugarcane bagasse as supporting co-substrates for anaerobic digestion of food waste,https://www.sciencedirect.com/science/article/pii/S2590174525001813,10.1016/j.ref.2024.100581,2024,True,False,False,106
PALHA,Anaerobic mono-digestion of sugarcane trash and bagasse with and without pretreatment,https://doi.org/10.1016/j.wasman.2021.05.034,10.1016/j.wasman.2021.05.034,2021,True,False,False,142
PALHA,"A systematic evaluation of biomethane production from sugarcane trash pretreated by liquid hot water, dilute acid and alkali solutions",https://doi.org/10.1016/j.biortech.2020.124453,10.1016/j.biortech.2020.124453,2021,True,False,False,143
PALHA,Systematic evaluation of trash vs bagasse with alkaline pretreatment,https://www.sciencedirect.com/science/article/pii/S0960852420314115,,2021,True,False,False,144
PALHA,Sugarcane Straw Hemicellulose Extraction by Hydrothermal Processing,https://pmc.ncbi.nlm.nih.gov/articles/PMC11945048/,,2025,False,False,False,146
PALHA,Evaluation of the methane potential of different agricultural residues,https://doi.org/10.1016/j.renene.2019.04.008,10.1016/j.renene.2019.04.008,2019,True,False,False,147
PALHA,Physicochemical and thermal characteristics of sugarcane straw and bagasse,http://mtc-m21c.sid.inpe.br/col/sid.inpe.br/mtc-m21c/2018/09.06.16.48/doc/canettiere_physicochemical.pdf,,2018,False,False,False,148
PALHA,Investigation on the Changes of Main Compositions and Biogas Production from Rice Straw,https://doi.org/10.1021/ef8007486,10.1021/ef8007486,2009,True,False,False,149
PALHA,BioValue: Sugarcane Straw and Bagasse Assessment,https://lnbr.cnpem.br/biovalue/biomasses/sugarcane-straw-bagasse/,,2020,False,False,False,150
PALHA,Advancements of agriculture 4.0 in mechanized sugarcane harvesting: a review,https://www.scielo.br/j/cr/a/dpjnMyWPrn5nh3BX9ZKxvTC/,,2024,False,False,False,151
PALHA,Sugarcane Straw Processing and Burning,https://lnbr.cnpem.br/wp-content/uploads/2020/07/1.Straw-Processing-and-Burning.pdf,,2020,False,False,False,152
PALHA,Guidelines for Sugarcane Straw Removal in Brazil,https://lnbr.cnpem.br/wp-content/uploads/2020/07/3Guidelines-Straw-Removal.pdf,,2020,False,False,False,153
PALHA,Agronomic and environmental implications of sugarcane straw removal: a major review,https://doi.org/10.1111/gcbb.12410,10.1111/gcbb.12410,2017,True,False,False,154
PALHA,Treatment of Cattle Manure by Anaerobic Co-Digestion with Food Waste and Pig Manure,https://pmc.ncbi.nlm.nih.gov/articles/PMC7370025/,,2020,True,False,False,156
PALHA,Anaerobic Co-digestion of Rice Straw and Pig Manure: Kinetic Modeling,https://doi.org/10.3389/fbioe.2020.579405,10.3389/fbioe.2020.579405,2021,True,False,False,157
PALHA,Anaerobic hydrolysis during digestion of complex substrates,https://edepot.wur.nl/198997,,2008,False,False,False,158
PALHA,Biomass Recalcitrance and Its Impacts on Anaerobic Digestion,https://pmc.ncbi.nlm.nih.gov/articles/PMC6694284/,,2019,False,False,False,159
PALHA,Comprehensive assessment of sugarcane straw: implications for biomass and bioenergy production,https://doi.org/10.1002/bbb.1760,10.1002/bbb.1760,2020,True,False,False,160
PALHA,Mesophilic and Thermophilic Anaerobic Digestion of Wheat Straw in CSTR,https://pmc.ncbi.nlm.nih.gov/articles/PMC8772805/,,2022,True,False,False,161
PALHA,Anaerobic treatment of sugarcane bagasse: An opportunity for rural biogas generation,https://doi.org/10.1016/j.scp.2023.100856,10.1016/j.scp.2023.100856,2023,True,False,False,162
PALHA,Kinetics simulations for thermophilic biogas production using Modified Gompertz model,https://ijsra.net/sites/default/files/IJSRA-2023-0661.pdf,,2023,True,False,False,163
PALHA,A Detailed Database of the Chemical Properties and Methane Potential of Agricultural Residues,https://pdfs.semanticscholar.org/7db4/f1330e4ad1a5fe147448c28a98dede996d8d.pdf,,2023,False,False,False,164
PALHA,Rice straw and sugarcane bagasse degradation mimicking lignocellulose decay in nature,https://www.scienceasia.org/2012.38.n4/scias38_364.pdf,,2012,False,False,False,165
PALHA,Anaerobic Co-Digestion of Cow Manure and Sugarcane Bagasse for Biogas Production,https://journals.ekb.eg/article_250334.html,10.21608/ejchem.2022.250334,2022,True,False,False,166
PALHA,Dynamic model of anaerobic digestion of lignocellulosic biomass,https://doi.org/10.1016/j.biortech.2013.08.064,10.1016/j.biortech.2013.08.064,,True,False,False,11
PALHA,Biochar de Palha de Cana-de-Açúcar: Caracterização e Aplicação,http://static.sites.sbq.org.br/rvq.sbq.org.br/pdf/PirsNoPrelo.pdf,,2018,False,False,False,73
PALHA,Potencial de Biogás e Biometano da Palha de Cana-de-açúcar,https://ojs.revistadelos.com/ojs/index.php/delos/article/download/7710/4131,,2025,False,False,False,74
PALHA,Estudo da co-digestão anaeróbia de biomassa vegetal e dejeto bovino,https://ainfo.cnptia.embrapa.br/digital/bitstream/doc/1168831/1/,,2024,True,False,False,75
PALHA,Optimization of semi-continuous anaerobic digestion of sugarcane straw co-digested with filter cake: effects of macronutrients supplementation on conversion kinetics,https://doi.org/10.1016/j.biortech.2017.08.084,10.1016/j.biortech.2017.08.084,2017,True,False,False,244
PALHA|TORTA_FILTRO,Pre-treatment of filter cake for anaerobic digestion in sugarcane biorefineries: Assessment of batch versus semi-continuous experiments,https://www.sciencedirect.com/science/article/pii/S0960148119307451,10.1016/j.renene.2019.05.029,2019,True,False,True,102;107
PALHA|TORTA_FILTRO,Anaerobic Codigestion of Sugarcane Press Mud with Food Waste,https://doi.org/10.1155/2018/9351848,10.1155/2018/9351848,2018,True,False,True,155;191
PALHA|VINHACA,Biochemical Methane Potential (BMP) from sugarcane trash and filter cake co-digestion with vinasse,https://www.biorxiv.org/content/10.1101/2021.02.19.432018v1,10.1101/2021.02.19.432018,2021,True,False,True,145;181
PALHA_MILHO,Evaluation and modelling of methane production from corn stover pretreated with various physicochemical techniques,https://doi.org/10.1177/0734242X211038185,10.1177/0734242X211038185,2022,True,False,False,229
PALHA_MILHO,Two-stage thermophilic anaerobic co-digestion of corn stover and cattle manure to enhance biomethane production,https://doi.org/10.1080/10934529.2018.1544802,10.1080/10934529.2018.1544802,2019,True,False,False,230
PALHA_MILHO,"Evaluating Methane Production from Anaerobic Mono- and Co-digestion of Kitchen Waste, Corn Stover, and Chicken Manure",https://doi.org/10.1021/ef400117f,10.1021/ef400117f,2013,True,False,False,231
PALHA_MILHO,Improving Biomethane Production and Mass Bioconversion of Corn Stover Anaerobic Digestion by Adding NaOH Pretreatment and Trace Elements,https://doi.org/10.1016/j.biortech.2015.04.067,10.1016/j.biortech.2015.04.067,2015,True,False,False,232
PALHA_MILHO,Market mapping of the main raw materials for biogas production in Brazil,https://abiogas.org.br/publicacoes,,2025,False,False,False,234
PALHA_SOJA,Avaliação da palhada da soja como matéria prima para a produção de etanol combustível auxiliado por tratamentos químicos,https://www.unirv.edu.br/conteudos/fckfiles/files/AVALIAÇÃO%20DA%20PALHADA%20DA%20SOJA.pdf,,2018,False,False,False,94
PALHA_SOJA,Biogas production from lignocellulosic agricultural crop residues: A review,https://doi.org/10.1002/ep.12782,10.1002/ep.12782,2018,True,False,False,380
PALHA_SOJA,Soybean straw nanocellulose produced by enzymatic or acid treatment,https://doi.org/10.1016/j.carbpol.2016.10.013,10.1016/j.carbpol.2016.10.013,2017,True,False,False,381
PALHA_SOJA,Biohydrogen production from lignocellulosic materials,https://doi.org/10.1016/j.ijhydene.2012.06.107,10.1016/j.ijhydene.2012.06.107,2012,True,False,False,382
POLPA_CAFE,Anaerobic biodegradation of coffee pulp,https://doi.org/10.1016/j.jenvman.2013.06.038,10.1016/j.jenvman.2013.06.038,,True,False,False,5
POLPA_CAFE,Effect of chemical and biological additives on production and composition of methane from coffee pulp silage,https://www.nature.com/articles/s41598-023-39163-w,10.1038/s41598-023-39163-w,2023,True,False,False,65
POLPA_CAFE,Prospecção tecnológica do aproveitamento dos resíduos da cafeicultura,https://pantheon.ufrj.br/bitstream/11422/15468/1/LMAlmeida.pdf,10.1590/S1516-35982009000200022,2021,True,False,False,67
POLPA_CAFE,Optimized conditions for methane production through co-digestion of coffee and beer wastes,https://www.sciencedirect.com/science/article/abs/pii/S2213343723019899,,2023,True,False,False,283
POLPA_CAFE,Towards a circular bioeconomy to produce methane by co-digestion of coffee wastes,https://pubmed.ncbi.nlm.nih.gov/38636915/,,2024,True,False,False,284
POLPA_CAFE,Anaerobic co-digestion of solid waste from coffee benefit,http://scielo.sld.cu/pdf/caz/v49n2/2223-4861-caz-49-02-60.pdf,,2022,True,False,False,292
POLPA_CAFE,Caracterização e pré-tratamento da polpa de café,http://www.sapc.embrapa.br/arquivos/consorcio/spcb_anais/simposio7/330.pdf,,2011,False,False,False,293
POLPA_CAFE,Methane Production from Coffee Pulp by Microorganism of Rumen Fluid,https://www.aidic.it/cet/17/56/245.pdf,,2017,True,False,False,294
POLPA_CAFE,Anaerobic co-digestion of coffee pulp with food waste,https://scholarspace.manoa.hawaii.edu/,,2021,True,False,False,295
POLPA_CAFE|SORO_QUEIJO,Biogas production from coffee pulp juice: One- and two-phase systems,https://www.academia.edu/26385939/Biogas_production_from_coffee_pulp_juice_One_and_two_phase_systems,10.1016/j.renene.2018.04.016,2016,True,False,True,66;86
POLPA_CAFE|VINHACA,Anaerobic digestion of vinasse from sugarcane ethanol production in Brazil: Challenges and perspectives,https://www.sciencedirect.com/science/article/pii/S1364032114008326,10.1590/18069657rbcs20170405,2015,True,False,True,1;12
SABUGO,Maize cob waste pre-treatments to enhance biogas production through co-anaerobic digestion with OFMSW,https://doi.org/10.1016/j.wasman.2017.11.004,10.1016/j.wasman.2017.11.004,2018,True,False,False,222
SABUGO,Corn Cob as a Potential Feedstock for Slow Pyrolysis of Biomass,https://doi.org/10.21315/jps2016.27.2.7,10.21315/jps2016.27.2.7,2016,True,False,False,224
SABUGO,"Optimization of biogas yield from anaerobic co-digestion of corn chaff, cow dung and poultry droppings using central composite design",https://doi.org/10.1016/j.btre.2021.e00677,10.1016/j.btre.2021.e00677,2021,True,False,False,225
SABUGO,Digestion of Corn Cobs and Cow Manure with Microwave Pretreatment,https://doi.org/10.21608/jssae.2019.43174,10.21608/jssae.2019.43174,2019,True,False,False,226
SABUGO,CARACTERIZAÇÃO DO SABUGO DE MILHO E COMPOSIÇÃO DO BIO-ÓLEO PRODUZIDO NO PROCESSO DE PIRÓLISE RÁPIDA,https://proceedings.science/enemp/enemp-2019/trabalhos/caracterizacao-do-sabugo-de-milho-e-composicao-do-bio-oleo-produzido-no-p,,2019,False,False,False,227
SANGUE,Treatment of slaughterhouse blood waste using two-stage anaerobic digesters,https://www.osti.gov/servlets/purl/1613259,10.1016/j.biortech.2018.02.034,2018,True,False,False,22
SANGUE,Biodigestão anaeróbia de resíduos de abatedouros,https://periodicos.uniarp.edu.br/index.php/ignis/article/download/729/513/,,2016,False,False,False,23
SANGUE,Biogas production from poultry slaughterhouse effluent via anaerobic processes,https://repositorio.ufc.br/bitstream/riufc/71189/1/2021_art_nwsmorais.pdf,10.1016/j.envpol.2020.116073,2021,True,False,False,25
SANGUE,Anaerobic Digestion of Blood: A Review,https://www.mdpi.com/1996-1073/14/18/5666,10.3390/en14185666,2021,True,False,False,361
SANGUE,Two-stage AD of slaughterhouse waste,ScienceDirect,10.1016/j.renene.2018.03.076,2018,True,False,False,362
SANGUE,AD of solid slaughterhouse waste,ScienceDirect,10.1016/j.bej.2007.11.019,2008,True,False,False,364
SANGUE,Feasibility of anaerobic co-digestion of poultry blood with maize residues,https://www.sciencedirect.com/science/article/pii/S0960852413010638,10.1016/j.biortech.2013.06.129,2010,True,False,False,365
SANGUE,"Volatile fatty acids: Key metabolites for the valorization of waste biomass through membrane-based downstream processes (Capson-Tojo et al., 2020)",https://www.sciencedirect.com/science/article/pii/S1364032119307476,10.1016/j.rser.2019.109487,2021,True,False,False,367
SANGUE,Recovery of Biogas from Livestock Blood Waste,https://www.mdpi.com/1996-1073/17/23/5873,10.3390/en17235873,2024,True,False,False,368
SANGUE|VISCERAS,Biowastes of slaughterhouses and wet markets: an overview on management practices and biogas production,https://pmc.ncbi.nlm.nih.gov/articles/PMC8477996/,10.1007/s11356-021-16288-2,2021,True,False,True,24;28
SANGUE|VISCERAS,Effects of Substrate to Inoculum Ratio on the Biochemical Methane Potential of Piggery Slaughterhouse Wastes,https://pmc.ncbi.nlm.nih.gov/articles/PMC4093537/,10.5713/ajas.2013.13537,2014,True,False,True,363;378
SORO_QUEIJO,Anaerobic digestion of cheese whey,https://doi.org/10.1016/j.wasman.2017.09.026,10.1016/j.wasman.2017.09.026,,True,False,False,9;353
SORO_QUEIJO,Optimisation of whey permeate anaerobic digestion at different inoculum to substrate ratios and initial pH values under mesophilic conditions,https://centaur.reading.ac.uk/123302/1/GSOL_A_2505444_O.pdf,10.1080/14786451.2025.2505444,2025,True,False,False,84
SORO_QUEIJO,Potencial bioquímico de biogás e metano (PBB e PBM) de resíduos agroindustriais e urbanos,https://www.ibeas.org.br/conresol/conresol2025/XII-013.pdf,10.1590/S1516-35982012001100007,2024,True,False,False,85
SORO_QUEIJO,Produção de biogás por digestão anaeróbia do soro de leite,https://revistas.rcaap.pt/index.php/rca/article/view/16405,10.19084/RCA15087,2016,True,False,False,87
SORO_QUEIJO,Mesophilic AD of cheese whey,ScienceDirect/Heliyon,10.1016/j.heliyon.2025.e27539,2024,True,False,False,351;360
SORO_QUEIJO,A comprehensive evaluation of cheese whey to produce biogas in the Canary Islands,https://www.sciencedirect.com/science/article/pii/S0961953423003070,10.1016/j.biombioe.2023.107008,2024,True,False,False,352
SORO_QUEIJO,Cheese whey management: A review,ScienceDirect,10.1016/j.jenvman.2012.05.018,2012,True,False,False,354
SORO_QUEIJO,Acidification prevention strategies in anaerobic digestion of cheese whey - COMPILATION,https://www.sciencedirect.com/science/article/pii/S2405844024025076,10.1016/j.heliyon.2024.e26476,2024,True,False,False,355
SORO_QUEIJO,"Biotechnological Uses of Whey: A Review (Chatzipaschali & Stamatis, 2012)",https://www.mdpi.com/1996-1073/5/9/3492,10.3390/en5093492,2020,True,False,False,356
SORO_QUEIJO,"High-load anaerobic co-digestion of cheese whey and liquid fraction of dairy manure in a one-stage UASB process (Rico et al., 2015)",https://www.sciencedirect.com/science/article/pii/S0960852415005891,10.1016/j.biortech.2015.04.032,2022,True,False,False,357
SORO_QUEIJO,Got Whey? Sustainability Endpoints for the Dairy Industry through Resource Biorecovery,UNICAMP repository,10.3390/fermentation9100897,,True,False,False,358
SORO_QUEIJO,Aplicações biotecnológicas do soro de queijo: produção de células íntegras com atividade lipolítica e geração de biogás,https://www.teses.usp.br/teses/disponiveis/97/97139/tde-05082021-165449/,10.11606/D.97.2019.tde-05082021-165449,,True,False,False,359
TORTA_FILTRO,"Torta de Filtro, Resíduo da Indústria Sucroalcooleira: Caracterização Físico-Química e Potencial de Valorização",http://static.sites.sbq.org.br/rvq.sbq.org.br/pdf/BernardinoNoPrelo.pdf,,2024,False,False,False,103
TORTA_FILTRO,Caracterização Química de Torta de Filtro: Bagaço e Resíduos de Processamento da Cana-de-Açúcar,https://lnbr.cnpem.br/,,2024,False,False,False,104
TORTA_FILTRO,Improved methane production from sugarcane vinasse with filter cake in thermophilic UASB reactors,https://doi.org/10.1016/j.apenergy.2017.10.021,10.1016/j.apenergy.2017.10.021,2017,True,False,False,186
TORTA_FILTRO,Anaerobic co-digestion of biogas effluent and sugarcane filter cake: mixture design optimization,https://doi.org/10.1007/s13399-021-02193-3,10.1007/s13399-021-02193-3,2022,True,False,False,188
TORTA_FILTRO,Press mud and bagasse from sugar mill: Cumulative effect of anaerobic co-digestion with pre-treatment,https://doi.org/10.1016/j.biombioe.2022.106557,10.1016/j.biombioe.2022.106557,2022,True,False,False,189
TORTA_FILTRO,"Estudo de Produção e Uso do Biogás de Vinhaça: Usina Bonfim, Guariba-SP (Project P173)",https://www.arsesp.sp.gov.br/RegistroTecnicoProjetos/comgas/Projeto-173-COMGAS.pdf,,2015,False,False,False,190
TORTA_FILTRO,Thermophilic two-phase anaerobic digestion using an innovative fixed-bed reactor for enhanced organic matter removal,https://doi.org/10.3389/fbioe.2017.00074,10.3389/fbioe.2017.00074,2017,True,False,False,192
TORTA_FILTRO,Co-digestão de vinhaça com torta de filtro para produção de biogás,https://www.conbea.org.br/anais/publicacoes/conbea-2020/,,2020,True,False,False,193
TORTA_FILTRO,"Co-digestion of filter cake, biogas effluent and anaerobic sludge: Two-stage for enhanced biohydrogen and biomethane",https://doi.org/10.1016/j.bej.2024.109149,10.1016/j.bej.2024.109149,2024,True,False,False,194
TORTA_FILTRO,Caracterização físico-química da torta de filtro para aproveitamento agrícola,http://intellectoarticles.com.br/,,2017,False,False,False,195
TORTA_FILTRO,Biogás no Brasil: Potencial do Setor Sucroenergético,https://www.embrapa.br/busca-de-publicacoes,,2018,False,False,False,196
TORTA_FILTRO,Synergistic effect of sugarcane scum as an accelerant co-substrate on biomethane production,https://doi.org/10.1016/j.biombioe.2020.105659,10.1016/j.biombioe.2020.105659,2020,True,False,False,197
TORTA_FILTRO,Design proposal of an industrial biodigester of filter-cake for electrical energy generation,http://scielo.sld.cu/scielo.php?pid=S2218-36202021000500074&script=sci_abstract,,2021,False,False,False,198
TORTA_FILTRO,Combined biogas and bioethanol production from lignocellulosic waste: Process integration and synergies,https://doi.org/10.1016/j.scitotenv.2019.135984,10.1016/j.scitotenv.2019.135984,2020,True,False,False,199
TORTA_FILTRO,Biogas production from sugarcane waste: Assessment on kinetic challenges for process designing,https://www.mdpi.com/1422-0067/16/9/20685,10.3390/ijms161020685,2015,True,False,False,2
TORTA_FILTRO,Codigestão Anaeróbia de Melaço e Torta de Filtro de Cana-de-açúcar,https://repositorio.unesp.br/items/b7cbb846-f3e2-4d29-9db7-bced8a35a3ab,,2024,True,False,False,47
TORTA_FILTRO,Co-digestion studies with filter cake and vinasse,https://prp.unicamp.br/inscricao-congresso/resumos/2024P23725A40165O5277.pdf,,2024,True,False,False,48
VAGEM_SOJA,Influence of chemical composition on biochemical methane potential of fruit and vegetable waste,https://www.sciencedirect.com/science/article/abs/pii/S0956053X17303574,10.1016/j.wasman.2017.05.030,2017,True,False,False,91
VAGEM_SOJA,Biogas production from agricultural residues: Composition effects,https://doi.org/10.1016/j.biombioe.2014.11.025,10.1016/j.biombioe.2014.11.025,2015,True,False,False,395
VAGEM_SOJA,Evaluation of lignocellulosic biomass from soybean cultivation,https://doi.org/10.1016/j.renene.2018.08.048,10.1016/j.renene.2018.08.048,2019,True,False,False,396
VINHACA,Biomethane production from vinasse in upflow anaerobic sludge blanket reactors inoculated with granular sludge,https://www.scielo.br/j/bjm/a/jbRQ3rjyHN3F73NcWM6cdxM/?lang=en,10.1016/j.bjm.2016.01.002,2016,True,False,False,167
VINHACA,Technological strategies for managing sugarcane vinasse in biogas and biohydrogen production: Challenges and opportunities for integration,https://www.sciencedirect.com/science/article/abs/pii/S0196890423009494,10.1016/j.renene.2023.119XXX,2023,True,False,False,168
VINHACA,Bioconversion of Sugarcane Vinasse into High-Added Value Products and Energy,https://onlinelibrary.wiley.com/doi/10.1155/2017/8986165,10.1155/2017/8986165,2017,True,False,False,169
VINHACA,Evaluation of the Production of Methane from the Vinasse of Rum by Anaerobic Digestion,https://www.ajer.org/papers/Vol-7-issue-6/T0706160169.pdf,,2018,True,False,False,170
VINHACA,Aproveitamento do Biogás a Partir da Vinhaça da Cana-de-Açúcar,https://pantheon.ufrj.br/bitstream/11422/702/3/PVCorrea.pdf,,2015,False,False,False,171
VINHACA,Kinetic Model of Biogas Yield Production from Vinasse at Different pH Using Modified Gompertz Equation,https://maxwellsci.com/msproof.php?doi=rjaset.7.602,,2023,True,False,False,172
VINHACA,Effect of Fe Addition on Anaerobic Digestion Process in Treating Vinasse: Experimental and Kinetic Studies,https://pp.bme.hu/ch/article/view/20611,10.3311/PPch.20611,2023,True,False,False,173
VINHACA,Modelling of an EGSB treating sugarcane vinasse using first-order variable kinetics,https://pubmed.ncbi.nlm.nih.gov/22105132/,10.2166/wst.2011.768,2011,True,False,False,174
VINHACA,Kinetics of thermophilic acidogenesis of typical Brazilian sugarcane vinasse,https://www.sciencedirect.com/science/article/abs/pii/S0360544216314773,10.1016/j.energy.2016.11.093,2016,True,False,False,175
VINHACA,Biogas Production from Sugarcane Waste: Assessment on Kinetic Challenges for Process Designing,https://doi.org/10.3390/ijms16092385,10.3390/ijms16092385,2015,True,False,False,176
VINHACA,Biochemical Methane Potential: A Comparison Of Different Substrates Including Sugarcane Vinasse,https://www.even3.com.br/anais/workshop-simposio-digestao-anaerobia/1175830,,2025,True,False,False,177
VINHACA,Co-digestion of vinasse with cattle manure and glycerin for enhanced biogas production,http://www.fatecpiracicaba.edu.br/revista/index.php/bioenergiaemrevista/article/download/458/373833,,2022,True,False,False,178
VINHACA,Influence of Ensiling Time and Elephant Grass Silage Addition on Biogas Production from Sugarcane Vinasse,https://www.alice.cnptia.embrapa.br/alice/bitstream/doc/1166071/1/Influence-of-Ensiling-Time-and-Elephant-Grass...2023.pdf,,2023,True,False,False,179
VINHACA,Feasibility of biohydrogen production by co-digestion of vinasse and molasses in AnSBBR,https://www.scielo.br/j/bjce/a/yktRgQms67fgWNPfw5vwDdH/?lang=en,10.1590/0104-6632.20160333s20150060,2016,True,False,False,180
VINHACA,"CO-DIGESTÃO ANAERÓBIA DE VINHAÇA, MELAÇO E TORTA DE FILTRO",https://www.fatecguaratingueta.edu.br/mostrarji/Anais-VII-MostraRJI/artigos/publicacao_56.pdf,,2019,True,False,False,182
VINHACA,Avaliação da sustentabilidade de alternativas da utilização da vinhaça,https://www.alice.cnptia.embrapa.br/alice/bitstream/doc/1177816/1/AP-Avaliacao-sustentabilidade-2025.pdf,,2025,False,False,False,183
VINHACA,Complementaridade da matriz energética brasileira: o potencial da cana-de-açúcar e seus co-produtos,https://www.alice.cnptia.embrapa.br/alice/bitstream/doc/1036036/1/2015AA052.pdf,,2018,False,False,False,184
VINHACA,MODELAGEM E SIMULAÇÃO DA PRODUÇÃO DE BIOGÁS A PARTIR DA VINHAÇA,https://www.ibeas.org.br/conresol/conresol2019/V-041.pdf,,2019,False,False,False,185
VINHACA,Aproveitamento do Biogás a Partir da Vinhaça da Cana,https://pantheon.ufrj.br/bitstream/11422/702/3/PVCorrea.pdf,,2015,False,False,False,43
VINHACA,Produção de Biogás a Partir da Vinhaça,https://repositorio.ufpb.br/jspui/bitstream/123456789/24319/1/SSB14122021.pdf,10.3390/su14127016,2021,True,False,False,44;46
VINHACA,Obtenção de biohidrogênio usando subprodutos da cana-de-açúcar,https://prp.unicamp.br/inscricao-congresso/resumos/2024P23725A40165O5277.pdf,,2024,True,False,False,45
VINHACA,Codigestão de Vinhaça de Cana-de-Açúcar e Lodo de Esgoto para Produção de Biometano,https://pantheon.ufrj.br/bitstream/11422/23432/1/CSMoura.pdf,,2023,True,False,False,95
VINHACA,Anaerobic Digestion of Vinasse from Sugarcane Processing,http://www.baez-chem-i-consulting.com/Download%20page%20files/MethaneProductionfromVinasse.pdf,,2006,False,False,False,96
VINHACA,Anaerobic biodigestion of sugarcane vinasse under mesophilic and thermophilic conditions using manure as seed inoculum,https://www.scielo.br/j/ambiagua/a/VV4jWQVd5Mcvk4RtDJPvjSs/,10.4136/ambi-agua.1898,2016,True,False,False,97
VISCERAS,Biochemical methane potential of raw and pre-treated meat-processing wastes,https://www.sciencedirect.com/science/article/abs/pii/S0960852412017786,10.1016/j.biortech.2012.12.110,2013,True,False,False,26
VISCERAS,Complex network analysis of slaughterhouse waste anaerobic digestion: From failure to success of long-term operation,https://www.sciencedirect.com/science/article/abs/pii/S0960852422010021,10.1016/j.biortech.2022.127548,2022,True,False,False,27
VISCERAS,Potencial de produção de biogás a partir da digestão anaeróbia de efluente de abatedouro avícola,https://repositorio.ufc.br/bitstream/riufc/55024/1/2019_eve_nwsmorais.pdf,,2019,True,False,False,29
VISCERAS,Methane production from slaughterhouse animal fat waste using a pilot-scale thermophilic anaerobic digester,https://www.tandfonline.com/doi/full/10.1080/17597269.2025.2528315,10.1007/s13399-022-02745-9,2025,True,False,False,30
VISCERAS,Biogas from cattle slaughterhouse waste,https://www.sciencedirect.com/science/article/pii/S0960148116304785,10.1016/j.wasman.2015.10.013,2016,True,False,False,374
VISCERAS,Modelling methane production kinetics of complex poultry slaughterhouse wastes using sigmoidal growth functions,https://www.sciencedirect.com/science/article/pii/S0960148116310291,10.1016/j.renene.2016.11.045,2017,True,False,False,375
VISCERAS,"Biochemical Methane Potential of Swine Slaughter Waste, Swine Slurry, and Its Codigestion Effect",https://www.mdpi.com/1996-1073/14/21/7103,10.3390/en14217103,2021,True,False,False,376
VISCERAS,Co-digestion of pig slaughterhouse waste,ScienceDirect,10.1016/j.wasman.2015.03.021,2015,True,False,False,377
VISCERAS,Regulation (EC) No 1069/2009 - Animal By-Products (ABP) Regulation,https://eur-lex.europa.eu/eli/reg/2009/1069/oj,,2020,False,False,False,379
