review_status,corrected_doi,corrected_url,flags,feedstock_codes,citation,year,doi,url,peer_reviewed,source_ids,reviewer_notes
,,,MISSING_DOI;NEEDS_URL;NOT_PEER_REVIEWED,CASCA_SOJA,"Valor nutricional da casca do grão de soja, farelo de soja, milho moído e farelo de trigo para bovinos",2001,,,False,90,
,,,MISSING_DOI;NEEDS_URL;NOT_PEER_REVIEWED,FORSU,Energia de Biogás da Digestão Anaeróbia de Resíduos Sólidos Orgânicos e de Aterros Sanitários,2016,,,False,314,
,,,MISSING_DOI;NEEDS_URL;NOT_PEER_REVIEWED,FORSU,Metanização de RSU - Túneis de Metanização de Batelada Sequenciais,2016,,,False,315,
,,,MISSING_DOI;NOT_PEER_REVIEWED,BAGACO,Caracterização Química de Bagaço de Cana-de-Açúcar: Relatório Técnico,2020,,https://lnbr.cnpem.br/wp-content/uploads/2020/12/Relatorio-Tecnico-Parcial-1_Apendice-2.pdf,False,101,
,,,MISSING_DOI;NOT_PEER_REVIEWED,BAGACO,Produção de biogás a partir de bagaço de cana-de-açúcar,2021,,https://www.alice.cnptia.embrapa.br/alice/bitstream/doc/1158431/1/Producao-de-biogas-a-partir-de-bagaco.pdf,False,114,
,,,MISSING_DOI;NOT_PEER_REVIEWED,BAGACO,Anaerobic digestion of sugarcane bagasse for biogas production: Review,2022,,https://pubmed.ncbi.nlm.nih.gov/35134407/,False,128,
,,,MISSING_DOI;NOT_PEER_REVIEWED,BAGACO,Unlocking the potential of sugarcane bagasse for advanced bioenergy,2025,,https://pmc.ncbi.nlm.nih.gov/articles/PMC12170471/,False,129,
,,,MISSING_DOI;NOT_PEER_REVIEWED,BAGACO,Harnessing sugarcane bagasse for bioenergy production,2024,,https://www.sciencedirect.com/science/article/abs/pii/S2213138824004703,False,130,
,,,MISSING_DOI;NOT_PEER_REVIEWED,BAGACO,Autohydrolysis of sugarcane bagasse with water reuse,2021,,https://www.alice.cnptia.embrapa.br/alice/bitstream/doc/1164558/1/Autohydrolysis-of-sugarcane-bagasse-with-water-reuse.pdf,False,132,
,,,MISSING_DOI;NOT_PEER_REVIEWED,BAGACO,Bagaço de Cana-de-Açúcar no Brasil: Produção e Disponibilidade,2019,,https://proceedings.science/permanencia-2019/trabalhos/bagaco-de-cana-de-acucar-no-brasil-producao-e-disponibilidade-no-cenario,False,134,
,,,MISSING_DOI;NOT_PEER_REVIEWED,BAGACO,Palha e bagaço de cana-de-açúcar: Caracterização e potencial,2023,,https://lnbr.cnpem.br/biovalue/biomassas/palha-bagaco/,False,136,
,,,MISSING_DOI;NOT_PEER_REVIEWED,BAGACO,Bagaço de Cana na Alimentação e Indústria: Dados de produção,2021,,https://agroceresmultimix.com.br/blog/por-dentro-do-cocho-bagaco-de-cana-na-alimentacao-de-bovinos-de-corte/,False,137,
,,,MISSING_DOI;NOT_PEER_REVIEWED,BAGACO,Combustão do bagaço da cana-de-açúcar: Modelo energético brasileiro,2013,,https://www.alice.cnptia.embrapa.br/alice/bitstream/doc/972239/1/ResumoAgroenergia2013003.pdf,False,138,
,,,MISSING_DOI;NOT_PEER_REVIEWED,BAGACO,Caracterização de cinzas de bagaço de cana como matéria-prima cerâmica,2012,,https://abceram.org.br/wp-content/uploads/area_associado/56/PDF/01-026.pdf,False,139,
,,,MISSING_DOI;NOT_PEER_REVIEWED,BAGACO,Processamento e queima de palha de cana-de-açúcar,2020,,https://lnbr.cnpem.br/wp-content/uploads/2020/09/Cartilha-Ind%C3%BAstria.pdf,False,140,
,,,MISSING_DOI;NOT_PEER_REVIEWED,BAGACO_CITROS,Produção de biogás a partir de bagaço de laranja,,,https://www.journals.ufrpe.br/index.php/geama/article/view/2139,False,15;17;248,
,,,MISSING_DOI;NOT_PEER_REVIEWED,BAGACO_CITROS,Caracterização química do bagaço de laranja,2017,,https://pdf.blucher.com.br/chemicalengineeringproceedings/cobeq2018/PT.0079.pdf,False,249,
,,,MISSING_DOI;NOT_PEER_REVIEWED,BAGACO_CITROS,World's Largest Citrus-to-Biogas Plant - Bebedouro Facility,2025,,https://www.ldc.com/br/pt/press-releases/louis-dreyfus-company-inova-com-a-maior-planta-do-mundo-a-produzir-biogas-a-partir-de-efluentes-citricos/,False,252,
,,,MISSING_DOI;NOT_PEER_REVIEWED,CASCAS_CITROS,Avaliação da geração de biogás através da co-digestão anaeróbia de resíduos de casca de laranja e glicerol bruto,,,https://lume.ufrgs.br/handle/10183/265913,False,16,
,,,MISSING_DOI;NOT_PEER_REVIEWED,CASCAS_CITROS,A Biomassa da Laranja e seus Subprodutos,2017,,http://static.sites.sbq.org.br/rvq.sbq.org.br/pdf/TasicNoPrelo.pdf,False,58,
,,,MISSING_DOI;NOT_PEER_REVIEWED,CASCA_CAFE,Nutrient Characterization of Coffee Husk for Composting,2020,,https://journal.fanres.org/IJFANRES/article/download/8/9,False,290,
,,,MISSING_DOI;NOT_PEER_REVIEWED,CASCA_MILHO,Palha Milho e Sorgo para Produção de Biogás e Biometano,2023,,https://pt.linkedin.com/pulse/palha-milho-e-sorgo-para-produ%C3%A7%C3%A3o-de-biog%C3%A1s-biometano-celso-oliveira,False,238,
,,,MISSING_DOI;NOT_PEER_REVIEWED,CASCA_SOJA,Digestibilidade in vitro e degradabilidade in situ da casca de soja,2004,,https://pdfs.semanticscholar.org/4cf5/b661732bd24ed640c217e19e907c6b5b8881.pdf,False,88,
,,,MISSING_DOI;NOT_PEER_REVIEWED,DEJETOS_AVES,Biogas production from poultry manure: experimental and practical aspects,2015,,https://fada.birzeit.edu/bitstream/20.500.11889/1669/1/thesis_28072015_111212.pdf,False,33,
,,,MISSING_DOI;NOT_PEER_REVIEWED,DEJETOS_BOVINO,Dairy Manure Nutrient Content and Forms,2009,,https://manuremanagement.ucdavis.edu/files/134369.pdf,False,35,
,,,MISSING_DOI;NOT_PEER_REVIEWED,DEJETOS_SUINO,Manejo de dejetos em suinocultura,2008,,https://acrismat.com.br/storage/docs/25112009065720Jorge%20de%20Lucas.pdf,False,38,
,,,MISSING_DOI;NOT_PEER_REVIEWED,DEJETOS_SUINO,Manual de Manejo e Utilização dos Dejetos de Suínos,2000,,https://www.infoteca.cnptia.embrapa.br/bitstream/doc/434003/1/publicacaodoc27.pdf,False,54,
,,,MISSING_DOI;NOT_PEER_REVIEWED,DEJETOS_SUINO,Metodologias estimativa biogás - efluentes suínos e bovinos,2018,,https://www.alice.cnptia.embrapa.br/alice/bitstream/doc/1115353/1/final9089.pdf,False,201,
,,,MISSING_DOI;NOT_PEER_REVIEWED,DEJETOS_SUINO,Atlas do Biogás Brasil - Potencial suinocultura,2020,,https://cibiogas.org/publicacoes,False,202,
,,,MISSING_DOI;NOT_PEER_REVIEWED,DEJETOS_SUINO,CH4 Emissions from Livestock and Manure Management,2006,,https://www.ipcc-nggip.iges.or.jp/public/2006gl/vol4.html,False,213,
,,,MISSING_DOI;NOT_PEER_REVIEWED,DEJETOS_SUINO,Manual para Criadores de Suínos e Panorama do Biogás (Caso Entre Rios do Oeste),2022,,https://cibiogas.org/blog/manualpara-criadores-de-suinos-suinocultura-e-biogas-beneficios-e-desafios/,False,256,
,,,MISSING_DOI;NOT_PEER_REVIEWED,GORDURA,Considerações técnicas sobre o uso de carcaças de animais mortos não abatidos em processos de digestão anaeróbia,2020,,https://www.infoteca.cnptia.embrapa.br/infoteca/handle/doc/1130673,False,78,
,,,MISSING_DOI;NOT_PEER_REVIEWED,LODO_PRIMARIO,Improving Bioenergy Recovery from Anaerobic Digestion of Sewage Sludge,2024,,https://onlinelibrary.wiley.com/doi/10.1002/9783527825394.ch11,False,258,
,,,MISSING_DOI;NOT_PEER_REVIEWED,LODO_PRIMARIO,Tratamento anaeróbio resíduos orgânicos baixa concentração sólidos,2004,,https://www.scielo.br/j/esa/a/nfjwG3JLpPKnLDf6RY3cLZz/,False,266,
,,,MISSING_DOI;NOT_PEER_REVIEWED,LODO_PRIMARIO,Viabilidade econômica tratamento esgoto + biogás,2025,,https://ojs.observatoriolatinoamericano.com/ojs/index.php/olel/article/download/5960/3815/13951,False,267,
,,,MISSING_DOI;NOT_PEER_REVIEWED,LODO_PRIMARIO,Biometano em São Paulo: Potencial e Medidas,2025,,https://abiogas.org.br/wp-content/uploads/2025/06/O-Biometano-em-Sao-Paulo_Potencial.pdf,False,268,
,,,MISSING_DOI;NOT_PEER_REVIEWED,LODO_PRIMARIO|LODO_SECUNDARIO,Sustainable biogas production in municipal wastewater treatment plants,2015,,https://task37.ieabioenergy.com/,False,330;342,
,,,MISSING_DOI;NEEDS_URL,LODO_SECUNDARIO,Avaliação do processo de digestão anaeróbia da ETE Arrudas-MG,2009,,,True,344,
,,,MISSING_DOI;NOT_PEER_REVIEWED,LODO_SECUNDARIO,Co-digestão anaeróbia de resíduos de hortifrutigranjeiros e lodo ativado de estação de tratamento de efluentes,2019,,http://www.repositorio.jesuita.org.br/handle/UNISINOS/,False,345,
,,,MISSING_DOI;NOT_PEER_REVIEWED,LODO_SECUNDARIO,SABESP biometano principais estações esgoto,2024,,https://www.abrema.org.br/2024/04/29/sabesp-vai-gerar-biometano/,False,279,
,,,MISSING_DOI;NOT_PEER_REVIEWED,MUCILAGEM_CAFE,"Caracterização físico-química, bioquímica e energética da água residuária do café processado por via úmida",,,https://seer.ufu.br/index.php/biosciencejournal/article/download/7129/5123/31134,False,14,
,,,MISSING_DOI;NOT_PEER_REVIEWED,MUCILAGEM_CAFE,Waste-to-energy: Biogas potential from coffee processing wastewater,2023,,https://www.sciencedirect.com/science/article/abs/pii/S0360544223009982,False,297,
,,,MISSING_DOI;NOT_PEER_REVIEWED,MUCILAGEM_CAFE,Coffee Effluent Treatment and Biogas Recovery Systems,2025,,https://www.kenyacoffeeschool.com/,False,298,
,,,MISSING_DOI;NOT_PEER_REVIEWED,MUCILAGEM_CAFE,Life Cycle Assessment and Carbon Footprint of Coffee Waste Valorization in Brazil,2023,,https://papers.ssrn.com/sol3/,False,300,
,,,MISSING_DOI;NOT_PEER_REVIEWED,PALHA,Sugarcane Straw Hemicellulose Extraction by Hydrothermal Processing,2025,,https://pmc.ncbi.nlm.nih.gov/articles/PMC11945048/,False,146,
,,,MISSING_DOI;NOT_PEER_REVIEWED,PALHA,Physicochemical and thermal characteristics of sugarcane straw and bagasse,2018,,http://mtc-m21c.sid.inpe.br/col/sid.inpe.br/mtc-m21c/2018/09.06.16.48/doc/canettiere_physicochemical.pdf,False,148,
,,,MISSING_DOI;NOT_PEER_REVIEWED,PALHA,BioValue: Sugarcane Straw and Bagasse Assessment,2020,,https://lnbr.cnpem.br/biovalue/biomasses/sugarcane-straw-bagasse/,False,150,
,,,MISSING_DOI;NOT_PEER_REVIEWED,PALHA,Advancements of agriculture 4.0 in mechanized sugarcane harvesting: a review,2024,,https://www.scielo.br/j/cr/a/dpjnMyWPrn5nh3BX9ZKxvTC/,False,151,
,,,MISSING_DOI;NOT_PEER_REVIEWED,PALHA,Sugarcane Straw Processing and Burning,2020,,https://lnbr.cnpem.br/wp-content/uploads/2020/07/1.Straw-Processing-and-Burning.pdf,False,152,
,,,MISSING_DOI;NOT_PEER_REVIEWED,PALHA,Guidelines for Sugarcane Straw Removal in Brazil,2020,,https://lnbr.cnpem.br/wp-content/uploads/2020/07/3Guidelines-Straw-Removal.pdf,False,153,
,,,MISSING_DOI;NOT_PEER_REVIEWED,PALHA,Anaerobic hydrolysis during digestion of complex substrates,2008,,https://edepot.wur.nl/198997,False,158,
,,,MISSING_DOI;NOT_PEER_REVIEWED,PALHA,Biomass Recalcitrance and Its Impacts on Anaerobic Digestion,2019,,https://pmc.ncbi.nlm.nih.gov/articles/PMC6694284/,False,159,
,,,MISSING_DOI;NOT_PEER_REVIEWED,PALHA,A Detailed Database of the Chemical Properties and Methane Potential of Agricultural Residues,2023,,https://pdfs.semanticscholar.org/7db4/f1330e4ad1a5fe147448c28a98dede996d8d.pdf,False,164,
,,,MISSING_DOI;NOT_PEER_REVIEWED,PALHA,Rice straw and sugarcane bagasse degradation mimicking lignocellulose decay in nature,2012,,https://www.scienceasia.org/2012.38.n4/scias38_364.pdf,False,165,
,,,MISSING_DOI;NOT_PEER_REVIEWED,PALHA,Biochar de Palha de Cana-de-Açúcar: Caracterização e Aplicação,2018,,http://static.sites.sbq.org.br/rvq.sbq.org.br/pdf/PirsNoPrelo.pdf,False,73,
,,,MISSING_DOI;NOT_PEER_REVIEWED,PALHA,Potencial de Biogás e Biometano da Palha de Cana-de-açúcar,2025,,https://ojs.revistadelos.com/ojs/index.php/delos/article/download/7710/4131,False,74,
,,,MISSING_DOI;NOT_PEER_REVIEWED,PALHA_MILHO,Market mapping of the main raw materials for biogas production in Brazil,2025,,https://abiogas.org.br/publicacoes,False,234,
,,,MISSING_DOI;NOT_PEER_REVIEWED,PALHA_SOJA,Avaliação da palhada da soja como matéria prima para a produção de etanol combustível auxiliado por tratamentos químicos,2018,,https://www.unirv.edu.br/conteudos/fckfiles/files/AVALIAÇÃO%20DA%20PALHADA%20DA%20SOJA.pdf,False,94,
,,,MISSING_DOI;NOT_PEER_REVIEWED,POLPA_CAFE,Caracterização e pré-tratamento da polpa de café,2011,,http://www.sapc.embrapa.br/arquivos/consorcio/spcb_anais/simposio7/330.pdf,False,293,
,,,MISSING_DOI;NOT_PEER_REVIEWED,SABUGO,CARACTERIZAÇÃO DO SABUGO DE MILHO E COMPOSIÇÃO DO BIO-ÓLEO PRODUZIDO NO PROCESSO DE PIRÓLISE RÁPIDA,2019,,https://proceedings.science/enemp/enemp-2019/trabalhos/caracterizacao-do-sabugo-de-milho-e-composicao-do-bio-oleo-produzido-no-p,False,227,
,,,MISSING_DOI;NOT_PEER_REVIEWED,SANGUE,Biodigestão anaeróbia de resíduos de abatedouros,2016,,https://periodicos.uniarp.edu.br/index.php/ignis/article/download/729/513/,False,23,
,,,MISSING_DOI;NOT_PEER_REVIEWED,TORTA_FILTRO,"Torta de Filtro, Resíduo da Indústria Sucroalcooleira: Caracterização Físico-Química e Potencial de Valorização",2024,,http://static.sites.sbq.org.br/rvq.sbq.org.br/pdf/BernardinoNoPrelo.pdf,False,103,
,,,MISSING_DOI;NOT_PEER_REVIEWED,TORTA_FILTRO,Caracterização Química de Torta de Filtro: Bagaço e Resíduos de Processamento da Cana-de-Açúcar,2024,,https://lnbr.cnpem.br/,False,104,
,,,MISSING_DOI;NOT_PEER_REVIEWED,TORTA_FILTRO,"Estudo de Produção e Uso do Biogás de Vinhaça: Usina Bonfim, Guariba-SP (Project P173)",2015,,https://www.arsesp.sp.gov.br/RegistroTecnicoProjetos/comgas/Projeto-173-COMGAS.pdf,False,190,
,,,MISSING_DOI;NOT_PEER_REVIEWED,TORTA_FILTRO,Caracterização físico-química da torta de filtro para aproveitamento agrícola,2017,,http://intellectoarticles.com.br/,False,195,
,,,MISSING_DOI;NOT_PEER_REVIEWED,TORTA_FILTRO,Biogás no Brasil: Potencial do Setor Sucroenergético,2018,,https://www.embrapa.br/busca-de-publicacoes,False,196,
,,,MISSING_DOI;NOT_PEER_REVIEWED,TORTA_FILTRO,Design proposal of an industrial biodigester of filter-cake for electrical energy generation,2021,,http://scielo.sld.cu/scielo.php?pid=S2218-36202021000500074&script=sci_abstract,False,198,
,,,MISSING_DOI;NOT_PEER_REVIEWED,VINHACA,Aproveitamento do Biogás a Partir da Vinhaça da Cana-de-Açúcar,2015,,https://pantheon.ufrj.br/bitstream/11422/702/3/PVCorrea.pdf,False,171,
,,,MISSING_DOI;NOT_PEER_REVIEWED,VINHACA,Avaliação da sustentabilidade de alternativas da utilização da vinhaça,2025,,https://www.alice.cnptia.embrapa.br/alice/bitstream/doc/1177816/1/AP-Avaliacao-sustentabilidade-2025.pdf,False,183,
,,,MISSING_DOI;NOT_PEER_REVIEWED,VINHACA,Complementaridade da matriz energética brasileira: o potencial da cana-de-açúcar e seus co-produtos,2018,,https://www.alice.cnptia.embrapa.br/alice/bitstream/doc/1036036/1/2015AA052.pdf,False,184,
,,,MISSING_DOI;NOT_PEER_REVIEWED,VINHACA,MODELAGEM E SIMULAÇÃO DA PRODUÇÃO DE BIOGÁS A PARTIR DA VINHAÇA,2019,,https://www.ibeas.org.br/conresol/conresol2019/V-041.pdf,False,185,
,,,MISSING_DOI;NOT_PEER_REVIEWED,VINHACA,Aproveitamento do Biogás a Partir da Vinhaça da Cana,2015,,https://pantheon.ufrj.br/bitstream/11422/702/3/PVCorrea.pdf,False,43,
,,,MISSING_DOI;NOT_PEER_REVIEWED,VINHACA,Anaerobic Digestion of Vinasse from Sugarcane Processing,2006,,http://www.baez-chem-i-consulting.com/Download%20page%20files/MethaneProductionfromVinasse.pdf,False,96,
,,,MISSING_DOI;NOT_PEER_REVIEWED,VISCERAS,Regulation (EC) No 1069/2009 - Animal By-Products (ABP) Regulation,2020,,https://eur-lex.europa.eu/eli/reg/2009/1069/oj,False,379,
,,,MISSING_DOI,BAGACO,Investigating Kinetic Parameters in the Anaerobic Digestion of Sugarcane Bagasse,2024,,https://jchr.org/index.php/JCHR/article/view/7124,True,113,
,,,MISSING_DOI,BAGACO,Produção de Biogás a partir de Bagaço de Cana,2020,,https://repositorio.ufu.br/bitstream/123456789/27087/1/Produ%C3%A7%C3%A3o%20Biog%C3%A1s%20Baga%C3%A7o%20.pdf,True,116,
,,,MISSING_DOI,BAGACO,Caracterização do bagaço de cana-de-açúcar: Polpa e energia,2022,,https://repositorio.usp.br/directbitstream/4c091377-1a09-4123-a501-328d7754714b/,True,135,
,,,MISSING_DOI,BAGACO,Potencial Bioquímico de Metano do Bagaço de Cana-de-açúcar,2023,,https://dspace.unila.edu.br/bitstreams/19380b44-82c1-469f-9083-bf3db9abb590/download,True,39,
,,,MISSING_DOI,BAGACO,Rice straw and sugarcane bagasse as supporting co-substrates,2025,,https://www.sciencedirect.com/science/article/pii/S2590174525001813,True,42,
,,,MISSING_DOI,BAGACO,Co-digestão Anaeróbia entre Dejeto Bovino e Bagaço de Cana-de-Açúcar Pré-tratado com NaOH,2021,,https://repositorio.utfpr.edu.br/jspui/bitstream/1/31648/1/codigestaoanaerobiadejetobagaco.pdf,True,98,
,,,MISSING_DOI,BAGACO_CITROS,Biogas Production from Citrus Wastes and Chicken Feather: Pretreatment and Co-Digestion,2012,,https://www.diva-portal.org/smash/get/diva2:877013/FULLTEXT01.pdf,True,250,
,,,MISSING_DOI,BAGACO_CITROS,Effect of limonene on batch anaerobic digestion of citrus peel waste,2016,,https://www.academia.edu/77247133/Effect_of_limonene_on_batch_anaerobic_digestion_of_citrus_peel_waste,True,253,
,,,SUSPECT_DOI_REUSE,BAGACO|CASCAS_CITROS,Strategies for the sustainable management of orange peel waste through anaerobic digestion,2018,10.1007/s41207-022-00264-z,https://www.sciencedirect.com/science/article/pii/S0301479718301464,True,20;40,
,,,SUSPECT_DOI_REUSE,BAGACO|PALHA|PALHA_MILHO|TORTA_FILTRO|VINHACA,Prospecting substrates and co-substrates for year-round biogas production in Brazilian sugarcane mills: Innovative arrangements scenarios,2026,10.1016/j.biombioe.2025.108828,https://doi.org/10.1016/j.biombioe.2025.108828,True,239;240;241;242;243,
,,,SUSPECT_DOI_REUSE,BAGACO|TORTA_FILTRO,Alkaline Pretreatment of Sugarcane Bagasse and Filter Mud Codigested to Improve Biomethane Production,2016,10.1155/2016/8650597,https://onlinelibrary.wiley.com/doi/10.1155/2016/8650597,True,117;187,
,,,MISSING_DOI,CAMA_AVIARIO,Cama de Frango como Substrato para Produção de Biogás,2016,,https://www.alice.cnptia.embrapa.br/alice/bitstream/doc/1078298/1/final8602.pdf,True,49,
,,,MISSING_DOI,CAMA_AVIARIO,Potencial bioquímico de biogás e metano de cama de frango,2025,,https://www.ibeas.org.br/conresol/conresol2025/XII-013.pdf,True,51,
,,,MISSING_DOI,CASCAS_CITROS,Geração de Biogás e Biometano Através da Digestão de Cascas de Citros,2024,,https://lume.ufrgs.br/bitstream/handle/10183/263811/001173867.pdf?sequence=1,True,57,
,,,MISSING_DOI,CASCAS_CITROS,Digestão Anaeróbia de Resíduos do Processamento da Laranja,2017,,https://repositorio.unesp.br/items/e2f26c71-8827-4569-a52f-357333ce0491,True,59,
,,,MISSING_DOI,CASCA_CAFE,Produção de Gás Metano a partir da Digestão Anaeróbia de Casca de Café,2023,,https://conbea.org.br/anais/publicacoes/conbea-2023/anais-2023/energia-na-agricultura-eag-6/3556,True,68;287,
,,,MISSING_DOI,CASCA_CAFE,Potencial Bioquímico de Biometano de Casca de Café Tratada Termoquimicamente,2022,,https://www.repositorio.unicamp.br/acervo/detalhe/1372487,True,69,
,,,MISSING_DOI,CASCA_CAFE,Obtenção de Biogás a partir da Casca de Café com Pré-tratamento Fotocatalítico,2022,,https://dspace.unila.edu.br/items/b562e4ec-3f12-460f-a4f5-b46d240543d5,True,70,
,,,MISSING_DOI,CASCA_CAFE,BIOGAS PRODUCTION BY ANAEROBIC DIGESTION OF COFFEE HUSKS AND CATTLE MANURE,2023,,https://www.scielo.br/j/eagri/a/HMtY4DxjrLXKWsSV5tLczms/,True,282,
,,,MISSING_DOI,CASCA_CAFE,Waste-to-energy: Biogas potential of waste from coffee production and consumption,2023,,https://www.sciencedirect.com/science/article/abs/pii/S0360544223009982,True,288,
,,,MISSING_DOI,CASCA_CAFE,Biogas potential assessment from coffee husk in Ethiopia,2016,,https://www.iitf.lbtu.lv/conference/proceedings2016/Papers/N270.pdf,True,289,
,,,MISSING_DOI,CASCA_EUCALIPTO,Digestores anaeróbios com lodo digerido e biomassa florestal,2011,,https://repositorio.ufjf.br/,True,82,
,,,SUSPECT_DOI_REUSE,CASCA_MILHO|PALHA_MILHO,Chemical composition of maize stover fraction versus methane yield and energy value in fermentation process,2020,10.3390/en13071634,https://doi.org/10.3390/en13071634,True,233;236,
,,,SUSPECT_DOI_REUSE,CASCA_MILHO|SABUGO,Potential biogas and methane yield of maize stover fractions and evaluation of some possible stover harvest chains,2016,10.1016/j.biosystemseng.2015.10.004,https://doi.org/10.1016/j.biosystemseng.2015.10.004,True,223;235,
,,,SUSPECT_DOI_REUSE,CASCA_MILHO|SABUGO,Compositional changes in corn cob and sheath across different maturity stages and their implications for bioenergy applications,2024,10.5281/zenodo.8635164,https://www.agronomyjournals.com/archives/2024/vol8issue7/PartA/8-6-164-335.pdf,True,228;237,
,,,MISSING_DOI,DEJETOS_BOVINO,Avaliação do pré-tratamento termoquímico de cama de aviário para produção de biogás,2015,,https://www.udesc.br/arquivos/cav/id_cpmenu/2789/DISSERTA__O_RAFAEL_FAVRETTO.pdf,True,34,
,,,MISSING_DOI,DEJETOS_SUINO,Estudo dos efeitos da temperatura e taxa de diluição na digestão anaeróbia de dejetos de suínos,2019,,https://rd.uffs.edu.br/bitstream/prefix/3111/1/HOFFMANN.pdf,True,37,
,,,MISSING_DOI,DEJETOS_SUINO,Obtenção de biogás em reator em batelada a partir da co-digestão de bagaço de cana-de-açúcar e dejetos de suinocultura,2024,,https://repositorio.usp.br/directbitstream/88fa42f2-5937-4b78-a1b5-3bb082ddc908/4136-10870-1-PB.pdf,True,254,
,,,SUSPECT_DOI_REUSE,DEJETOS_SUINO|FORSU|SORO_QUEIJO,Caracterização Físico-Química de Efluentes Líquidos de Suinocultura,2007,10.1590/1809-4430-Eng.Agric.v43n1p1-12/2023,https://www.alice.cnptia.embrapa.br/alice/bitstream/doc/868199/1/sp17245.pdf,True,52;55;60,
,,,SUSPECT_DOI_REUSE,DEJETOS_SUINO|SORO_QUEIJO,Co-digestão anaeróbia de dejetos suínos e bagaço de malte,2024,10.1016/j.biortech.2018.04.099,https://www.ibeas.org.br/conresol/conresol2024/IV-005.pdf,True,53;56,
,,,MISSING_DOI,ESTERCO_BOVINO_FRESCO,Potencial Técnico do Metano da Pecuária Bovina,2020,,https://www.epe.gov.br/pt/publicacoes-dados-abertos/publicacoes/nota-tecnica-pecuaria-bovina,True,108,
,,,MISSING_DOI,ESTERCO_BOVINO_FRESCO,Determinação do potencial bioquímico de metano de esterco bovino em sistemas brasileiros,2024,,https://www.ibeas.org.br/conresol/conresol2024/IV-005.pdf,True,109,
,,,MISSING_DOI,ESTERCO_BOVINO_FRESCO,Biogas production from different types of cow manure,2018,,https://www.sciencedirect.com/science/article/pii/S0960148124019335,True,110,
,,,MISSING_DOI,ESTERCO_BOVINO_FRESCO,Produtividade do quiabeiro adubado com esterco bovino,2014,,https://www.scielo.br/j/rbeaa/a/QDDYSLKfZjBQpXsB88BRFjK/?lang=pt,True,111,
,,,MISSING_DOI,FORSU,Co-digestão Anaeróbia de Resíduos Vegetais e Águas Residuárias,2013,,https://biblioteca.unesp.br/exlibris/bd/cathedra/20-08-2015/000845451.pdf,True,61,
,,,SUSPECT_DOI_REUSE,GORDURA|LEVEDURA,"Digestão Anaeróbia – Co-digestão de óleos, gorduras e lactosoro",2014,10.1590/S0103-84782004000600033,https://sigarra.up.pt/faup/en/pub_geral.show_file?pi_doc_id=275377,True,76;81,
,,,SUSPECT_DOI_REUSE,GORDURA|SANGUE,AD of slaughterhouse by-products (blood),2009,10.1016/j.biombioe.2009.03.004,https://orbit.dtu.dk/en/publications/anaerobic-digestion-of-slaughterhouse-by-products,True,366;369,
,,,MISSING_DOI,LEVEDURA,Potencial de produção de biogás da levedura residual do processo cervejeiro,2020,,https://repositorio.usp.br/,True,80,
,,,MISSING_DOI,LODO_PRIMARIO,Avaliação de Lodo Anaeróbio e Dejeto Bovino como Inóculo,2011,,https://repositorio.ufmg.br/server/api/core/bitstreams/5959e9b0-8604-4c5f-a2a5-53bbb4bec4d6/content,True,62,
,,,MISSING_DOI,LODO_PRIMARIO,Determinação do Potencial Bioquímico de Metano de Lodo,2024,,https://www.ibeas.org.br/conresol/conresol2024/IV-005.pdf,True,63,
,,,MISSING_DOI,LODO_PRIMARIO,Synergistic effect from anaerobic co-digestion of sewage sludge,2023,,https://www.academia.edu/129030490/,True,261,
,,,MISSING_DOI,LODO_PRIMARIO,Produção de biogás: manipueira + lodo primário,2015,,https://repositorio.ufpe.br/handle/123456789/14974,True,264,
,,,MISSING_DOI,LODO_PRIMARIO,Feasibility of co-digestion PS and WAS mixtures,2025,,https://pubmed.ncbi.nlm.nih.gov/40952402/,True,265,
,,,SUSPECT_DOI_REUSE,LODO_PRIMARIO|LODO_SECUNDARIO,Biochemical Methane Potential (BMP) Assay Method for Anaerobic Digestion Research,2019,10.3390/w11050921,https://doi.org/10.3390/w11050921,True,319;338,
,,,MISSING_DOI,LODO_SECUNDARIO,Aplicação digestão anaeróbia redução volume lodo,2015,,https://repositorio.ufsc.br/bitstream/handle/123456789/124550/272.pdf,True,278,
,,,MISSING_DOI,LODO_SECUNDARIO,Mesophilic AD of WAS: Influence of feed and operating conditions,2005,,https://www.dbt.univr.it/documenti/ArticoloRivista/allegato/allegato998719.pdf,True,280,
,,,MISSING_DOI,MUCILAGEM_CAFE,Valorização dos resíduos de café para obtenção do biogás,2021,,https://repositorio.unifal-mg.edu.br/items/c5677cc0-1edd-4e6e-90bd-d0cc1679b39e,True,285,
,,,MISSING_DOI,MUCILAGEM_CAFE,Anaerobic digestion of wastewater from coffee processing,2017,,https://seer.ufu.br/index.php/biosciencejournal/article/download/13973/12498/0,True,286,
,,,MISSING_DOI,MUCILAGEM_CAFE,Anaerobic Co-Digestion of Coffee By-Products for Circular Bioeconomy,2024,,https://papers.ssrn.com/sol3/papers.cfm?abstract_id=5071764,True,296,
,,,MISSING_DOI,MUCILAGEM_CAFE,Anaerobic co-digestion of coffee wastewater with dairy whey,2021,,https://link.springer.com/journal/12155,True,299,
,,,MISSING_DOI,PALHA,Potencial Bioquímico de Metano do Bagaço e Palha de Cana-de-Açúcar em Digestão Anaeróbia,2023,,https://dspace.unila.edu.br/bitstreams/19380b44-82c1-469f-9083-bf3db9abb590/download,True,105,
,,,MISSING_DOI,PALHA,Systematic evaluation of trash vs bagasse with alkaline pretreatment,2021,,https://www.sciencedirect.com/science/article/pii/S0960852420314115,True,144,
,,,MISSING_DOI,PALHA,Treatment of Cattle Manure by Anaerobic Co-Digestion with Food Waste and Pig Manure,2020,,https://pmc.ncbi.nlm.nih.gov/articles/PMC7370025/,True,156,
,,,MISSING_DOI,PALHA,Mesophilic and Thermophilic Anaerobic Digestion of Wheat Straw in CSTR,2022,,https://pmc.ncbi.nlm.nih.gov/articles/PMC8772805/,True,161,
,,,MISSING_DOI,PALHA,Kinetics simulations for thermophilic biogas production using Modified Gompertz model,2023,,https://ijsra.net/sites/default/files/IJSRA-2023-0661.pdf,True,163,
,,,MISSING_DOI,PALHA,Estudo da co-digestão anaeróbia de biomassa vegetal e dejeto bovino,2024,,https://ainfo.cnptia.embrapa.br/digital/bitstream/doc/1168831/1/,True,75,
,,,SUSPECT_DOI_REUSE,PALHA|TORTA_FILTRO,Pre-treatment of filter cake for anaerobic digestion in sugarcane biorefineries: Assessment of batch versus semi-continuous experiments,2019,10.1016/j.renene.2019.05.029,https://www.sciencedirect.com/science/article/pii/S0960148119307451,True,102;107,
,,,SUSPECT_DOI_REUSE,PALHA|TORTA_FILTRO,Anaerobic Codigestion of Sugarcane Press Mud with Food Waste,2018,10.1155/2018/9351848,https://doi.org/10.1155/2018/9351848,True,155;191,
,,,SUSPECT_DOI_REUSE,PALHA|VINHACA,Biochemical Methane Potential (BMP) from sugarcane trash and filter cake co-digestion with vinasse,2021,10.1101/2021.02.19.432018,https://www.biorxiv.org/content/10.1101/2021.02.19.432018v1,True,145;181,
,,,MISSING_DOI,POLPA_CAFE,Optimized conditions for methane production through co-digestion of coffee and beer wastes,2023,,https://www.sciencedirect.com/science/article/abs/pii/S2213343723019899,True,283,
,,,MISSING_DOI,POLPA_CAFE,Towards a circular bioeconomy to produce methane by co-digestion of coffee wastes,2024,,https://pubmed.ncbi.nlm.nih.gov/38636915/,True,284,
,,,MISSING_DOI,POLPA_CAFE,Anaerobic co-digestion of solid waste from coffee benefit,2022,,http://scielo.sld.cu/pdf/caz/v49n2/2223-4861-caz-49-02-60.pdf,True,292,
,,,MISSING_DOI,POLPA_CAFE,Methane Production from Coffee Pulp by Microorganism of Rumen Fluid,2017,,https://www.aidic.it/cet/17/56/245.pdf,True,294,
,,,MISSING_DOI,POLPA_CAFE,Anaerobic co-digestion of coffee pulp with food waste,2021,,https://scholarspace.manoa.hawaii.edu/,True,295,
,,,SUSPECT_DOI_REUSE,POLPA_CAFE|SORO_QUEIJO,Biogas production from coffee pulp juice: One- and two-phase systems,2016,10.1016/j.renene.2018.04.016,https://www.academia.edu/26385939/Biogas_production_from_coffee_pulp_juice_One_and_two_phase_systems,True,66;86,
,,,SUSPECT_DOI_REUSE,POLPA_CAFE|VINHACA,Anaerobic digestion of vinasse from sugarcane ethanol production in Brazil: Challenges and perspectives,2015,10.1590/18069657rbcs20170405,https://www.sciencedirect.com/science/article/pii/S1364032114008326,True,1;12,
,,,SUSPECT_DOI_REUSE,SANGUE|VISCERAS,Biowastes of slaughterhouses and wet markets: an overview on management practices and biogas production,2021,10.1007/s11356-021-16288-2,https://pmc.ncbi.nlm.nih.gov/articles/PMC8477996/,True,24;28,
,,,SUSPECT_DOI_REUSE,SANGUE|VISCERAS,Effects of Substrate to Inoculum Ratio on the Biochemical Methane Potential of Piggery Slaughterhouse Wastes,2014,10.5713/ajas.2013.13537,https://pmc.ncbi.nlm.nih.gov/articles/PMC4093537/,True,363;378,
,,,MISSING_DOI,TORTA_FILTRO,Co-digestão de vinhaça com torta de filtro para produção de biogás,2020,,https://www.conbea.org.br/anais/publicacoes/conbea-2020/,True,193,
,,,MISSING_DOI,TORTA_FILTRO,Codigestão Anaeróbia de Melaço e Torta de Filtro de Cana-de-açúcar,2024,,https://repositorio.unesp.br/items/b7cbb846-f3e2-4d29-9db7-bced8a35a3ab,True,47,
,,,MISSING_DOI,TORTA_FILTRO,Co-digestion studies with filter cake and vinasse,2024,,https://prp.unicamp.br/inscricao-congresso/resumos/2024P23725A40165O5277.pdf,True,48,
,,,MISSING_DOI,VINHACA,Evaluation of the Production of Methane from the Vinasse of Rum by Anaerobic Digestion,2018,,https://www.ajer.org/papers/Vol-7-issue-6/T0706160169.pdf,True,170,
,,,MISSING_DOI,VINHACA,Kinetic Model of Biogas Yield Production from Vinasse at Different pH Using Modified Gompertz Equation,2023,,https://maxwellsci.com/msproof.php?doi=rjaset.7.602,True,172,
,,,MISSING_DOI,VINHACA,Biochemical Methane Potential: A Comparison Of Different Substrates Including Sugarcane Vinasse,2025,,https://www.even3.com.br/anais/workshop-simposio-digestao-anaerobia/1175830,True,177,
,,,MISSING_DOI,VINHACA,Co-digestion of vinasse with cattle manure and glycerin for enhanced biogas production,2022,,http://www.fatecpiracicaba.edu.br/revista/index.php/bioenergiaemrevista/article/download/458/373833,True,178,
,,,MISSING_DOI,VINHACA,Influence of Ensiling Time and Elephant Grass Silage Addition on Biogas Production from Sugarcane Vinasse,2023,,https://www.alice.cnptia.embrapa.br/alice/bitstream/doc/1166071/1/Influence-of-Ensiling-Time-and-Elephant-Grass...2023.pdf,True,179,
,,,MISSING_DOI,VINHACA,"CO-DIGESTÃO ANAERÓBIA DE VINHAÇA, MELAÇO E TORTA DE FILTRO",2019,,https://www.fatecguaratingueta.edu.br/mostrarji/Anais-VII-MostraRJI/artigos/publicacao_56.pdf,True,182,
,,,MISSING_DOI,VINHACA,Obtenção de biohidrogênio usando subprodutos da cana-de-açúcar,2024,,https://prp.unicamp.br/inscricao-congresso/resumos/2024P23725A40165O5277.pdf,True,45,
,,,MISSING_DOI,VINHACA,Codigestão de Vinhaça de Cana-de-Açúcar e Lodo de Esgoto para Produção de Biometano,2023,,https://pantheon.ufrj.br/bitstream/11422/23432/1/CSMoura.pdf,True,95,
,,,MISSING_DOI,VISCERAS,Potencial de produção de biogás a partir da digestão anaeróbia de efluente de abatedouro avícola,2019,,https://repositorio.ufc.br/bitstream/riufc/55024/1/2019_eve_nwsmorais.pdf,True,29,
,,,,BAGACO,Optimization of chemical solution concentration and exposure time in alkaline pretreatment of sugarcane bagasse for methane production,2023,10.1080/09593330.2022.2046645,https://doi.org/10.1080/09593330.2022.2046645,True,112,
,,,,BAGACO,Anaerobic mono-digestion of sugarcane trash and bagasse with and without pretreatment,2021,10.1016/j.biortech.2021.125263,https://www.sciencedirect.com/science/article/pii/S0926669021004763,True,115,
,,,,BAGACO,Hydrothermal Pretreatment as a Strategy for the Valorization of Sugarcane Bagasse,2022,10.1590/1678-4324-2022210116,https://www.scielo.br/j/babt/a/t6f7cRhCns3XKnY85YY9XgJ/?lang=en,True,118,
,,,,BAGACO,"A systematic evaluation of biomethane production from sugarcane trash pretreated by liquid hot water, dilute acid and potassium hydroxide",2021,10.1016/j.biortech.2020.124115,https://www.sciencedirect.com/science/article/abs/pii/S0960852420314115,True,119,
,,,,BAGACO,Improved Monitoring of Semi-Continuous Anaerobic Digestion of Sugarcane Waste: Effects of Increasing OLR on Methanogenic Community Dynamics,2015,10.3390/ijms161023576,https://pmc.ncbi.nlm.nih.gov/articles/PMC4632694/,True,120,
,,,,BAGACO,Kinetic study of the enzymatic hydrolysis of sugarcane bagasse,2013,10.1590/S0104-66322013000400003,https://www.scielo.br/j/bjce/a/dYMPGyrt3F8hJ3TPPrTZPHK/?lang=en,True,121,
,,,,BAGACO,Press mud and bagasse from sugar mill: Cumulative effect of anaerobic co-digestion integrated with pre-treatment on overall performance,2022,10.1016/j.biombioe.2022.106555,https://www.sciencedirect.com/science/article/abs/pii/S0961953422002872,True,122,
,,,,BAGACO,Effect of temperature and bagasse addition on anaerobic digestion: Kinetic modeling comparison,2024,10.1016/j.fuel.2022.123517,https://www.sciencedirect.com/science/article/abs/pii/S0016236123023517,True,123,
,,,,BAGACO,Biogas production from solid residues generated in ethanol production,2024,10.1590/1807-1929/agriambi.v28n10e279371,https://www.scielo.br/j/rbeaa/a/Fr4PtJxb5psRPVVJfC6SXHn/?lang=en,True,124,
,,,,BAGACO,A review of biogas production from sugarcane vinasse,2019,10.1016/j.biombioe.2019.03.034,https://www.sciencedirect.com/science/article/abs/pii/S0961953419300431,True,125,
,,,,BAGACO,Year-round biogas production in sugarcane biorefineries: Process stability and optimization,2018,10.1016/j.enconman.2018.04.049,https://www.sciencedirect.com/science/article/abs/pii/S0196890418304497,True,126,
,,,,BAGACO,Thermodynamics of volatile fatty acid degradation during anaerobic digestion,2022,10.1016/j.watres.2022.118166,https://www.sciencedirect.com/science/article/abs/pii/S0043135422001506,True,127,
,,,,BAGACO,Extraction of Cellulose from Sugarcane Bagasse: Optimization and Characterization,2022,10.1155/2022/1712207,https://onlinelibrary.wiley.com/doi/10.1155/2022/1712207,True,131,
,,,,BAGACO,Potencial e Disponibilidade de Biomassa de Cana-de-Açúcar na Região Centro-Sul,2017,10.1590/1234-56781806-94790550301,https://www.scielo.br/j/resr/a/CGKwfM3km7Mx49H7Xd9btQj/?format=pdf&lang=pt,True,133,
,,,,BAGACO,The role of inoculum origin on the methane yield from lignocellulosic feedstocks,2017,10.1016/j.biortech.2017.06.173,https://www.sciencedirect.com/science/article/abs/pii/S0960852417310465,True,141,
,,,,BAGACO,The use of thermochemical pretreatments to improve the anaerobic biodegradability and biochemical methane potential of the sugarcane bagasse,2014,10.1016/j.cej.2014.06.012,https://www.sciencedirect.com/science/article/pii/S1385894714007876,True,3,
,,,,BAGACO,Digestão Anaeróbia de Bagaço de Cana-de-açúcar com Bioaumentação,2019,10.1016/j.biortech.2022.126726,https://riut.utfpr.edu.br/jspui/bitstream/1/25465/1/digestaoanaerobiabagacocana.pdf,True,41,
,,,,BAGACO,Biodigestão anaeróbia do bagaço da cana-de-açúcar pré-tratado com hidróxido de sódio,2017,10.22256/pubvet.v11n12.1254-1262,https://ojs.pubvet.com.br/index.php/revista/article/view/1223,True,99,
,,,,BAGACO,Press mud and bagasse from sugar mill: Cumulative effect of anaerobic co-digestion integrated with pre-treatment on overall performance,2022,10.1016/j.biombioe.2022.106572,https://www.sciencedirect.com/science/article/abs/pii/S0961953422002872,True,100,
,,,,BAGACO_CITROS,Biogas Production from Citrus Waste by Membrane Bioreactor,2014,10.3390/membranes4030596,https://doi.org/10.3390/membranes4030596,True,245,
,,,,BAGACO_CITROS,Biomethanization of orange peel waste,2010,10.1016/j.biortech.2010.06.133,https://doi.org/10.1016/j.biortech.2010.06.133,True,246,
,,,,BAGACO_CITROS,Biomethanization of citrus waste: Effect of waste characteristics and of storage on treatability and evaluation of limonene degradation,2018,10.1016/j.wasman.2018.03.029,https://doi.org/10.1016/j.wasman.2018.03.029,True,247,
,,,,BAGACO_CITROS,Biogas production from solid residues generated in bioethanol production using banana biomass,2024,10.1590/1807-1929/agriambi.v29n3e282355,https://doi.org/10.1590/1807-1929/agriambi.v29n3e282355,True,251,
,,,,CAMA_AVIARIO,A comprehensive review of the effect of poultry litter composition,,10.1016/j.rser.2022.112282,https://doi.org/10.1016/j.rser.2022.112282,True,7,
,,,,CAMA_AVIARIO,Produção de biogás da cama de frango peneirada,2014,10.1590/1809-4430-Eng.Agric.v39n4p488-496/2019,http://www.sbera.org.br/2sigera/obras/t106.pdf,True,50,
,,,,CAMA_AVIARIO,Biogas production from poultry litter: Effects of ammonia,2012,10.1016/j.biortech.2012.02.044,https://doi.org/10.1016/j.biortech.2012.02.044,True,393,
,,,,CAMA_AVIARIO,Anaerobic co-digestion of poultry litter with agricultural residues,2016,10.1016/j.wasman.2016.06.023,https://doi.org/10.1016/j.wasman.2016.06.023,True,394,
,,,,CASCAS_CITROS,Citrus essential oils and their influence on the anaerobic digestion,,10.1016/j.wasman.2014.06.026,https://doi.org/10.1016/j.wasman.2014.06.026,True,4;389,
,,,,CASCAS_CITROS,A Citrus Peel Waste Biorefinery for Ethanol and Methane Production,2019,10.36783/18069657rbcs20200100,https://pmc.ncbi.nlm.nih.gov/articles/PMC6651380/,True,18,
,,,,CASCAS_CITROS,Citrus essential oils and their influence on the anaerobic digestion process,2014,10.1016/j.wasman.2014.03.001,https://www.academia.edu/8114869/,True,19,
,,,,CASCAS_CITROS,Biomethane production tests on ensiled orange peel waste,2015,10.18280/ijht.330222,https://www.iieta.org/download/file/fid/12097,True,21,
,,,,CASCAS_CITROS,Inhibition of methanogens by limonene in anaerobic digestion,2016,10.1016/j.bej.2015.12.028,https://doi.org/10.1016/j.bej.2015.12.028,True,388,
,,,,CASCAS_CITROS,Strategies for the recovery of bioactive components from citrus residues,2019,10.3390/molecules24132451,https://doi.org/10.3390/molecules24132451,True,390,
,,,,CASCA_CAFE,Produção de gás metano a partir da digestão anaeróbia de casca de café,,10.3389/fbioe.2019.00343,https://conbea.sbea.org.br/anais/publicacoes/conbea-2023/anais-2023/energia-na-agricultura-eag-6/3556-producao-de-gas-metano-a-partir-da-digestao-anaerobia-de-casca-de-cafe/file,True,13,
,,,,CASCA_CAFE,Caracterização energética e rendimento da carbonização de resíduos de café,2007,10.1590/18069657rbcs20170404,https://sbicafe.ufv.br/items/67088e2c-512e-40d0-bd2c-5ccf9094078b,True,71,
,,,,CASCA_CAFE,Caracterização de biomassa vegetal para produção de biogás,2011,10.1590/S0100-204X2023000200001,https://repositorio.ufjf.br/,True,72,
,,,,CASCA_CAFE,Anaerobic co-digestion of coffee husks and microalgal biomass,2018,10.1016/j.biortech.2017.11.054,https://pubmed.ncbi.nlm.nih.gov/29328934/,True,281,
,,,,CASCA_CAFE,Physicochemical and Structural Characterization of Coffee Husk,2025,10.1080/15440478.2025.2453489,https://www.tandfonline.com/doi/full/10.1080/15440478.2025.2453489,True,291,
,,,,CASCA_EUCALIPTO,Caracterização Energética de Biomassa Florestal,2007,10.1590/0103-8478cr20190740,https://www.ufv.br/,True,83,
,,,,CASCA_EUCALIPTO,Biogas production from eucalyptus bark: Challenges and opportunities,2016,10.1016/j.biortech.2016.04.037,https://doi.org/10.1016/j.biortech.2016.04.037,True,397,
,,,,CASCA_EUCALIPTO,Co-digestion of eucalyptus bark with organic wastes,2019,10.1016/j.biombioe.2019.05.005,https://doi.org/10.1016/j.biombioe.2019.05.005,True,398,
,,,,CASCA_SOJA,Potencial biotecnológico de casca de soja para obtenção de nanopartículas de celulose,2021,10.1016/j.biortech.2017.10.045,https://riut.utfpr.edu.br/jspui/bitstream/1/25520/1/cascasojananoparticulascelulose.pdf,True,89,
,,,,DEJETOS_AVES,Caracterização qualitativa e quantitativa dos dejetos de poedeiras comerciais alimentadas com diferentes fontes de minerais,2024,10.1590/1809-6891v25e-75660E,https://www.scielo.br/j/cab/a/bHmv53tMXKMWSNVyhgK3nkw/?lang=pt&format=pdf,True,31,
,,,,DEJETOS_AVES,Biogas production from chicken manure at different organic loading rates in a mesophilic full-scale biogas plant,2020,10.1590/1981-6723.0617,https://www.sciencedirect.com/science/article/abs/pii/S0961953420302270,True,32,
,,,,DEJETOS_AVES,Methane production from poultry manure: Ammonia inhibition,2013,10.1016/j.biortech.2013.03.130,https://doi.org/10.1016/j.biortech.2013.03.130,True,399,
,,,,DEJETOS_AVES,Co-digestion of poultry manure with crop residues,2017,10.1016/j.renene.2017.01.062,https://doi.org/10.1016/j.renene.2017.01.062,True,400,
,,,,DEJETOS_BOVINO,Characterisation of solid and liquid fractions of dairy manure with regard to their component distribution and methane production,2007,10.1016/j.biortech.2006.03.003,https://www.sciencedirect.com/science/article/abs/pii/S0960852406001908,True,36,
,,,,DEJETOS_SUINO,Assessment of biochemical methane potential of stored pig slurry,2023,10.1016/j.wasman.2023.05.007,https://doi.org/10.1016/j.wasman.2023.05.007,True,200,
,,,,DEJETOS_SUINO,Comparison on batch anaerobic digestion of five different livestock manures,,10.1016/j.biortech.2016.03.091,https://doi.org/10.1016/j.biortech.2016.03.091,True,6,
,,,,DEJETOS_SUINO,BMP prediction pig slurry - ISR and kinetic modeling,2022,10.1007/s12155-022-10401-w,https://doi.org/10.1007/s12155-022-10401-w,True,203,
,,,,DEJETOS_SUINO,Process optimization co-digestion swine manure and corn stover,2017,10.1038/s41598-017-09977-6,https://doi.org/10.1038/s41598-017-09977-6,True,204,
,,,,DEJETOS_SUINO,Mitigation ammonia inhibition anaerobic digestion - Review,2022,10.1016/j.rser.2021.111667,https://doi.org/10.1016/j.rser.2021.111667,True,205,
,,,,DEJETOS_SUINO,Anaerobic co-digestion crude glycerol and swine manure,2017,10.21577/1984-6835.20170099,http://static.sites.sbq.org.br/rvq.sbq.org.br/pdf/v9n6a16.pdf,True,206,
,,,,DEJETOS_SUINO,Co-digestion swine excreta with oat forage levels,2016,10.1590/S1806-92902016000300004,https://doi.org/10.1590/S1806-92902016000300004,True,207,
,,,,DEJETOS_SUINO,Methane yields anaerobic co-digestion animal manure,2020,10.1016/j.biortech.2020.123456,https://doi.org/10.1016/j.biortech.2020.123456,True,208,
,,,,DEJETOS_SUINO,"Effects ISR, substrate mix, inoculum source on pig manure",2013,10.1016/j.biortech.2013.08.015,https://doi.org/10.1016/j.biortech.2013.08.015,True,209,
,,,,DEJETOS_SUINO,Covered lagoon biodigesters improvements - by-products,2021,10.15208/ert.2021.119,https://ertjournal.org/index.php/pub/article/view/119,True,210,
,,,,DEJETOS_SUINO,Bio-CH4 swine manure food waste - nutrient optimization,2023,10.1016/j.wasman.2023.07.020,https://doi.org/10.1016/j.wasman.2023.07.020,True,211,
,,,,DEJETOS_SUINO,Batch co-digestion pig manure with sewage sludge,2014,10.1016/j.apenergy.2014.03.050,https://doi.org/10.1016/j.apenergy.2014.03.050,True,212,
,,,,DEJETOS_SUINO,LCA swine production Brazil - manure management systems,2014,10.1016/j.jclepro.2014.01.021,https://doi.org/10.1016/j.jclepro.2014.01.021,True,214,
,,,,DEJETOS_SUINO,Methane fermentation chicken manure - ammonia removal biogas recycle,2010,10.1016/j.biortech.2009.12.002,https://doi.org/10.1016/j.biortech.2009.12.002,True,215,
,,,,DEJETOS_SUINO,VFA analysis pig slurry using HPLC,2012,10.1080/03067319.2011.628634,https://doi.org/10.1080/03067319.2011.628634,True,216,
,,,,DEJETOS_SUINO,Swine wastewater UASB reactor and biofilter,2023,10.1016/j.biortech.2023.128456,https://doi.org/10.1016/j.biortech.2023.128456,True,217,
,,,,DEJETOS_SUINO,"Methane productivity manure, straw, solid fractions",2004,10.1016/j.biombioe.2003.08.008,https://doi.org/10.1016/j.biombioe.2003.08.008,True,218,
,,,,DEJETOS_SUINO,Effect OLR on UASB reactor stability - piggery waste,2005,10.1016/j.biortech.2004.06.023,https://doi.org/10.1016/j.biortech.2004.06.023,True,219,
,,,,DEJETOS_SUINO,Economic analysis biogas production swine manure Brazil,2018,10.1016/j.rser.2017.10.102,https://doi.org/10.1016/j.rser.2017.10.102,True,220,
,,,,DEJETOS_SUINO,Sinergias codigestão dejetos suínos resíduos agroindustriais,2016,10.1590/1807-1929/agriambi.v20n6p530-535,https://doi.org/10.1590/1807-1929/agriambi.v20n6p530-535,True,221,
,,,,DEJETOS_SUINO,Methane yields during anaerobic co-digestion of animal manure with other feedstocks: A meta-analysis,2020,10.1016/j.scitotenv.2020.138224,https://pubmed.ncbi.nlm.nih.gov/32361106/,True,255,
,,,,ESTERCO_BOVINO_FRESCO,Methane yield from cattle manure: A meta-analysis,2021,10.3389/fenrg.2021.740314,https://doi.org/10.3389/fenrg.2021.740314,True,383,
,,,,ESTERCO_BOVINO_FRESCO,Ensiling of solid cattle manure with or without corn stover for biogas production,2016,10.1016/j.wasman.2015.10.021,https://doi.org/10.1016/j.wasman.2015.10.021,True,384,
,,,,ESTERCO_BOVINO_FRESCO,A new algorithm to characterize biodegradability of biomass,2011,10.1016/j.biortech.2011.01.027,https://doi.org/10.1016/j.biortech.2011.01.027,True,385,
,,,,ESTERCO_BOVINO_FRESCO,Methane production through anaerobic digestion of various energy crops,2007,10.1016/j.agee.2006.05.007,https://doi.org/10.1016/j.agee.2006.05.007,True,386,
,,,,ESTERCO_BOVINO_FRESCO,Anaerobic co-digestion of livestock manure and food waste,2020,10.3390/ijerph17134737,https://doi.org/10.3390/ijerph17134737,True,387,
,,,,FORSU,Characterizing the variability of food waste quality,,10.1016/j.wasman.2016.01.041,https://doi.org/10.1016/j.wasman.2016.01.041,True,10,
,,,,FORSU,Characteristics of the organic fraction of municipal solid waste and methane production: A review,2016,10.1016/j.wasman.2016.05.016,https://doi.org/10.1016/j.wasman.2016.05.016,True,301,
,,,,FORSU,A comprehensive review on anaerobic digestion of organic fraction of municipal solid waste,2021,10.1016/j.rser.2020.110637,https://doi.org/10.1016/j.rser.2020.110637,True,302,
,,,,FORSU,Biomethane Production from Anaerobic Co-Digestion of Selected Organic Fraction of Municipal Solid Waste (OFMSW) with Sewage Sludge,2021,10.3390/ijerph182413048,https://doi.org/10.3390/ijerph182413048,True,303,
,,,,FORSU,Theoretical methane production generated by the co-digestion of organic fraction of municipal solid waste and biological sludge,2015,10.1016/j.btre.2014.10.005,https://doi.org/10.1016/j.btre.2014.10.005,True,304,
,,,,FORSU,Pilot-Scale Anaerobic Co-Digestion of the OFMSW: Improving Biogas Production and Startup,2018,10.3390/su10061939,https://doi.org/10.3390/su10061939,True,305,
,,,,FORSU,Composition variability of the organic fraction of municipal solid waste and effects on hydrogen and methane production potentials,2015,10.1016/j.wasman.2014.11.019,https://doi.org/10.1016/j.wasman.2014.11.019,True,306,
,,,,FORSU,Enhancement of biogas production from organic fraction of municipal solid waste using hydrothermal pretreatment,2019,10.1016/j.biteb.2019.100350,https://doi.org/10.1016/j.biteb.2019.100350,True,307,
,,,,FORSU,Enhancement of biogas production from organic fraction of municipal solid waste using acid pretreatment,2020,10.1007/s42452-020-03213-z,https://doi.org/10.1007/s42452-020-03213-z,True,308,
,,,,FORSU,Improving single- and two-stage anaerobic digestion of source separated organics by hydrothermal pretreatment,2019,10.1016/j.biortech.2018.11.087,https://doi.org/10.1016/j.biortech.2018.11.087,True,309,
,,,,FORSU,Biochemical methane potential and biodegradability of complex organic substrates,2011,10.1016/j.biortech.2010.10.035,https://doi.org/10.1016/j.biortech.2010.10.035,True,310,
,,,,FORSU,Anaerobic co-digestion of organic fraction of municipal solid waste (OFMSW): Progress and challenges,2018,10.1016/j.rser.2018.05.051,https://doi.org/10.1016/j.rser.2018.05.051,True,311,
,,,,FORSU,Evaluation of Biochemical Methane Potential and Kinetics of Organic Waste Streams for Enhanced Biogas Production,2024,10.3390/agronomy14112546,https://doi.org/10.3390/agronomy14112546,True,312,
,,,,FORSU,Assessment of the resource associated with biomethane from food waste,2013,10.1016/j.apenergy.2012.11.017,https://doi.org/10.1016/j.apenergy.2012.11.017,True,313,
,,,,GORDURA,Effect of lipid accumulation on the process performance,,10.1016/j.wasman.2012.02.020,https://doi.org/10.1016/j.wasman.2012.02.020,True,8,
,,,,GORDURA,Codigestão anaeróbia dos dejetos de bovinos leiteiros e óleo de descarte,2016,10.1016/j.rser.2021.111472,https://www.scielo.br/j/eagri/a/NjxFyrpbMtmRwBGDBYqLvfr/?lang=pt&format=pdf,True,77,
,,,,GORDURA,Waste lipids to energy: LCFA optimization,2009,10.1111/j.1751-7915.2009.00100.x,https://pmc.ncbi.nlm.nih.gov/articles/PMC3815362/,True,370,
,,,,GORDURA,Anaerobic co-digestion with glycerin,2016,10.1371/journal.pone.0153139,https://doi.org/10.1371/journal.pone.0153139,True,371,
,,,,GORDURA,Slaughterhouse fatty waste saponification,2010,10.1016/j.biortech.2009.12.040,ScienceDirect,True,372,
,,,,GORDURA,Methane potential of sterilized solid slaughterhouse wastes,2012,10.1016/j.biortech.2012.04.038,https://www.sciencedirect.com/science/article/abs/pii/S0960852412006438,True,373,
,,,,GORDURA,Anaerobic digestion of fat-rich wastes: Challenges and strategies,2019,10.1016/j.chemosphere.2019.07.037,https://doi.org/10.1016/j.chemosphere.2019.07.037,True,391,
,,,,GORDURA,Methane potential of poultry slaughterhouse wastes,2009,10.1016/j.biortech.2008.02.037,https://doi.org/10.1016/j.biortech.2008.02.037,True,392,
,,,,LEVEDURA,Análise do Potencial de Geração de Biogás de Levedura Residual da Cerveja,2023,10.1590/1809-4430-Eng.Agric.v32n6p1274-1281/2012,https://bdta.abcd.usp.br/directbitstream/f20604cf-5828-42fe-bab7-b265f21b9252/,True,79,
,,,,LEVEDURA,Evaluating biochemical methane production from brewer's spent yeast,2016,10.1007/s10295-016-1792-0,https://pubmed.ncbi.nlm.nih.gov/27276935/,True,346,
,,,,LEVEDURA,Biochemical methane potential of brewery by-products,2018,10.1007/s10098-017-1482-2,https://link.springer.com/article/10.1007/s10098-017-1482-2,True,347,
,,,,LEVEDURA,Anaerobic co-digestion of excess brewery yeast,2012,10.1016/j.biortech.2012.08.064,https://www.sciencedirect.com/science/article/abs/pii/S0960852412012436,True,348,
,,,,LEVEDURA,Biogas production from brewer's yeast using ASBR,2017,10.17113/ftb.55.02.17.5080,https://pmc.ncbi.nlm.nih.gov/articles/PMC5569344/,True,349,
,,,,LEVEDURA,Influence of a Conductive Material and Different Anaerobic Inocula on Biochemical Methane Potential of Substrates from Alcoholic Beverage Production,2020,10.1007/s12649-019-00834-3,https://link.springer.com/article/10.1007/s12649-019-00834-3,True,350,
,,,,LODO_PRIMARIO,Caracterização de Lodo de Esgoto,2011,10.1016/j.biortech.2017.03.025,https://rima.ufrrj.br/jspui/bitstream/20.500.14407/23290/1/2020%20-%20Camila%20Ferreira%20Matos.pdf,True,64,
,,,,LODO_PRIMARIO,Biochemical methane potential (BMP) of food waste and primary sludge: Influence of inoculum pre-incubation and inoculum source,2012,10.1016/j.biortech.2012.01.025,https://doi.org/10.1016/j.biortech.2012.01.025,True,316;259,
,,,,LODO_PRIMARIO,Enhanced Mesophilic Anaerobic Digestion of Primary Sewage Sludge,2021,10.3390/w13030348,https://doi.org/10.3390/w13030348,True,317,
,,,,LODO_PRIMARIO,Characteristics of Biogas Production and Synergistic Effect of Primary Sludge and Food Waste Co-Digestion,2023,10.3390/su15108295,https://doi.org/10.3390/su15108295,True,318,
,,,,LODO_PRIMARIO,Algaculture integration in conventional wastewater treatment plants: Anaerobic digestion comparison of primary and secondary sludge with microalgae biomass,2014,10.1016/j.biortech.2014.08.092,https://doi.org/10.1016/j.biortech.2014.08.092,True,320,
,,,,LODO_PRIMARIO,Synergistic effect from anaerobic co-digestion of sewage sludge and organic wastes,2017,10.1016/j.ibiod.2017.05.006,https://doi.org/10.1016/j.ibiod.2017.05.006,True,321,
,,,,LODO_PRIMARIO,Oxidation reduction potential as a parameter to regulate micro-oxygen injection into anaerobic digester for reducing hydrogen sulphide concentration in biogas,2014,10.1016/j.biortech.2014.09.052,https://doi.org/10.1016/j.biortech.2014.09.052,True,322,
,,,,LODO_PRIMARIO,Defining the biomethane potential (BMP) of solid organic wastes and energy crops: A proposed protocol for batch assays,2009,10.2166/wst.2009.040,https://doi.org/10.2166/wst.2009.040,True,323,
,,,,LODO_PRIMARIO,Urban sewage scum and primary sludge as profitable sources of biodiesel: Lipid extraction and quality of lipid-extracted sludges,2020,10.1016/j.biteb.2019.100375,https://doi.org/10.1016/j.biteb.2019.100375,True,324,
,,,,LODO_PRIMARIO,"Comparative study on hydrothermal treatment as pre- and post-treatment of anaerobic digestion of primary sludge: Focus on energy balance, resources transformation and sludge dewaterability",2019,10.1016/j.apenergy.2019.01.206,https://doi.org/10.1016/j.apenergy.2019.01.206,True,325,
,,,,LODO_PRIMARIO,Enhancing Methane Yield in Anaerobic Co-Digestion of Primary Sewage Sludge: A Comprehensive Review,2024,10.3390/waste2010002,https://doi.org/10.3390/waste2010002,True,326,
,,,,LODO_PRIMARIO,Anaerobic Digestion for Biogas Production from Municipal Sewage Sludge,2021,10.3390/w13243532,https://doi.org/10.3390/w13243532,True,327,
,,,,LODO_PRIMARIO,Enhanced anaerobic digestion of primary sludge with additives: Performance and mechanisms,2020,10.1016/j.biortech.2020.124403,https://doi.org/10.1016/j.biortech.2020.124403,True,328,
,,,,LODO_PRIMARIO,Optimization of thermal hydrolysis process for enhancing anaerobic digestion of sewage sludge,2020,10.1016/j.biortech.2020.124253,https://doi.org/10.1016/j.biortech.2020.124253,True,329,
,,,,LODO_PRIMARIO,Impact of primary treatment methods on sludge characteristics and digestibility,2023,10.1016/j.watres.2023.119769,https://doi.org/10.1016/j.watres.2023.119769,True,257,
,,,,LODO_PRIMARIO,Effect of mixed primary and secondary sludge for two-stage AD,2022,10.1016/j.biortech.2021.126186,https://doi.org/10.1016/j.biortech.2021.126186,True,260,
,,,,LODO_PRIMARIO,Anaerobic co-digestion of PS and fruit/vegetable fraction,2006,10.1016/j.renene.2005.10.002,https://doi.org/10.1016/j.renene.2005.10.002,True,262,
,,,,LODO_PRIMARIO,Anaerobic co-digestion pretreated by THP and food waste,2024,10.1080/09593330.2022.2118083,https://doi.org/10.1080/09593330.2022.2118083,True,263,
,,,,LODO_SECUNDARIO,Impact of low-thermal pretreatment on physico-chemical properties of saline waste activated sludge,2020,10.1016/j.biortech.2019.122423,https://doi.org/10.1016/j.biortech.2019.122423,True,331,
,,,,LODO_SECUNDARIO,Effect of temperature on biogas yield increase and formation of refractory COD during thermal hydrolysis of waste activated sludge,2020,10.1016/j.watres.2019.115383,https://doi.org/10.1016/j.watres.2019.115383,True,332,
,,,,LODO_SECUNDARIO,Biochemical Methane Potential Tests to Evaluate AD Enhancement by Thermal Hydrolysis Pretreatment: Mesophilic vs Thermophilic Conditions,2019,10.1007/s12155-019-10016-2,https://doi.org/10.1007/s12155-019-10016-2,True,333,
,,,,LODO_SECUNDARIO,Thermal hydrolysis of sewage sludge: Improvement in biogas generation and dewaterability,2024,10.1177/0734242X231193234,https://doi.org/10.1177/0734242X231193234,True,334,
,,,,LODO_SECUNDARIO,Efficiency of integrated electrooxidation and anaerobic digestion of waste activated sludge,2021,10.1186/s13068-021-01948-6,https://doi.org/10.1186/s13068-021-01948-6,True,335,
,,,,LODO_SECUNDARIO,Improvement of anaerobic digestion of mixed sludge using free nitrous acid and Fenton pre-treatment,2018,10.1186/s13068-018-1233-6,https://doi.org/10.1186/s13068-018-1233-6,True,336,
,,,,LODO_SECUNDARIO,Exploring the roles of and interactions among microbes in dry co-digestion of food waste and pig manure using high-throughput 16S rRNA gene amplicon sequencing,2019,10.1186/s13068-018-1344-0,https://doi.org/10.1186/s13068-018-1344-0,True,337,
,,,,LODO_SECUNDARIO,Solubilization of waste activated sludge by alkaline pretreatment and biochemical methane potential (BMP) tests for anaerobic co-digestion of municipal organic waste,2003,10.2166/wst.2003.0471,https://doi.org/10.2166/wst.2003.0471,True,339,
,,,,LODO_SECUNDARIO,Zero Valent Iron Significantly Enhances Methane Production from Waste Activated Sludge by Improving Biochemical Methane Potential Rather Than Hydrolysis Rate,2016,10.1038/srep19713,https://doi.org/10.1038/srep19713,True,340,
,,,,LODO_SECUNDARIO,Pretreatment methods to improve sludge anaerobic degradability: A review,2010,10.1016/j.jhazmat.2010.06.129,https://doi.org/10.1016/j.jhazmat.2010.06.129,True,341,
,,,,LODO_SECUNDARIO,Principles and potential of the anaerobic digestion of waste-activated sludge,2008,10.1016/j.pecs.2008.06.002,https://doi.org/10.1016/j.pecs.2008.06.002,True,343,
,,,,LODO_SECUNDARIO,Enhanced WAS digestion using submerged anaerobic dynamic membrane bioreactor,2016,10.1038/srep20111,https://doi.org/10.1038/srep20111,True,269,
,,,,LODO_SECUNDARIO,AD of sewage sludge for biogas & biohydrogen: State-of-art,2022,10.1016/j.fuel.2022.123745,https://doi.org/10.1016/j.fuel.2022.123745,True,270,
,,,,LODO_SECUNDARIO,Thermal hydrolysis: Improvement biogas & GWP prediction,2024,10.1177/0734242X231171044,https://doi.org/10.1177/0734242X231171044,True,271,
,,,,LODO_SECUNDARIO,Inhibitory impact of ammonia on THP sludge fed AD,2024,10.1002/wer.1509,https://doi.org/10.1002/wer.1509,True,272,
,,,,LODO_SECUNDARIO,Synergistic effect WAS and food waste mesophilic co-digestion,2019,10.1016/j.fuel.2019.115974,https://doi.org/10.1016/j.fuel.2019.115974,True,273,
,,,,LODO_SECUNDARIO,Anaerobic Co-Digestion with Food Waste,2022,10.3390/ijerph19179631,https://pmc.ncbi.nlm.nih.gov/articles/PMC9631406/,True,274,
,,,,LODO_SECUNDARIO,Bioenergy OFMSW and sewage sludge mesophilic co-digestion,2022,10.1016/j.renene.2021.10.066,https://doi.org/10.1016/j.renene.2021.10.066,True,275,
,,,,LODO_SECUNDARIO,Characterization and reutilization of lipids in sludges,2020,10.3390/su12083298,https://pmc.ncbi.nlm.nih.gov/articles/PMC7400647/,True,276,
,,,,LODO_SECUNDARIO,Kinetics of anaerobic treatment: A critical review,1991,10.1080/10643389109388405,https://doi.org/10.1080/10643389109388405,True,277,
,,,,PALHA,Rice straw and sugarcane bagasse as supporting co-substrates for anaerobic digestion of food waste,2024,10.1016/j.ref.2024.100581,https://www.sciencedirect.com/science/article/pii/S2590174525001813,True,106,
,,,,PALHA,Anaerobic mono-digestion of sugarcane trash and bagasse with and without pretreatment,2021,10.1016/j.wasman.2021.05.034,https://doi.org/10.1016/j.wasman.2021.05.034,True,142,
,,,,PALHA,"A systematic evaluation of biomethane production from sugarcane trash pretreated by liquid hot water, dilute acid and alkali solutions",2021,10.1016/j.biortech.2020.124453,https://doi.org/10.1016/j.biortech.2020.124453,True,143,
,,,,PALHA,Evaluation of the methane potential of different agricultural residues,2019,10.1016/j.renene.2019.04.008,https://doi.org/10.1016/j.renene.2019.04.008,True,147,
,,,,PALHA,Investigation on the Changes of Main Compositions and Biogas Production from Rice Straw,2009,10.1021/ef8007486,https://doi.org/10.1021/ef8007486,True,149,
,,,,PALHA,Agronomic and environmental implications of sugarcane straw removal: a major review,2017,10.1111/gcbb.12410,https://doi.org/10.1111/gcbb.12410,True,154,
,,,,PALHA,Anaerobic Co-digestion of Rice Straw and Pig Manure: Kinetic Modeling,2021,10.3389/fbioe.2020.579405,https://doi.org/10.3389/fbioe.2020.579405,True,157,
,,,,PALHA,Comprehensive assessment of sugarcane straw: implications for biomass and bioenergy production,2020,10.1002/bbb.1760,https://doi.org/10.1002/bbb.1760,True,160,
,,,,PALHA,Anaerobic treatment of sugarcane bagasse: An opportunity for rural biogas generation,2023,10.1016/j.scp.2023.100856,https://doi.org/10.1016/j.scp.2023.100856,True,162,
,,,,PALHA,Anaerobic Co-Digestion of Cow Manure and Sugarcane Bagasse for Biogas Production,2022,10.21608/ejchem.2022.250334,https://journals.ekb.eg/article_250334.html,True,166,
,,,,PALHA,Dynamic model of anaerobic digestion of lignocellulosic biomass,,10.1016/j.biortech.2013.08.064,https://doi.org/10.1016/j.biortech.2013.08.064,True,11,
,,,,PALHA,Optimization of semi-continuous anaerobic digestion of sugarcane straw co-digested with filter cake: effects of macronutrients supplementation on conversion kinetics,2017,10.1016/j.biortech.2017.08.084,https://doi.org/10.1016/j.biortech.2017.08.084,True,244,
,,,,PALHA_MILHO,Evaluation and modelling of methane production from corn stover pretreated with various physicochemical techniques,2022,10.1177/0734242X211038185,https://doi.org/10.1177/0734242X211038185,True,229,
,,,,PALHA_MILHO,Two-stage thermophilic anaerobic co-digestion of corn stover and cattle manure to enhance biomethane production,2019,10.1080/10934529.2018.1544802,https://doi.org/10.1080/10934529.2018.1544802,True,230,
,,,,PALHA_MILHO,"Evaluating Methane Production from Anaerobic Mono- and Co-digestion of Kitchen Waste, Corn Stover, and Chicken Manure",2013,10.1021/ef400117f,https://doi.org/10.1021/ef400117f,True,231,
,,,,PALHA_MILHO,Improving Biomethane Production and Mass Bioconversion of Corn Stover Anaerobic Digestion by Adding NaOH Pretreatment and Trace Elements,2015,10.1016/j.biortech.2015.04.067,https://doi.org/10.1016/j.biortech.2015.04.067,True,232,
,,,,PALHA_SOJA,Biogas production from lignocellulosic agricultural crop residues: A review,2018,10.1002/ep.12782,https://doi.org/10.1002/ep.12782,True,380,
,,,,PALHA_SOJA,Soybean straw nanocellulose produced by enzymatic or acid treatment,2017,10.1016/j.carbpol.2016.10.013,https://doi.org/10.1016/j.carbpol.2016.10.013,True,381,
,,,,PALHA_SOJA,Biohydrogen production from lignocellulosic materials,2012,10.1016/j.ijhydene.2012.06.107,https://doi.org/10.1016/j.ijhydene.2012.06.107,True,382,
,,,,POLPA_CAFE,Anaerobic biodegradation of coffee pulp,,10.1016/j.jenvman.2013.06.038,https://doi.org/10.1016/j.jenvman.2013.06.038,True,5,
,,,,POLPA_CAFE,Effect of chemical and biological additives on production and composition of methane from coffee pulp silage,2023,10.1038/s41598-023-39163-w,https://www.nature.com/articles/s41598-023-39163-w,True,65,
,,,,POLPA_CAFE,Prospecção tecnológica do aproveitamento dos resíduos da cafeicultura,2021,10.1590/S1516-35982009000200022,https://pantheon.ufrj.br/bitstream/11422/15468/1/LMAlmeida.pdf,True,67,
,,,,SABUGO,Maize cob waste pre-treatments to enhance biogas production through co-anaerobic digestion with OFMSW,2018,10.1016/j.wasman.2017.11.004,https://doi.org/10.1016/j.wasman.2017.11.004,True,222,
,,,,SABUGO,Corn Cob as a Potential Feedstock for Slow Pyrolysis of Biomass,2016,10.21315/jps2016.27.2.7,https://doi.org/10.21315/jps2016.27.2.7,True,224,
,,,,SABUGO,"Optimization of biogas yield from anaerobic co-digestion of corn chaff, cow dung and poultry droppings using central composite design",2021,10.1016/j.btre.2021.e00677,https://doi.org/10.1016/j.btre.2021.e00677,True,225,
,,,,SABUGO,Digestion of Corn Cobs and Cow Manure with Microwave Pretreatment,2019,10.21608/jssae.2019.43174,https://doi.org/10.21608/jssae.2019.43174,True,226,
,,,,SANGUE,Treatment of slaughterhouse blood waste using two-stage anaerobic digesters,2018,10.1016/j.biortech.2018.02.034,https://www.osti.gov/servlets/purl/1613259,True,22,
,,,,SANGUE,Biogas production from poultry slaughterhouse effluent via anaerobic processes,2021,10.1016/j.envpol.2020.116073,https://repositorio.ufc.br/bitstream/riufc/71189/1/2021_art_nwsmorais.pdf,True,25,
,,,,SANGUE,Anaerobic Digestion of Blood: A Review,2021,10.3390/en14185666,https://www.mdpi.com/1996-1073/14/18/5666,True,361,
,,,,SANGUE,Two-stage AD of slaughterhouse waste,2018,10.1016/j.renene.2018.03.076,ScienceDirect,True,362,
,,,,SANGUE,AD of solid slaughterhouse waste,2008,10.1016/j.bej.2007.11.019,ScienceDirect,True,364,
,,,,SANGUE,Feasibility of anaerobic co-digestion of poultry blood with maize residues,2010,10.1016/j.biortech.2013.06.129,https://www.sciencedirect.com/science/article/pii/S0960852413010638,True,365,
,,,,SANGUE,"Volatile fatty acids: Key metabolites for the valorization of waste biomass through membrane-based downstream processes (Capson-Tojo et al., 2020)",2021,10.1016/j.rser.2019.109487,https://www.sciencedirect.com/science/article/pii/S1364032119307476,True,367,
,,,,SANGUE,Recovery of Biogas from Livestock Blood Waste,2024,10.3390/en17235873,https://www.mdpi.com/1996-1073/17/23/5873,True,368,
,,,,SORO_QUEIJO,Anaerobic digestion of cheese whey,,10.1016/j.wasman.2017.09.026,https://doi.org/10.1016/j.wasman.2017.09.026,True,9;353,
,,,,SORO_QUEIJO,Optimisation of whey permeate anaerobic digestion at different inoculum to substrate ratios and initial pH values under mesophilic conditions,2025,10.1080/14786451.2025.2505444,https://centaur.reading.ac.uk/123302/1/GSOL_A_2505444_O.pdf,True,84,
,,,,SORO_QUEIJO,Potencial bioquímico de biogás e metano (PBB e PBM) de resíduos agroindustriais e urbanos,2024,10.1590/S1516-35982012001100007,https://www.ibeas.org.br/conresol/conresol2025/XII-013.pdf,True,85,
,,,,SORO_QUEIJO,Produção de biogás por digestão anaeróbia do soro de leite,2016,10.19084/RCA15087,https://revistas.rcaap.pt/index.php/rca/article/view/16405,True,87,
,,,,SORO_QUEIJO,Mesophilic AD of cheese whey,2024,10.1016/j.heliyon.2025.e27539,ScienceDirect/Heliyon,True,351;360,
,,,,SORO_QUEIJO,A comprehensive evaluation of cheese whey to produce biogas in the Canary Islands,2024,10.1016/j.biombioe.2023.107008,https://www.sciencedirect.com/science/article/pii/S0961953423003070,True,352,
,,,,SORO_QUEIJO,Cheese whey management: A review,2012,10.1016/j.jenvman.2012.05.018,ScienceDirect,True,354,
,,,,SORO_QUEIJO,Acidification prevention strategies in anaerobic digestion of cheese whey - COMPILATION,2024,10.1016/j.heliyon.2024.e26476,https://www.sciencedirect.com/science/article/pii/S2405844024025076,True,355,
,,,,SORO_QUEIJO,"Biotechnological Uses of Whey: A Review (Chatzipaschali & Stamatis, 2012)",2020,10.3390/en5093492,https://www.mdpi.com/1996-1073/5/9/3492,True,356,
,,,,SORO_QUEIJO,"High-load anaerobic co-digestion of cheese whey and liquid fraction of dairy manure in a one-stage UASB process (Rico et al., 2015)",2022,10.1016/j.biortech.2015.04.032,https://www.sciencedirect.com/science/article/pii/S0960852415005891,True,357,
,,,,SORO_QUEIJO,Got Whey? Sustainability Endpoints for the Dairy Industry through Resource Biorecovery,,10.3390/fermentation9100897,UNICAMP repository,True,358,
,,,,SORO_QUEIJO,Aplicações biotecnológicas do soro de queijo: produção de células íntegras com atividade lipolítica e geração de biogás,,10.11606/D.97.2019.tde-05082021-165449,https://www.teses.usp.br/teses/disponiveis/97/97139/tde-05082021-165449/,True,359,
,,,,TORTA_FILTRO,Improved methane production from sugarcane vinasse with filter cake in thermophilic UASB reactors,2017,10.1016/j.apenergy.2017.10.021,https://doi.org/10.1016/j.apenergy.2017.10.021,True,186,
,,,,TORTA_FILTRO,Anaerobic co-digestion of biogas effluent and sugarcane filter cake: mixture design optimization,2022,10.1007/s13399-021-02193-3,https://doi.org/10.1007/s13399-021-02193-3,True,188,
,,,,TORTA_FILTRO,Press mud and bagasse from sugar mill: Cumulative effect of anaerobic co-digestion with pre-treatment,2022,10.1016/j.biombioe.2022.106557,https://doi.org/10.1016/j.biombioe.2022.106557,True,189,
,,,,TORTA_FILTRO,Thermophilic two-phase anaerobic digestion using an innovative fixed-bed reactor for enhanced organic matter removal,2017,10.3389/fbioe.2017.00074,https://doi.org/10.3389/fbioe.2017.00074,True,192,
,,,,TORTA_FILTRO,"Co-digestion of filter cake, biogas effluent and anaerobic sludge: Two-stage for enhanced biohydrogen and biomethane",2024,10.1016/j.bej.2024.109149,https://doi.org/10.1016/j.bej.2024.109149,True,194,
,,,,TORTA_FILTRO,Synergistic effect of sugarcane scum as an accelerant co-substrate on biomethane production,2020,10.1016/j.biombioe.2020.105659,https://doi.org/10.1016/j.biombioe.2020.105659,True,197,
,,,,TORTA_FILTRO,Combined biogas and bioethanol production from lignocellulosic waste: Process integration and synergies,2020,10.1016/j.scitotenv.2019.135984,https://doi.org/10.1016/j.scitotenv.2019.135984,True,199,
,,,,TORTA_FILTRO,Biogas production from sugarcane waste: Assessment on kinetic challenges for process designing,2015,10.3390/ijms161020685,https://www.mdpi.com/1422-0067/16/9/20685,True,2,
,,,,VAGEM_SOJA,Influence of chemical composition on biochemical methane potential of fruit and vegetable waste,2017,10.1016/j.wasman.2017.05.030,https://www.sciencedirect.com/science/article/abs/pii/S0956053X17303574,True,91,
,,,,VAGEM_SOJA,Biogas production from agricultural residues: Composition effects,2015,10.1016/j.biombioe.2014.11.025,https://doi.org/10.1016/j.biombioe.2014.11.025,True,395,
,,,,VAGEM_SOJA,Evaluation of lignocellulosic biomass from soybean cultivation,2019,10.1016/j.renene.2018.08.048,https://doi.org/10.1016/j.renene.2018.08.048,True,396,
,,,,VINHACA,Biomethane production from vinasse in upflow anaerobic sludge blanket reactors inoculated with granular sludge,2016,10.1016/j.bjm.2016.01.002,https://www.scielo.br/j/bjm/a/jbRQ3rjyHN3F73NcWM6cdxM/?lang=en,True,167,
,,,,VINHACA,Technological strategies for managing sugarcane vinasse in biogas and biohydrogen production: Challenges and opportunities for integration,2023,10.1016/j.renene.2023.119XXX,https://www.sciencedirect.com/science/article/abs/pii/S0196890423009494,True,168,
,,,,VINHACA,Bioconversion of Sugarcane Vinasse into High-Added Value Products and Energy,2017,10.1155/2017/8986165,https://onlinelibrary.wiley.com/doi/10.1155/2017/8986165,True,169,
,,,,VINHACA,Effect of Fe Addition on Anaerobic Digestion Process in Treating Vinasse: Experimental and Kinetic Studies,2023,10.3311/PPch.20611,https://pp.bme.hu/ch/article/view/20611,True,173,
,,,,VINHACA,Modelling of an EGSB treating sugarcane vinasse using first-order variable kinetics,2011,10.2166/wst.2011.768,https://pubmed.ncbi.nlm.nih.gov/22105132/,True,174,
,,,,VINHACA,Kinetics of thermophilic acidogenesis of typical Brazilian sugarcane vinasse,2016,10.1016/j.energy.2016.11.093,https://www.sciencedirect.com/science/article/abs/pii/S0360544216314773,True,175,
,,,,VINHACA,Biogas Production from Sugarcane Waste: Assessment on Kinetic Challenges for Process Designing,2015,10.3390/ijms16092385,https://doi.org/10.3390/ijms16092385,True,176,
,,,,VINHACA,Feasibility of biohydrogen production by co-digestion of vinasse and molasses in AnSBBR,2016,10.1590/0104-6632.20160333s20150060,https://www.scielo.br/j/bjce/a/yktRgQms67fgWNPfw5vwDdH/?lang=en,True,180,
,,,,VINHACA,Produção de Biogás a Partir da Vinhaça,2021,10.3390/su14127016,https://repositorio.ufpb.br/jspui/bitstream/123456789/24319/1/SSB14122021.pdf,True,44;46,
,,,,VINHACA,Anaerobic biodigestion of sugarcane vinasse under mesophilic and thermophilic conditions using manure as seed inoculum,2016,10.4136/ambi-agua.1898,https://www.scielo.br/j/ambiagua/a/VV4jWQVd5Mcvk4RtDJPvjSs/,True,97,
,,,,VISCERAS,Biochemical methane potential of raw and pre-treated meat-processing wastes,2013,10.1016/j.biortech.2012.12.110,https://www.sciencedirect.com/science/article/abs/pii/S0960852412017786,True,26,
,,,,VISCERAS,Complex network analysis of slaughterhouse waste anaerobic digestion: From failure to success of long-term operation,2022,10.1016/j.biortech.2022.127548,https://www.sciencedirect.com/science/article/abs/pii/S0960852422010021,True,27,
,,,,VISCERAS,Methane production from slaughterhouse animal fat waste using a pilot-scale thermophilic anaerobic digester,2025,10.1007/s13399-022-02745-9,https://www.tandfonline.com/doi/full/10.1080/17597269.2025.2528315,True,30,
,,,,VISCERAS,Biogas from cattle slaughterhouse waste,2016,10.1016/j.wasman.2015.10.013,https://www.sciencedirect.com/science/article/pii/S0960148116304785,True,374,
,,,,VISCERAS,Modelling methane production kinetics of complex poultry slaughterhouse wastes using sigmoidal growth functions,2017,10.1016/j.renene.2016.11.045,https://www.sciencedirect.com/science/article/pii/S0960148116310291,True,375,
,,,,VISCERAS,"Biochemical Methane Potential of Swine Slaughter Waste, Swine Slurry, and Its Codigestion Effect",2021,10.3390/en14217103,https://www.mdpi.com/1996-1073/14/21/7103,True,376,
,,,,VISCERAS,Co-digestion of pig slaughterhouse waste,2015,10.1016/j.wasman.2015.03.021,ScienceDirect,True,377,
